--
-- PostgreSQL database dump
--


-- Dumped from database version 17.9 (Debian 17.9-1.pgdg13+1)
-- Dumped by pg_dump version 17.9 (Debian 17.9-1.pgdg13+1)

SET statement_timeout = 0;
SET lock_timeout = 0;
SET idle_in_transaction_session_timeout = 0;
SET transaction_timeout = 0;
SET client_encoding = 'UTF8';
SET standard_conforming_strings = on;
SELECT pg_catalog.set_config('search_path', '', false);
SET check_function_bodies = false;
SET xmloption = content;
SET client_min_messages = warning;
SET row_security = off;

SET default_tablespace = '';

SET default_table_access_method = heap;

--
-- Name: domain_event_logs; Type: TABLE; Schema: public; Owner: -
--

CREATE TABLE public.domain_event_logs (
    "Id" integer NOT NULL,
    "EventName" character varying(100) NOT NULL,
    "Payload" text NOT NULL,
    "QueueName" character varying(100) NOT NULL,
    "ReceivedAt" timestamp with time zone NOT NULL
);


--
-- Name: DomainEventLogs_Id_seq; Type: SEQUENCE; Schema: public; Owner: -
--

ALTER TABLE public.domain_event_logs ALTER COLUMN "Id" ADD GENERATED BY DEFAULT AS IDENTITY (
    SEQUENCE NAME public."DomainEventLogs_Id_seq"
    START WITH 1
    INCREMENT BY 1
    NO MINVALUE
    NO MAXVALUE
    CACHE 1
);


--
-- Name: workspaces; Type: TABLE; Schema: public; Owner: -
--

CREATE TABLE public.workspaces (
    "Id" integer NOT NULL,
    "Name" character varying(100) NOT NULL,
    "OwnerId" integer NOT NULL,
    "CreatedAt" timestamp with time zone NOT NULL
);


--
-- Name: Workspace_Id_seq; Type: SEQUENCE; Schema: public; Owner: -
--

ALTER TABLE public.workspaces ALTER COLUMN "Id" ADD GENERATED BY DEFAULT AS IDENTITY (
    SEQUENCE NAME public."Workspace_Id_seq"
    START WITH 1
    INCREMENT BY 1
    NO MINVALUE
    NO MAXVALUE
    CACHE 1
);


--
-- Name: __EFMigrationsHistory; Type: TABLE; Schema: public; Owner: -
--

CREATE TABLE public."__EFMigrationsHistory" (
    "MigrationId" character varying(150) NOT NULL,
    "ProductVersion" character varying(32) NOT NULL
);


--
-- Name: board_lock_queue; Type: TABLE; Schema: public; Owner: -
--

CREATE TABLE public.board_lock_queue (
    "Id" integer NOT NULL,
    "BoardId" integer NOT NULL,
    "UserId" integer NOT NULL,
    "JoinedAt" timestamp with time zone NOT NULL
);


--
-- Name: board_lock_queue_Id_seq; Type: SEQUENCE; Schema: public; Owner: -
--

ALTER TABLE public.board_lock_queue ALTER COLUMN "Id" ADD GENERATED BY DEFAULT AS IDENTITY (
    SEQUENCE NAME public."board_lock_queue_Id_seq"
    START WITH 1
    INCREMENT BY 1
    NO MINVALUE
    NO MAXVALUE
    CACHE 1
);


--
-- Name: board_locks; Type: TABLE; Schema: public; Owner: -
--

CREATE TABLE public.board_locks (
    "Id" integer NOT NULL,
    "BoardId" integer NOT NULL,
    "LockedByUserId" integer NOT NULL,
    "LockedAt" timestamp with time zone NOT NULL,
    "ExpiresAt" timestamp with time zone DEFAULT (now() + '00:00:30'::interval) NOT NULL
);


--
-- Name: board_locks_Id_seq; Type: SEQUENCE; Schema: public; Owner: -
--

ALTER TABLE public.board_locks ALTER COLUMN "Id" ADD GENERATED BY DEFAULT AS IDENTITY (
    SEQUENCE NAME public."board_locks_Id_seq"
    START WITH 1
    INCREMENT BY 1
    NO MINVALUE
    NO MAXVALUE
    CACHE 1
);


--
-- Name: board_members; Type: TABLE; Schema: public; Owner: -
--

CREATE TABLE public.board_members (
    "Id" integer NOT NULL,
    "BoardId" integer NOT NULL,
    "UserId" integer NOT NULL,
    "CreatedAt" timestamp with time zone NOT NULL
);


--
-- Name: board_members_Id_seq; Type: SEQUENCE; Schema: public; Owner: -
--

ALTER TABLE public.board_members ALTER COLUMN "Id" ADD GENERATED BY DEFAULT AS IDENTITY (
    SEQUENCE NAME public."board_members_Id_seq"
    START WITH 1
    INCREMENT BY 1
    NO MINVALUE
    NO MAXVALUE
    CACHE 1
);


--
-- Name: boards; Type: TABLE; Schema: public; Owner: -
--

CREATE TABLE public.boards (
    "Id" integer NOT NULL,
    "Name" character varying(100) NOT NULL,
    "WorkspaceId" integer NOT NULL,
    "OwnerId" integer NOT NULL,
    "CreatedAt" timestamp with time zone NOT NULL,
    "UpdatedAt" timestamp with time zone
);


--
-- Name: boards_Id_seq; Type: SEQUENCE; Schema: public; Owner: -
--

ALTER TABLE public.boards ALTER COLUMN "Id" ADD GENERATED BY DEFAULT AS IDENTITY (
    SEQUENCE NAME public."boards_Id_seq"
    START WITH 1
    INCREMENT BY 1
    NO MINVALUE
    NO MAXVALUE
    CACHE 1
);


--
-- Name: comments; Type: TABLE; Schema: public; Owner: -
--

CREATE TABLE public.comments (
    "Id" integer NOT NULL,
    "Content" text NOT NULL,
    "WorkItemId" integer NOT NULL,
    "UserId" integer NOT NULL,
    "CreatedAt" timestamp with time zone NOT NULL,
    "UpdatedAt" timestamp with time zone,
    "SubWorkItemId" integer
);


--
-- Name: comments_Id_seq; Type: SEQUENCE; Schema: public; Owner: -
--

ALTER TABLE public.comments ALTER COLUMN "Id" ADD GENERATED BY DEFAULT AS IDENTITY (
    SEQUENCE NAME public."comments_Id_seq"
    START WITH 1
    INCREMENT BY 1
    NO MINVALUE
    NO MAXVALUE
    CACHE 1
);


--
-- Name: conversation_participants; Type: TABLE; Schema: public; Owner: -
--

CREATE TABLE public.conversation_participants (
    "Id" integer NOT NULL,
    "ConversationId" integer NOT NULL,
    "UserId" integer NOT NULL,
    "JoinedAt" timestamp with time zone DEFAULT '-infinity'::timestamp with time zone NOT NULL,
    "IsMuted" boolean NOT NULL,
    "IsArchived" boolean NOT NULL,
    "LastReadAt" timestamp with time zone,
    "LastReadMessageId" integer
);


--
-- Name: conversation_participants_Id_seq; Type: SEQUENCE; Schema: public; Owner: -
--

ALTER TABLE public.conversation_participants ALTER COLUMN "Id" ADD GENERATED BY DEFAULT AS IDENTITY (
    SEQUENCE NAME public."conversation_participants_Id_seq"
    START WITH 1
    INCREMENT BY 1
    NO MINVALUE
    NO MAXVALUE
    CACHE 1
);


--
-- Name: conversations; Type: TABLE; Schema: public; Owner: -
--

CREATE TABLE public.conversations (
    "Id" integer NOT NULL,
    "CreatedAt" timestamp with time zone DEFAULT '-infinity'::timestamp with time zone NOT NULL,
    "CreatedByUserId" integer DEFAULT 0 NOT NULL,
    "Name" character varying(100),
    "Type" text DEFAULT ''::text NOT NULL
);


--
-- Name: conversations_Id_seq; Type: SEQUENCE; Schema: public; Owner: -
--

ALTER TABLE public.conversations ALTER COLUMN "Id" ADD GENERATED BY DEFAULT AS IDENTITY (
    SEQUENCE NAME public."conversations_Id_seq"
    START WITH 1
    INCREMENT BY 1
    NO MINVALUE
    NO MAXVALUE
    CACHE 1
);


--
-- Name: invitations; Type: TABLE; Schema: public; Owner: -
--

CREATE TABLE public.invitations (
    "Id" integer NOT NULL,
    "WorkspaceId" integer NOT NULL,
    "UserId" integer NOT NULL,
    "Role" text NOT NULL,
    "IsAccepted" boolean NOT NULL
);


--
-- Name: invitations_Id_seq; Type: SEQUENCE; Schema: public; Owner: -
--

ALTER TABLE public.invitations ALTER COLUMN "Id" ADD GENERATED BY DEFAULT AS IDENTITY (
    SEQUENCE NAME public."invitations_Id_seq"
    START WITH 1
    INCREMENT BY 1
    NO MINVALUE
    NO MAXVALUE
    CACHE 1
);


--
-- Name: messages; Type: TABLE; Schema: public; Owner: -
--

CREATE TABLE public.messages (
    "Id" integer NOT NULL,
    "Content" text NOT NULL,
    "SenderId" integer NOT NULL,
    "ConversationId" integer NOT NULL,
    "CreatedAt" timestamp with time zone DEFAULT '-infinity'::timestamp with time zone NOT NULL,
    "DeletedAt" timestamp with time zone,
    "EditedAt" timestamp with time zone,
    "IsDeleted" boolean DEFAULT false NOT NULL,
    "IsEdited" boolean DEFAULT false NOT NULL
);


--
-- Name: messages_Id_seq; Type: SEQUENCE; Schema: public; Owner: -
--

ALTER TABLE public.messages ALTER COLUMN "Id" ADD GENERATED BY DEFAULT AS IDENTITY (
    SEQUENCE NAME public."messages_Id_seq"
    START WITH 1
    INCREMENT BY 1
    NO MINVALUE
    NO MAXVALUE
    CACHE 1
);


--
-- Name: sprints; Type: TABLE; Schema: public; Owner: -
--

CREATE TABLE public.sprints (
    "Id" integer NOT NULL,
    "Name" character varying(100) NOT NULL,
    "BoardId" integer NOT NULL,
    "StartDate" timestamp with time zone,
    "EndDate" timestamp with time zone,
    "CreatedAt" timestamp with time zone NOT NULL,
    "UpdatedAt" timestamp with time zone
);


--
-- Name: sprints_Id_seq; Type: SEQUENCE; Schema: public; Owner: -
--

ALTER TABLE public.sprints ALTER COLUMN "Id" ADD GENERATED BY DEFAULT AS IDENTITY (
    SEQUENCE NAME public."sprints_Id_seq"
    START WITH 1
    INCREMENT BY 1
    NO MINVALUE
    NO MAXVALUE
    CACHE 1
);


--
-- Name: sub_work_items; Type: TABLE; Schema: public; Owner: -
--

CREATE TABLE public.sub_work_items (
    "Id" integer NOT NULL,
    "Name" text NOT NULL,
    "Description" text NOT NULL,
    "Status" text NOT NULL,
    "WorkItemId" integer NOT NULL,
    "UserId" integer NOT NULL,
    "CreatedAt" timestamp with time zone NOT NULL,
    "UpdatedAt" timestamp with time zone,
    "AssignedUserId" integer,
    "Priority" text DEFAULT ''::text NOT NULL
);


--
-- Name: sub_work_items_Id_seq; Type: SEQUENCE; Schema: public; Owner: -
--

ALTER TABLE public.sub_work_items ALTER COLUMN "Id" ADD GENERATED BY DEFAULT AS IDENTITY (
    SEQUENCE NAME public."sub_work_items_Id_seq"
    START WITH 1
    INCREMENT BY 1
    NO MINVALUE
    NO MAXVALUE
    CACHE 1
);


--
-- Name: users; Type: TABLE; Schema: public; Owner: -
--

CREATE TABLE public.users (
    "Id" integer NOT NULL,
    "FirstName" text NOT NULL,
    "LastName" text NOT NULL,
    "Email" text NOT NULL,
    "Password" text NOT NULL,
    "Status" text NOT NULL,
    "CreatedAt" timestamp with time zone,
    "UpdatedAt" timestamp with time zone,
    "IsOnline" boolean DEFAULT false NOT NULL,
    "LastSeenAt" timestamp with time zone
);


--
-- Name: users_Id_seq; Type: SEQUENCE; Schema: public; Owner: -
--

ALTER TABLE public.users ALTER COLUMN "Id" ADD GENERATED BY DEFAULT AS IDENTITY (
    SEQUENCE NAME public."users_Id_seq"
    START WITH 1
    INCREMENT BY 1
    NO MINVALUE
    NO MAXVALUE
    CACHE 1
);


--
-- Name: work_item_files; Type: TABLE; Schema: public; Owner: -
--

CREATE TABLE public.work_item_files (
    "Id" integer NOT NULL,
    "WorkItemId" integer NOT NULL,
    "FileName" text NOT NULL,
    "FileType" text NOT NULL,
    "FileSize" bigint NOT NULL,
    "FileUrl" text NOT NULL,
    "FileThumbnailUrl" text,
    "CreatedAt" timestamp with time zone NOT NULL,
    "SubWorkItemId" integer
);


--
-- Name: work_item_files_Id_seq; Type: SEQUENCE; Schema: public; Owner: -
--

ALTER TABLE public.work_item_files ALTER COLUMN "Id" ADD GENERATED BY DEFAULT AS IDENTITY (
    SEQUENCE NAME public."work_item_files_Id_seq"
    START WITH 1
    INCREMENT BY 1
    NO MINVALUE
    NO MAXVALUE
    CACHE 1
);


--
-- Name: work_item_lock_interests; Type: TABLE; Schema: public; Owner: -
--

CREATE TABLE public.work_item_lock_interests (
    "Id" integer NOT NULL,
    "WorkItemId" integer NOT NULL,
    "UserId" integer NOT NULL,
    "RegisteredAt" timestamp with time zone NOT NULL
);


--
-- Name: work_item_lock_interests_Id_seq; Type: SEQUENCE; Schema: public; Owner: -
--

ALTER TABLE public.work_item_lock_interests ALTER COLUMN "Id" ADD GENERATED BY DEFAULT AS IDENTITY (
    SEQUENCE NAME public."work_item_lock_interests_Id_seq"
    START WITH 1
    INCREMENT BY 1
    NO MINVALUE
    NO MAXVALUE
    CACHE 1
);


--
-- Name: work_item_locks; Type: TABLE; Schema: public; Owner: -
--

CREATE TABLE public.work_item_locks (
    "Id" integer NOT NULL,
    "WorkItemId" integer NOT NULL,
    "LockedByUserId" integer NOT NULL,
    "LockedAt" timestamp with time zone NOT NULL,
    "ExpiresAt" timestamp with time zone NOT NULL
);


--
-- Name: work_item_locks_Id_seq; Type: SEQUENCE; Schema: public; Owner: -
--

ALTER TABLE public.work_item_locks ALTER COLUMN "Id" ADD GENERATED BY DEFAULT AS IDENTITY (
    SEQUENCE NAME public."work_item_locks_Id_seq"
    START WITH 1
    INCREMENT BY 1
    NO MINVALUE
    NO MAXVALUE
    CACHE 1
);


--
-- Name: work_items; Type: TABLE; Schema: public; Owner: -
--

CREATE TABLE public.work_items (
    "Id" integer NOT NULL,
    "Name" character varying(200) NOT NULL,
    "Description" text NOT NULL,
    "Status" text NOT NULL,
    "Priority" text NOT NULL,
    "BoardId" integer NOT NULL,
    "CreatedByUserId" integer NOT NULL,
    "AssignedUserId" integer,
    "CreatedAt" timestamp with time zone NOT NULL,
    "UpdatedAt" timestamp with time zone,
    "SprintId" integer
);


--
-- Name: work_items_Id_seq; Type: SEQUENCE; Schema: public; Owner: -
--

ALTER TABLE public.work_items ALTER COLUMN "Id" ADD GENERATED BY DEFAULT AS IDENTITY (
    SEQUENCE NAME public."work_items_Id_seq"
    START WITH 1
    INCREMENT BY 1
    NO MINVALUE
    NO MAXVALUE
    CACHE 1
);


--
-- Name: workspace_members; Type: TABLE; Schema: public; Owner: -
--

CREATE TABLE public.workspace_members (
    "Id" integer NOT NULL,
    "WorkspaceId" integer NOT NULL,
    "UserId" integer NOT NULL,
    "Role" text NOT NULL,
    "CreatedAt" timestamp with time zone NOT NULL,
    "UpdatedAt" timestamp with time zone
);


--
-- Name: workspace_members_Id_seq; Type: SEQUENCE; Schema: public; Owner: -
--

ALTER TABLE public.workspace_members ALTER COLUMN "Id" ADD GENERATED BY DEFAULT AS IDENTITY (
    SEQUENCE NAME public."workspace_members_Id_seq"
    START WITH 1
    INCREMENT BY 1
    NO MINVALUE
    NO MAXVALUE
    CACHE 1
);


--
-- Data for Name: __EFMigrationsHistory; Type: TABLE DATA; Schema: public; Owner: -
--

COPY public."__EFMigrationsHistory" ("MigrationId", "ProductVersion") FROM stdin;
20260425161956_AddUsersTable	10.0.7
20260425174805_FixPendingChanges	10.0.7
20260427195404_ModelsCreated	10.0.7
20260502181554_Chat	10.0.7
20260504094108_WorkspaceController	10.0.7
20260504110844_WorkspaceFix	10.0.7
20260504115730_WorkspaceFix2	10.0.7
20260514141223_AddUserStatusAndUniqueEmail	10.0.7
20260514142558_AddUserStatusAndUniqueEmailV2	10.0.7
20260514231659_UpdateWorkspaceEntities	10.0.7
20260515003553_AddInvitations	10.0.7
20260515124332_FixUserCreatedAt	10.0.7
20260515225130_WorkspaceInvite	10.0.7
20260615150708_AddBoardAndWorkItems	10.0.7
20260615195104_AddBoardLock	10.0.7
20260615214406_AddAuditLog	10.0.7
20260615233756_RemoveAuditLog	10.0.7
20260625201710_AddBoardLockExpiryAndQueue	10.0.7
20260626013739_WorkItemLocking	10.0.7
20260626014247_ChatEntitiesUpdate	10.0.7
20260626015126_DomainEventLog	10.0.7
20260626150927_FixDomainEventLogTable	10.0.7
20260626160227_AddWorkspaceOwnerUniqueIndex	10.0.7
20260626182704_ssaass	10.0.7
20260628160335_novamigr	10.0.7
20260630205444_AddSprint	10.0.7
20260701123307_AddBoardMember	10.0.7
20260703191406_ExtendSubWorkItemFields	10.0.7
\.


--
-- Data for Name: board_lock_queue; Type: TABLE DATA; Schema: public; Owner: -
--

COPY public.board_lock_queue ("Id", "BoardId", "UserId", "JoinedAt") FROM stdin;
\.


--
-- Data for Name: board_locks; Type: TABLE DATA; Schema: public; Owner: -
--

COPY public.board_locks ("Id", "BoardId", "LockedByUserId", "LockedAt", "ExpiresAt") FROM stdin;
\.


--
-- Data for Name: board_members; Type: TABLE DATA; Schema: public; Owner: -
--

COPY public.board_members ("Id", "BoardId", "UserId", "CreatedAt") FROM stdin;
1	2	2	2026-07-01 13:50:44.950292+00
2	1	3	2026-07-01 13:53:37.576934+00
3	1	1	2026-07-02 19:20:13.493593+00
4	1	4	2026-07-02 19:20:13.704995+00
5	2	1	2026-07-02 19:20:17.124095+00
6	2	4	2026-07-02 19:20:17.135397+00
7	1	5	2026-07-03 12:35:06.444029+00
8	2	5	2026-07-03 12:35:06.472689+00
9	3	6	2026-07-09 17:06:42.068812+00
10	4	7	2026-07-09 17:06:42.566009+00
11	5	8	2026-07-09 17:06:42.877665+00
12	6	9	2026-07-09 17:06:43.0947+00
13	7	10	2026-07-09 17:09:11.854283+00
14	8	11	2026-07-09 17:09:13.180238+00
15	9	12	2026-07-09 17:09:13.613725+00
16	10	13	2026-07-09 17:09:14.155053+00
17	14	14	2026-07-09 17:09:45.297085+00
18	12	15	2026-07-09 17:09:45.29705+00
19	11	16	2026-07-09 17:09:45.29773+00
20	13	17	2026-07-09 17:09:45.297569+00
21	17	19	2026-07-09 17:10:46.434863+00
22	15	20	2026-07-09 17:10:46.434933+00
23	18	21	2026-07-09 17:10:46.435575+00
24	16	18	2026-07-09 17:10:46.43641+00
25	19	22	2026-07-09 17:11:33.156503+00
26	20	23	2026-07-09 17:11:35.362336+00
27	21	24	2026-07-09 17:11:35.36235+00
28	22	25	2026-07-09 17:11:35.406919+00
29	23	26	2026-07-09 17:11:35.42451+00
30	24	27	2026-07-09 17:11:38.817646+00
31	25	28	2026-07-09 17:11:39.131464+00
32	26	29	2026-07-09 17:11:39.467195+00
33	27	30	2026-07-09 17:23:08.702433+00
34	28	31	2026-07-09 17:23:40.362014+00
35	29	33	2026-07-09 17:23:42.28492+00
36	30	32	2026-07-09 17:23:42.292699+00
37	31	34	2026-07-09 17:23:42.298198+00
38	32	35	2026-07-09 17:23:42.353949+00
39	33	36	2026-07-09 17:23:45.155664+00
40	34	37	2026-07-09 17:23:45.416631+00
41	35	38	2026-07-09 17:23:45.690451+00
42	36	39	2026-07-09 17:32:58.380314+00
43	37	40	2026-07-09 17:33:00.549099+00
44	38	41	2026-07-09 17:33:00.583153+00
45	39	42	2026-07-09 17:33:00.606939+00
46	40	43	2026-07-09 17:33:00.701497+00
47	41	44	2026-07-09 17:33:03.779902+00
48	42	45	2026-07-09 17:33:03.994555+00
49	43	46	2026-07-09 17:33:04.292445+00
50	44	49	2026-07-11 21:27:29.321628+00
51	45	51	2026-07-11 21:27:33.202193+00
52	46	50	2026-07-11 21:27:33.202097+00
53	47	53	2026-07-11 21:27:33.362126+00
54	48	54	2026-07-11 21:27:40.839272+00
55	49	55	2026-07-11 21:27:41.207962+00
56	50	57	2026-07-11 21:27:58.826622+00
57	51	58	2026-07-11 21:28:02.0686+00
58	52	59	2026-07-11 21:28:02.090966+00
59	53	60	2026-07-11 21:28:02.117475+00
60	54	62	2026-07-11 21:28:09.545279+00
61	55	63	2026-07-11 21:28:09.768724+00
62	56	65	2026-07-11 21:29:27.888273+00
63	58	67	2026-07-11 21:29:30.762391+00
64	57	66	2026-07-11 21:29:30.768497+00
65	59	69	2026-07-11 21:29:30.886556+00
66	60	70	2026-07-11 21:29:33.991825+00
67	61	71	2026-07-11 21:29:34.268538+00
68	62	75	2026-07-11 21:41:03.639844+00
69	63	76	2026-07-11 21:41:06.470039+00
70	64	79	2026-07-11 21:41:06.489071+00
71	65	78	2026-07-11 21:41:06.513002+00
72	66	80	2026-07-11 21:41:10.277367+00
73	67	81	2026-07-11 21:41:10.628622+00
74	68	84	2026-07-12 17:33:47.703168+00
75	71	86	2026-07-12 17:34:05.286543+00
77	69	87	2026-07-12 17:34:05.286472+00
76	72	88	2026-07-12 17:34:05.287702+00
78	70	85	2026-07-12 17:34:05.288305+00
79	73	90	2026-07-12 17:34:05.309475+00
80	74	91	2026-07-12 17:34:08.17295+00
81	75	92	2026-07-12 17:34:08.528119+00
82	76	93	2026-07-12 17:34:08.817745+00
83	77	94	2026-07-12 17:34:09.655706+00
84	78	95	2026-07-12 17:34:11.060958+00
85	79	96	2026-07-12 17:34:23.408833+00
86	80	96	2026-07-12 17:34:23.438912+00
87	81	97	2026-07-12 17:34:25.832705+00
88	82	98	2026-07-12 17:34:37.931148+00
89	83	99	2026-07-12 17:34:42.690247+00
90	84	100	2026-07-12 17:35:49.229824+00
91	86	101	2026-07-12 17:35:49.869066+00
92	85	102	2026-07-12 17:35:49.870659+00
93	87	104	2026-07-12 17:35:49.896889+00
94	88	105	2026-07-12 17:35:49.924293+00
95	89	101	2026-07-12 17:35:52.889045+00
96	90	106	2026-07-12 17:35:53.193818+00
97	91	107	2026-07-12 17:35:53.245486+00
98	92	108	2026-07-12 17:35:53.390364+00
99	93	109	2026-07-12 17:35:53.430817+00
100	94	110	2026-07-12 17:35:53.466961+00
101	95	110	2026-07-12 17:35:53.511433+00
102	96	111	2026-07-12 17:35:53.871094+00
103	97	112	2026-07-12 17:35:55.943983+00
104	98	113	2026-07-12 17:35:56.04652+00
105	99	114	2026-07-12 17:35:58.20512+00
107	101	116	2026-07-12 17:37:00.323154+00
106	100	115	2026-07-12 17:37:00.323647+00
108	102	118	2026-07-12 17:37:59.502212+00
109	103	117	2026-07-12 17:37:59.503126+00
110	106	119	2026-07-12 17:38:56.81077+00
111	107	124	2026-07-12 17:38:56.810749+00
112	108	122	2026-07-12 17:38:56.812618+00
113	104	123	2026-07-12 17:38:56.810749+00
114	105	121	2026-07-12 17:38:56.819401+00
115	109	124	2026-07-12 17:39:00.010755+00
116	111	126	2026-07-12 17:39:00.472027+00
117	110	125	2026-07-12 17:39:00.472662+00
118	112	127	2026-07-12 17:39:00.519917+00
119	113	129	2026-07-12 17:39:00.835868+00
120	114	128	2026-07-12 17:39:00.842587+00
121	115	129	2026-07-12 17:39:00.878249+00
122	116	130	2026-07-12 17:39:01.453827+00
123	117	131	2026-07-12 17:39:03.061011+00
124	118	132	2026-07-12 17:39:03.64823+00
125	119	133	2026-07-12 17:39:10.438502+00
126	120	134	2026-07-12 17:39:56.766164+00
127	121	135	2026-07-12 17:39:56.765926+00
128	122	136	2026-07-12 17:41:08.711536+00
129	123	137	2026-07-12 17:42:01.156958+00
130	124	141	2026-07-12 17:42:23.854851+00
131	127	138	2026-07-12 17:42:23.858404+00
132	126	142	2026-07-12 17:42:23.858903+00
133	125	143	2026-07-12 17:42:23.858321+00
134	128	140	2026-07-12 17:42:23.859835+00
135	129	142	2026-07-12 17:42:26.381812+00
136	130	144	2026-07-12 17:42:26.441201+00
137	131	145	2026-07-12 17:42:26.848787+00
138	132	146	2026-07-12 17:42:26.93566+00
139	133	147	2026-07-12 17:42:26.969103+00
140	134	147	2026-07-12 17:42:27.002298+00
141	135	148	2026-07-12 17:42:27.092388+00
142	136	149	2026-07-12 17:42:27.276372+00
143	137	150	2026-07-12 17:42:29.087904+00
144	138	151	2026-07-12 17:42:29.526568+00
145	139	152	2026-07-12 17:42:31.255348+00
146	141	154	2026-07-12 18:09:24.255266+00
147	143	158	2026-07-12 18:09:24.257025+00
148	144	157	2026-07-12 18:09:24.256562+00
149	140	153	2026-07-12 18:09:24.258079+00
150	142	156	2026-07-12 18:09:24.255627+00
151	145	156	2026-07-12 18:09:27.7744+00
152	146	159	2026-07-12 18:09:27.979449+00
153	147	160	2026-07-12 18:09:28.235801+00
154	148	161	2026-07-12 18:09:28.440613+00
155	149	162	2026-07-12 18:09:28.544667+00
156	150	162	2026-07-12 18:09:28.643495+00
157	151	163	2026-07-12 18:09:29.120087+00
158	152	164	2026-07-12 18:09:29.895702+00
159	153	165	2026-07-12 18:09:32.070079+00
160	154	166	2026-07-12 18:09:33.334+00
161	155	167	2026-07-12 18:09:36.031075+00
162	156	168	2026-07-12 18:18:52.8745+00
163	156	169	2026-07-12 18:18:52.8745+00
164	161	170	2026-07-12 18:19:30.370363+00
165	160	174	2026-07-12 18:19:30.370583+00
166	158	172	2026-07-12 18:19:30.370498+00
167	157	171	2026-07-12 18:19:30.370211+00
168	159	173	2026-07-12 18:19:30.370261+00
169	162	176	2026-07-12 18:19:33.151933+00
170	163	174	2026-07-12 18:19:34.374231+00
171	164	177	2026-07-12 18:19:35.134441+00
172	165	178	2026-07-12 18:19:35.230405+00
173	166	179	2026-07-12 18:19:35.312278+00
174	168	179	2026-07-12 18:19:35.375853+00
175	167	180	2026-07-12 18:19:35.375853+00
176	169	181	2026-07-12 18:19:35.60201+00
177	170	182	2026-07-12 18:19:39.627447+00
178	171	183	2026-07-12 18:19:39.948007+00
179	172	184	2026-07-12 18:19:43.125757+00
180	173	185	2026-07-12 18:20:56.159145+00
181	174	186	2026-07-12 18:20:58.16736+00
182	175	187	2026-07-12 18:20:59.782298+00
183	176	189	2026-07-12 18:22:03.112058+00
184	177	190	2026-07-12 18:22:06.352543+00
185	179	192	2026-07-12 18:22:06.560537+00
186	178	191	2026-07-12 18:22:06.560777+00
187	180	193	2026-07-12 18:22:06.580109+00
188	181	194	2026-07-12 18:22:06.597901+00
189	182	191	2026-07-12 18:22:10.495395+00
190	183	196	2026-07-12 18:22:10.88921+00
191	184	197	2026-07-12 18:22:10.924335+00
192	185	198	2026-07-12 18:22:11.459082+00
193	186	199	2026-07-12 18:22:11.522192+00
194	187	199	2026-07-12 18:22:11.574171+00
195	188	200	2026-07-12 18:22:12.213767+00
196	189	201	2026-07-12 18:22:12.418696+00
197	190	202	2026-07-12 18:22:14.509809+00
198	191	203	2026-07-12 18:22:15.659422+00
199	192	204	2026-07-12 18:22:17.512582+00
200	193	205	2026-07-12 18:22:20.545799+00
201	194	206	2026-07-12 18:22:22.36827+00
202	1	208	2026-07-13 14:53:40.506817+00
203	2	208	2026-07-13 14:53:40.569838+00
204	2	3	2026-07-13 15:00:24.047247+00
205	195	209	2026-07-13 15:59:51.335932+00
206	196	210	2026-07-13 15:59:58.418073+00
207	197	211	2026-07-13 15:59:58.434654+00
208	198	213	2026-07-13 15:59:58.550829+00
209	199	215	2026-07-13 15:59:58.578319+00
210	200	214	2026-07-13 15:59:58.655761+00
211	201	211	2026-07-13 16:00:04.546159+00
212	202	216	2026-07-13 16:00:06.001959+00
213	203	217	2026-07-13 16:00:06.138896+00
214	204	216	2026-07-13 16:00:06.163694+00
215	205	218	2026-07-13 16:00:06.192449+00
216	206	219	2026-07-13 16:00:07.075225+00
217	207	220	2026-07-13 16:00:07.685149+00
218	208	221	2026-07-13 16:00:08.927337+00
219	209	222	2026-07-13 16:00:11.408074+00
220	210	223	2026-07-13 16:00:12.507781+00
221	211	224	2026-07-13 16:00:17.307666+00
222	212	225	2026-07-13 16:00:22.624047+00
223	213	226	2026-07-13 16:00:25.145577+00
224	214	228	2026-07-13 18:03:16.13886+00
225	215	229	2026-07-13 18:03:17.910834+00
226	216	230	2026-07-13 18:03:19.179858+00
228	217	236	2026-07-13 18:03:41.129716+00
227	218	232	2026-07-13 18:03:41.1299+00
229	219	233	2026-07-13 18:03:41.136365+00
230	220	235	2026-07-13 18:03:41.163062+00
231	221	237	2026-07-13 18:03:41.166771+00
232	222	233	2026-07-13 18:03:44.104785+00
233	223	238	2026-07-13 18:03:44.48793+00
234	224	239	2026-07-13 18:03:44.685361+00
235	225	241	2026-07-13 18:03:44.735728+00
236	226	240	2026-07-13 18:03:44.755728+00
237	227	240	2026-07-13 18:03:44.800777+00
238	228	242	2026-07-13 18:03:44.848339+00
239	229	243	2026-07-13 18:03:45.314374+00
240	230	244	2026-07-13 18:03:47.687616+00
241	231	245	2026-07-13 18:03:48.479264+00
242	232	246	2026-07-13 18:03:50.716485+00
243	233	247	2026-07-13 18:05:31.72593+00
244	234	249	2026-07-13 21:55:11.662195+00
245	235	250	2026-07-13 21:58:18.352047+00
246	237	252	2026-07-13 21:58:29.514502+00
247	236	251	2026-07-13 21:58:29.518261+00
248	238	253	2026-07-13 21:58:30.158098+00
249	240	254	2026-07-13 21:58:30.230998+00
250	239	255	2026-07-13 21:58:30.231049+00
251	241	251	2026-07-13 21:58:41.863692+00
252	242	257	2026-07-13 21:58:42.212073+00
253	243	258	2026-07-13 21:58:43.62346+00
254	244	259	2026-07-13 21:58:45.425319+00
255	245	260	2026-07-13 21:58:45.457358+00
256	246	260	2026-07-13 21:58:45.56009+00
257	247	261	2026-07-13 21:58:48.427425+00
258	248	262	2026-07-13 21:58:49.037116+00
259	249	263	2026-07-13 21:58:55.559716+00
260	250	264	2026-07-13 21:58:57.109421+00
261	251	265	2026-07-13 21:59:01.764604+00
262	252	266	2026-07-13 21:59:07.50912+00
263	253	267	2026-07-13 21:59:09.346636+00
\.


--
-- Data for Name: boards; Type: TABLE DATA; Schema: public; Owner: -
--

COPY public.boards ("Id", "Name", "WorkspaceId", "OwnerId", "CreatedAt", "UpdatedAt") FROM stdin;
1	Front	1	1	2026-07-01 13:48:47.103471+00	\N
2	Backend	1	1	2026-07-01 13:49:43.907568+00	\N
3	Playwright Board	2	6	2026-07-09 17:06:42.026283+00	\N
4	Playwright Board	3	7	2026-07-09 17:06:42.557119+00	\N
5	Playwright Board	4	8	2026-07-09 17:06:42.867556+00	\N
6	Playwright Board	5	9	2026-07-09 17:06:43.086485+00	\N
7	Playwright Board	6	10	2026-07-09 17:09:11.605378+00	\N
8	Playwright Board	7	11	2026-07-09 17:09:13.165801+00	\N
9	Playwright Board	8	12	2026-07-09 17:09:13.601761+00	\N
10	Playwright Board	9	13	2026-07-09 17:09:14.142619+00	\N
12	Playwright Board	10	15	2026-07-09 17:09:45.281738+00	\N
11	Playwright Board	12	16	2026-07-09 17:09:45.281738+00	\N
13	Playwright Board	13	17	2026-07-09 17:09:45.283539+00	\N
14	Playwright Board	11	14	2026-07-09 17:09:45.281716+00	\N
15	Playwright Board	14	20	2026-07-09 17:10:46.419881+00	\N
17	Playwright Board	15	19	2026-07-09 17:10:46.419885+00	\N
16	Playwright Board	17	18	2026-07-09 17:10:46.419881+00	\N
18	Playwright Board	16	21	2026-07-09 17:10:46.419881+00	\N
19	Playwright Board	18	22	2026-07-09 17:11:33.146112+00	\N
20	Playwright Board	19	23	2026-07-09 17:11:35.345729+00	\N
21	Playwright Board	20	24	2026-07-09 17:11:35.347226+00	\N
22	Playwright Board	21	25	2026-07-09 17:11:35.387973+00	\N
23	Playwright Board	22	26	2026-07-09 17:11:35.405349+00	\N
24	Playwright Board	23	27	2026-07-09 17:11:38.808542+00	\N
25	Playwright Board	24	28	2026-07-09 17:11:39.121507+00	\N
26	Playwright Board	25	29	2026-07-09 17:11:39.456064+00	\N
27	Demo Board	26	30	2026-07-09 17:23:08.688637+00	\N
28	Playwright Board	27	31	2026-07-09 17:23:40.35336+00	\N
29	Playwright Board	28	33	2026-07-09 17:23:42.274151+00	\N
30	Playwright Board	29	32	2026-07-09 17:23:42.278925+00	\N
31	Playwright Board	30	34	2026-07-09 17:23:42.284276+00	\N
32	Playwright Board	31	35	2026-07-09 17:23:42.341337+00	\N
33	Playwright Board	32	36	2026-07-09 17:23:45.144707+00	\N
34	Playwright Board	33	37	2026-07-09 17:23:45.407786+00	\N
35	Playwright Board	34	38	2026-07-09 17:23:45.681016+00	\N
36	Playwright Board	35	39	2026-07-09 17:32:58.367284+00	\N
37	Playwright Board	36	40	2026-07-09 17:33:00.536491+00	\N
38	Playwright Board	37	41	2026-07-09 17:33:00.574457+00	\N
39	Playwright Board	38	42	2026-07-09 17:33:00.595596+00	\N
40	Playwright Board	39	43	2026-07-09 17:33:00.689156+00	\N
41	Playwright Board	40	44	2026-07-09 17:33:03.770892+00	\N
42	Playwright Board	41	45	2026-07-09 17:33:03.987094+00	\N
43	Playwright Board	42	46	2026-07-09 17:33:04.284677+00	\N
44	Playwright Board	45	49	2026-07-11 21:27:28.979787+00	\N
45	Playwright Board	47	51	2026-07-11 21:27:33.187045+00	\N
46	Playwright Board	46	50	2026-07-11 21:27:33.187486+00	\N
47	Playwright Board	48	53	2026-07-11 21:27:33.337174+00	\N
48	Playwright Board	50	54	2026-07-11 21:27:40.81968+00	\N
49	Playwright Board	51	55	2026-07-11 21:27:41.195437+00	\N
50	Playwright Board	53	57	2026-07-11 21:27:58.78946+00	\N
51	Playwright Board	54	58	2026-07-11 21:28:02.049045+00	\N
52	Playwright Board	55	59	2026-07-11 21:28:02.070932+00	\N
53	Playwright Board	56	60	2026-07-11 21:28:02.100763+00	\N
54	Playwright Board	58	62	2026-07-11 21:28:09.53682+00	\N
55	Playwright Board	59	63	2026-07-11 21:28:09.758192+00	\N
56	Playwright Board	61	65	2026-07-11 21:29:27.864844+00	\N
57	Playwright Board	62	66	2026-07-11 21:29:30.751194+00	\N
58	Playwright Board	63	67	2026-07-11 21:29:30.751187+00	\N
59	Playwright Board	64	69	2026-07-11 21:29:30.874496+00	\N
60	Playwright Board	66	70	2026-07-11 21:29:33.977165+00	\N
61	Playwright Board	67	71	2026-07-11 21:29:34.253799+00	\N
62	Playwright Board	71	75	2026-07-11 21:41:03.621179+00	\N
63	Playwright Board	72	76	2026-07-11 21:41:06.451197+00	\N
64	Playwright Board	73	79	2026-07-11 21:41:06.471314+00	\N
65	Playwright Board	74	78	2026-07-11 21:41:06.483314+00	\N
66	Playwright Board	76	80	2026-07-11 21:41:10.238499+00	\N
67	Playwright Board	77	81	2026-07-11 21:41:10.614346+00	\N
68	Playwright Board	79	84	2026-07-12 17:33:47.669716+00	\N
69	Playwright Board	80	87	2026-07-12 17:34:05.260855+00	\N
71	Playwright Board	81	86	2026-07-12 17:34:05.26083+00	\N
70	Playwright Board	82	85	2026-07-12 17:34:05.26144+00	\N
72	Playwright Board	83	88	2026-07-12 17:34:05.260825+00	\N
73	Playwright Board	84	90	2026-07-12 17:34:05.299972+00	\N
74	Playwright Board	86	91	2026-07-12 17:34:08.156013+00	\N
75	Playwright Board	87	92	2026-07-12 17:34:08.516028+00	\N
76	Playwright Board	88	93	2026-07-12 17:34:08.807919+00	\N
77	Playwright Board	89	94	2026-07-12 17:34:09.644888+00	\N
78	Playwright Board	90	95	2026-07-12 17:34:11.050364+00	\N
79	Playwright Board	91	96	2026-07-12 17:34:23.395811+00	\N
80	E2E Active Board b67db1111f17414ea92b534f32cb5b12	91	96	2026-07-12 17:34:23.427527+00	\N
81	Playwright Board	92	97	2026-07-12 17:34:25.824509+00	\N
82	Playwright Board	93	98	2026-07-12 17:34:37.923336+00	\N
83	Playwright Board	94	99	2026-07-12 17:34:42.683129+00	\N
84	Playwright Board	95	100	2026-07-12 17:35:49.217395+00	\N
85	Playwright Board	97	102	2026-07-12 17:35:49.856564+00	\N
86	Playwright Board	96	101	2026-07-12 17:35:49.857784+00	\N
87	Playwright Board	98	104	2026-07-12 17:35:49.88574+00	\N
88	Playwright Board	99	105	2026-07-12 17:35:49.914052+00	\N
89	Design Board	96	101	2026-07-12 17:35:52.865875+00	\N
90	Playwright Board	101	106	2026-07-12 17:35:53.183493+00	\N
91	Playwright Board	102	107	2026-07-12 17:35:53.232022+00	\N
92	Playwright Board	103	108	2026-07-12 17:35:53.374166+00	\N
93	Playwright Board	104	109	2026-07-12 17:35:53.418364+00	\N
94	Playwright Board	105	110	2026-07-12 17:35:53.449369+00	\N
95	Product Board	105	110	2026-07-12 17:35:53.49982+00	\N
96	Playwright Board	106	111	2026-07-12 17:35:53.860497+00	\N
97	Playwright Board	107	112	2026-07-12 17:35:55.930614+00	\N
98	Playwright Board	108	113	2026-07-12 17:35:56.033834+00	\N
99	Playwright Board	109	114	2026-07-12 17:35:58.195765+00	\N
100	Playwright Board	110	115	2026-07-12 17:37:00.310165+00	\N
101	Playwright Board	111	116	2026-07-12 17:37:00.310119+00	\N
102	Playwright Board	113	118	2026-07-12 17:37:59.491479+00	\N
103	Playwright Board	112	117	2026-07-12 17:37:59.491019+00	\N
104	Playwright Board	117	123	2026-07-12 17:38:56.783872+00	\N
107	Playwright Board	118	124	2026-07-12 17:38:56.784295+00	\N
105	Playwright Board	116	121	2026-07-12 17:38:56.783228+00	\N
106	Playwright Board	115	119	2026-07-12 17:38:56.782983+00	\N
108	Playwright Board	114	122	2026-07-12 17:38:56.787093+00	\N
109	Design Board	118	124	2026-07-12 17:38:59.99916+00	\N
110	Playwright Board	121	125	2026-07-12 17:39:00.377879+00	\N
111	Playwright Board	120	126	2026-07-12 17:39:00.380849+00	\N
112	Playwright Board	122	127	2026-07-12 17:39:00.506527+00	\N
113	Playwright Board	123	129	2026-07-12 17:39:00.820791+00	\N
114	Playwright Board	124	128	2026-07-12 17:39:00.824563+00	\N
115	Product Board	123	129	2026-07-12 17:39:00.868782+00	\N
116	Playwright Board	125	130	2026-07-12 17:39:01.430175+00	\N
117	Playwright Board	126	131	2026-07-12 17:39:03.051189+00	\N
118	Playwright Board	127	132	2026-07-12 17:39:03.639039+00	\N
119	Playwright Board	128	133	2026-07-12 17:39:10.427472+00	\N
120	Playwright Board	129	134	2026-07-12 17:39:56.75306+00	\N
121	Playwright Board	130	135	2026-07-12 17:39:56.753676+00	\N
122	Playwright Board	131	136	2026-07-12 17:41:08.697488+00	\N
123	Playwright Board	132	137	2026-07-12 17:42:01.144165+00	\N
124	Playwright Board	136	141	2026-07-12 17:42:23.845555+00	\N
125	Playwright Board	133	143	2026-07-12 17:42:23.845971+00	\N
126	Playwright Board	137	142	2026-07-12 17:42:23.846318+00	\N
127	Playwright Board	134	138	2026-07-12 17:42:23.84749+00	\N
129	Design Board	137	142	2026-07-12 17:42:26.36413+00	\N
131	Playwright Board	140	145	2026-07-12 17:42:26.828389+00	\N
132	Playwright Board	141	146	2026-07-12 17:42:26.920935+00	\N
133	Playwright Board	142	147	2026-07-12 17:42:26.956432+00	\N
134	Product Board	142	147	2026-07-12 17:42:26.987717+00	\N
135	Playwright Board	143	148	2026-07-12 17:42:27.08221+00	\N
136	Playwright Board	144	149	2026-07-12 17:42:27.265249+00	\N
137	Playwright Board	145	150	2026-07-12 17:42:29.078342+00	\N
138	Playwright Board	146	151	2026-07-12 17:42:29.516296+00	\N
139	Playwright Board	147	152	2026-07-12 17:42:31.246119+00	\N
128	Playwright Board	135	140	2026-07-12 17:42:23.848791+00	\N
130	Playwright Board	139	144	2026-07-12 17:42:26.415747+00	\N
140	Playwright Board	149	153	2026-07-12 18:09:24.230139+00	\N
141	Playwright Board	148	154	2026-07-12 18:09:24.230172+00	\N
142	Playwright Board	150	156	2026-07-12 18:09:24.230306+00	\N
143	Playwright Board	151	158	2026-07-12 18:09:24.237926+00	\N
144	Playwright Board	152	157	2026-07-12 18:09:24.237641+00	\N
145	Design Board	150	156	2026-07-12 18:09:27.756711+00	\N
146	Playwright Board	154	159	2026-07-12 18:09:27.96564+00	\N
147	Playwright Board	155	160	2026-07-12 18:09:28.21666+00	\N
148	Playwright Board	156	161	2026-07-12 18:09:28.415167+00	\N
149	Playwright Board	157	162	2026-07-12 18:09:28.522211+00	\N
150	Product Board	157	162	2026-07-12 18:09:28.618374+00	\N
151	Playwright Board	158	163	2026-07-12 18:09:29.08379+00	\N
152	Playwright Board	159	164	2026-07-12 18:09:29.877724+00	\N
153	Playwright Board	160	165	2026-07-12 18:09:32.029966+00	\N
154	Playwright Board	161	166	2026-07-12 18:09:33.321947+00	\N
155	Playwright Board	162	167	2026-07-12 18:09:36.017612+00	\N
156	Main Board	163	168	2026-07-12 18:18:52.8745+00	\N
159	Playwright Board	165	173	2026-07-12 18:19:30.044385+00	\N
160	Playwright Board	167	174	2026-07-12 18:19:30.044506+00	\N
157	Playwright Board	166	171	2026-07-12 18:19:30.044604+00	\N
158	Playwright Board	164	172	2026-07-12 18:19:30.04465+00	\N
161	Playwright Board	168	170	2026-07-12 18:19:30.044398+00	\N
162	Playwright Board	170	176	2026-07-12 18:19:33.123716+00	\N
163	Design Board	167	174	2026-07-12 18:19:34.317726+00	\N
164	Playwright Board	171	177	2026-07-12 18:19:35.116296+00	\N
165	Playwright Board	172	178	2026-07-12 18:19:35.210254+00	\N
166	Playwright Board	173	179	2026-07-12 18:19:35.287305+00	\N
167	Playwright Board	174	180	2026-07-12 18:19:35.353141+00	\N
168	Product Board	173	179	2026-07-12 18:19:35.353141+00	\N
169	Playwright Board	175	181	2026-07-12 18:19:35.585805+00	\N
170	Playwright Board	176	182	2026-07-12 18:19:39.603705+00	\N
171	Playwright Board	177	183	2026-07-12 18:19:39.929571+00	\N
172	Playwright Board	178	184	2026-07-12 18:19:43.111499+00	\N
173	Playwright Board	179	185	2026-07-12 18:20:56.145263+00	\N
174	Playwright Board	180	186	2026-07-12 18:20:58.154283+00	\N
175	Playwright Board	181	187	2026-07-12 18:20:59.768576+00	\N
176	Playwright Board	183	189	2026-07-12 18:22:03.102214+00	\N
177	Playwright Board	184	190	2026-07-12 18:22:06.343306+00	\N
178	Playwright Board	185	191	2026-07-12 18:22:06.53765+00	\N
179	Playwright Board	186	192	2026-07-12 18:22:06.53754+00	\N
180	Playwright Board	187	193	2026-07-12 18:22:06.560297+00	\N
181	Playwright Board	188	194	2026-07-12 18:22:06.57398+00	\N
182	Design Board	185	191	2026-07-12 18:22:10.399009+00	\N
183	Playwright Board	190	196	2026-07-12 18:22:10.860233+00	\N
184	Playwright Board	191	197	2026-07-12 18:22:10.911885+00	\N
185	Playwright Board	192	198	2026-07-12 18:22:11.424137+00	\N
186	Playwright Board	193	199	2026-07-12 18:22:11.494879+00	\N
187	Product Board	193	199	2026-07-12 18:22:11.555353+00	\N
188	Playwright Board	194	200	2026-07-12 18:22:12.186986+00	\N
189	Playwright Board	195	201	2026-07-12 18:22:12.405507+00	\N
190	Playwright Board	196	202	2026-07-12 18:22:14.499477+00	\N
191	Playwright Board	197	203	2026-07-12 18:22:15.645841+00	\N
192	Playwright Board	198	204	2026-07-12 18:22:17.496652+00	\N
193	Playwright Board	199	205	2026-07-12 18:22:20.534137+00	\N
194	Playwright Board	200	206	2026-07-12 18:22:22.352562+00	\N
195	Playwright Board	203	209	2026-07-13 15:59:51.284297+00	\N
196	Playwright Board	204	210	2026-07-13 15:59:58.373413+00	\N
197	Playwright Board	205	211	2026-07-13 15:59:58.402821+00	\N
198	Playwright Board	206	213	2026-07-13 15:59:58.44435+00	\N
199	Playwright Board	208	215	2026-07-13 15:59:58.505773+00	\N
200	Playwright Board	207	214	2026-07-13 15:59:58.60487+00	\N
201	Design Board	205	211	2026-07-13 16:00:04.52349+00	\N
202	Playwright Board	210	216	2026-07-13 16:00:05.94593+00	\N
203	Playwright Board	211	217	2026-07-13 16:00:06.019448+00	\N
204	Product Board	210	216	2026-07-13 16:00:06.113047+00	\N
205	Playwright Board	212	218	2026-07-13 16:00:06.176102+00	\N
206	Playwright Board	213	219	2026-07-13 16:00:07.006219+00	\N
207	Playwright Board	214	220	2026-07-13 16:00:07.574306+00	\N
208	Playwright Board	215	221	2026-07-13 16:00:08.900629+00	\N
209	Playwright Board	216	222	2026-07-13 16:00:11.386676+00	\N
210	Playwright Board	217	223	2026-07-13 16:00:12.417458+00	\N
211	Playwright Board	218	224	2026-07-13 16:00:17.293673+00	\N
212	Playwright Board	219	225	2026-07-13 16:00:22.591986+00	\N
213	Playwright Board	220	226	2026-07-13 16:00:25.130609+00	\N
214	Playwright Board	222	228	2026-07-13 18:03:16.110576+00	\N
215	Playwright Board	223	229	2026-07-13 18:03:17.899771+00	\N
216	Playwright Board	224	230	2026-07-13 18:03:19.169217+00	\N
217	Playwright Board	229	236	2026-07-13 18:03:41.111234+00	\N
218	Playwright Board	228	232	2026-07-13 18:03:41.113596+00	\N
219	Playwright Board	227	233	2026-07-13 18:03:41.113053+00	\N
220	Playwright Board	226	235	2026-07-13 18:03:41.149863+00	\N
221	Playwright Board	230	237	2026-07-13 18:03:41.155077+00	\N
222	Design Board	227	233	2026-07-13 18:03:44.07921+00	\N
223	Playwright Board	232	238	2026-07-13 18:03:44.476478+00	\N
224	Playwright Board	233	239	2026-07-13 18:03:44.666218+00	\N
225	Playwright Board	234	241	2026-07-13 18:03:44.723097+00	\N
226	Playwright Board	235	240	2026-07-13 18:03:44.735826+00	\N
227	Product Board	235	240	2026-07-13 18:03:44.787821+00	\N
228	Playwright Board	236	242	2026-07-13 18:03:44.821003+00	\N
229	Playwright Board	237	243	2026-07-13 18:03:45.301832+00	\N
230	Playwright Board	238	244	2026-07-13 18:03:47.670803+00	\N
231	Playwright Board	239	245	2026-07-13 18:03:48.465158+00	\N
232	Playwright Board	240	246	2026-07-13 18:03:50.706001+00	\N
233	Playwright Board	241	247	2026-07-13 18:05:31.712448+00	\N
234	Playwright Board	243	249	2026-07-13 21:55:11.621214+00	\N
235	Playwright Board	244	250	2026-07-13 21:58:18.314467+00	\N
236	Playwright Board	245	251	2026-07-13 21:58:29.090499+00	\N
237	Playwright Board	246	252	2026-07-13 21:58:29.157374+00	\N
238	Playwright Board	248	253	2026-07-13 21:58:30.060582+00	\N
239	Playwright Board	249	255	2026-07-13 21:58:30.060582+00	\N
240	Playwright Board	247	254	2026-07-13 21:58:30.063701+00	\N
241	Design Board	245	251	2026-07-13 21:58:41.803482+00	\N
242	Playwright Board	251	257	2026-07-13 21:58:42.187214+00	\N
243	Playwright Board	252	258	2026-07-13 21:58:43.5027+00	\N
244	Playwright Board	253	259	2026-07-13 21:58:45.383586+00	\N
245	Playwright Board	254	260	2026-07-13 21:58:45.4219+00	\N
246	Product Board	254	260	2026-07-13 21:58:45.522039+00	\N
247	Playwright Board	255	261	2026-07-13 21:58:48.216422+00	\N
248	Playwright Board	256	262	2026-07-13 21:58:48.98456+00	\N
249	Playwright Board	257	263	2026-07-13 21:58:55.546385+00	\N
250	Playwright Board	258	264	2026-07-13 21:58:57.094594+00	\N
251	Playwright Board	259	265	2026-07-13 21:59:01.749359+00	\N
252	Playwright Board	260	266	2026-07-13 21:59:07.497918+00	\N
253	Playwright Board	261	267	2026-07-13 21:59:09.335751+00	\N
\.


--
-- Data for Name: comments; Type: TABLE DATA; Schema: public; Owner: -
--

COPY public.comments ("Id", "Content", "WorkItemId", "UserId", "CreatedAt", "UpdatedAt", "SubWorkItemId") FROM stdin;
1	evo neki komentar	1	4	2026-07-03 02:17:04.523345+00	\N	\N
2	dkoasdkaso	2	1	2026-07-03 13:40:28.696823+00	\N	\N
3	dasodas	3	1	2026-07-03 13:41:00.392288+00	\N	\N
6	E2E comment from Playwright	11	14	2026-07-09 17:09:48.595422+00	\N	\N
7	E2E comment from Playwright	13	20	2026-07-09 17:10:48.785895+00	\N	\N
9	E2E comment from Playwright	17	26	2026-07-09 17:11:38.396258+00	\N	\N
10	Demo komentar za testiranje.	21	30	2026-07-09 17:23:08.838242+00	\N	\N
12	E2E comment from Playwright	23	33	2026-07-09 17:23:44.445816+00	\N	\N
14	E2E comment from Playwright	30	42	2026-07-09 17:33:03.237314+00	\N	\N
16	E2E comment from Playwright	35	50	2026-07-11 21:27:36.515487+00	\N	\N
18	E2E comment from Playwright	39	59	2026-07-11 21:28:04.77821+00	\N	\N
20	E2E comment from Playwright	43	69	2026-07-11 21:29:33.71536+00	\N	\N
22	E2E comment from Playwright	47	76	2026-07-11 21:41:09.719904+00	\N	\N
23	Projekat je super!	50	90	2026-07-12 17:34:08.275141+00	\N	\N
25	Originalni komentar	56	95	2026-07-12 17:34:11.114637+00	\N	\N
26	Projekat je super!	60	100	2026-07-12 17:35:52.343749+00	\N	\N
28	Originalni komentar	68	113	2026-07-12 17:35:56.135337+00	\N	\N
29	Originalni komentar	71	115	2026-07-12 17:37:00.39579+00	\N	\N
30	Originalni komentar	73	118	2026-07-12 17:37:59.584341+00	\N	\N
31	Projekat je super!	75	123	2026-07-12 17:39:00.023723+00	\N	\N
33	Originalni komentar	82	132	2026-07-12 17:39:03.697695+00	\N	\N
34	Originalni komentar	84	134	2026-07-12 17:39:58.613821+00	\N	\N
35	Originalni komentar	86	136	2026-07-12 17:41:10.291461+00	\N	\N
36	Izmenjen komentar	87	137	2026-07-12 17:42:02.651862+00	2026-07-12 17:42:02.862293+00	\N
37	Projekat je super!	88	140	2026-07-12 17:42:26.475227+00	\N	\N
39	Izmenjen komentar	96	151	2026-07-12 17:42:31.250696+00	2026-07-12 17:42:31.510447+00	\N
40	Projekat je super!	98	153	2026-07-12 18:09:28.110723+00	\N	\N
42	Izmenjen komentar	106	166	2026-07-12 18:09:36.355044+00	2026-07-12 18:09:36.655637+00	\N
43	Project setup is complete.	108	168	2026-07-12 18:18:52.8745+00	\N	\N
44	JWT middleware is working on the API.	109	169	2026-07-12 18:18:52.8745+00	\N	\N
45	Projekat je super!	112	171	2026-07-12 18:19:34.445603+00	\N	\N
47	Izmenjen komentar	119	183	2026-07-12 18:19:42.387967+00	2026-07-12 18:19:42.816598+00	\N
50	Projekat je super!	125	192	2026-07-12 18:22:11.07287+00	\N	\N
52	Izmenjen komentar	132	203	2026-07-12 18:22:17.865145+00	2026-07-12 18:22:18.164928+00	\N
56	Projekat je super!	138	214	2026-07-13 16:00:04.786209+00	\N	\N
58	Izmenjen komentar	144	222	2026-07-13 16:00:14.751901+00	2026-07-13 16:00:15.466846+00	\N
60	Projekat je super!	150	236	2026-07-13 18:03:44.260284+00	\N	\N
62	Izmenjen komentar	158	245	2026-07-13 18:03:50.654514+00	2026-07-13 18:03:50.932428+00	\N
65	Projekat je super!	163	252	2026-07-13 21:58:43.748342+00	\N	\N
67	Izmenjen komentar	171	264	2026-07-13 21:59:01.281163+00	2026-07-13 21:59:02.123847+00	\N
68	dadsa	135	2	2026-07-14 18:00:54.586687+00	\N	\N
\.


--
-- Data for Name: conversation_participants; Type: TABLE DATA; Schema: public; Owner: -
--

COPY public.conversation_participants ("Id", "ConversationId", "UserId", "JoinedAt", "IsMuted", "IsArchived", "LastReadAt", "LastReadMessageId") FROM stdin;
3	4	4	2026-07-02 19:06:37.728685+00	f	f	2026-07-02 19:24:09.719965+00	4
4	15	4	2026-07-02 19:24:53.532396+00	f	f	\N	\N
5	15	1	2026-07-02 19:24:53.57568+00	f	f	\N	\N
10	18	3	2026-07-02 20:33:31.349327+00	f	f	\N	\N
11	18	2	2026-07-02 20:33:31.3585+00	f	f	\N	\N
9	17	3	2026-07-02 20:32:44.427639+00	f	f	2026-07-02 20:44:40.494421+00	12
12	19	5	2026-07-03 13:07:24.34898+00	f	f	\N	\N
13	19	1	2026-07-03 13:07:24.40547+00	f	f	\N	\N
8	17	1	2026-07-02 20:32:44.421254+00	f	f	2026-07-03 13:50:20.271972+00	12
14	20	2	2026-07-03 13:52:21.336597+00	f	f	\N	\N
15	20	4	2026-07-03 13:52:21.349938+00	f	f	\N	\N
16	21	2	2026-07-03 13:52:22.415097+00	f	f	\N	\N
17	21	5	2026-07-03 13:52:22.419659+00	f	f	\N	\N
2	4	2	2026-07-02 19:06:37.722303+00	f	f	2026-07-13 15:15:51.466344+00	21
1	4	1	2026-07-02 19:06:37.665489+00	f	f	2026-07-13 15:16:18.000458+00	21
7	16	2	2026-07-02 20:32:43.009999+00	f	f	2026-07-13 15:17:05.594643+00	18
6	16	1	2026-07-02 20:32:43.002743+00	f	f	2026-07-13 15:17:14.137826+00	22
\.


--
-- Data for Name: conversations; Type: TABLE DATA; Schema: public; Owner: -
--

COPY public.conversations ("Id", "CreatedAt", "CreatedByUserId", "Name", "Type") FROM stdin;
4	2026-07-02 19:06:37.652+00	1	ggwp	Group
15	2026-07-02 19:24:53.395249+00	4	\N	Direct
16	2026-07-02 20:32:42.956314+00	1	\N	Direct
17	2026-07-02 20:32:44.379951+00	1	\N	Direct
18	2026-07-02 20:33:31.303343+00	3	\N	Direct
19	2026-07-03 13:07:24.282252+00	5	\N	Direct
20	2026-07-03 13:52:21.322602+00	2	\N	Direct
21	2026-07-03 13:52:22.409625+00	2	\N	Direct
\.


--
-- Data for Name: domain_event_logs; Type: TABLE DATA; Schema: public; Owner: -
--

COPY public.domain_event_logs ("Id", "EventName", "Payload", "QueueName", "ReceivedAt") FROM stdin;
1	UserRegistered	{"UserId":1,"Email":"dimicluka@gmail.com"}	user-events	2026-07-01 13:36:28.909956+00
2	UserRegistered	{"UserId":2,"Email":"pera@gmail.com"}	user-events	2026-07-01 13:50:24.474509+00
3	UserRegistered	{"UserId":3,"Email":"mata@gmail.com"}	user-events	2026-07-01 13:53:25.578676+00
4	UserLoggedIn	{"UserId":1}	user-events	2026-07-01 14:42:58.535719+00
5	WorkItemCreated	{"WorkItemId":1,"BoardId":1,"CreatedByUserId":1,"AssignedUserId":1,"Priority":1,"Status":0}	domain-events	2026-07-01 14:43:17.414332+00
6	WorkItemLocked	{"WorkItemId":1,"LockedByUserId":1,"Mode":"WRITE"}	domain-events	2026-07-01 14:43:17.617198+00
7	WorkItemUnlocked	{"WorkItemId":1}	domain-events	2026-07-01 14:43:17.755741+00
8	UserLoggedIn	{"UserId":1}	user-events	2026-07-02 18:43:03.936605+00
9	UserRegistered	{"UserId":4,"Email":"vlada@gmail.com"}	user-events	2026-07-02 19:04:54.878608+00
10	UserLoggedIn	{"UserId":3}	user-events	2026-07-02 19:21:33.999032+00
11	UserLoggedIn	{"UserId":1}	user-events	2026-07-02 19:22:25.602376+00
12	UserLoggedIn	{"UserId":2}	user-events	2026-07-02 19:23:01.731233+00
13	UserLoggedIn	{"UserId":4}	user-events	2026-07-02 19:24:06.606458+00
14	UserLoggedIn	{"UserId":1}	user-events	2026-07-02 20:29:15.447274+00
15	UserLoggedIn	{"UserId":3}	user-events	2026-07-02 20:33:11.976868+00
16	UserLoggedIn	{"UserId":1}	user-events	2026-07-02 20:41:36.725419+00
17	WorkItemStatusChanged	{"WorkItemId":1,"BoardId":1,"Status":1,"UpdatedByUserId":1}	domain-events	2026-07-02 20:59:17.338094+00
18	UserLoggedIn	{"UserId":1}	user-events	2026-07-03 02:03:42.623069+00
19	UserLoggedIn	{"UserId":4}	user-events	2026-07-03 02:16:48.496278+00
20	WorkItemLocked	{"WorkItemId":1,"LockedByUserId":4,"Mode":"WRITE"}	domain-events	2026-07-03 02:16:54.042313+00
21	CommentCreated	{"CommentId":1,"WorkItemId":1,"UserId":4,"Content":"evo neki komentar"}	domain-events	2026-07-03 02:17:04.633886+00
22	WorkItemUpdated	{"WorkItemId":1,"BoardId":1,"UpdatedByUserId":4}	domain-events	2026-07-03 02:17:19.419291+00
23	WorkItemLockTransferred	{"WorkItemId":1,"NewLockedByUserId":1}	domain-events	2026-07-03 02:17:19.610097+00
24	WorkItemUnlocked	{"WorkItemId":1}	domain-events	2026-07-03 02:22:31.630506+00
25	WorkItemLocked	{"WorkItemId":1,"LockedByUserId":1,"Mode":"WRITE"}	domain-events	2026-07-03 02:24:01.715772+00
26	WorkItemLockTransferred	{"WorkItemId":1,"NewLockedByUserId":4}	domain-events	2026-07-03 02:26:22.868318+00
27	WorkItemUnlocked	{"WorkItemId":1}	domain-events	2026-07-03 02:26:52.944143+00
28	UserLoggedIn	{"UserId":1}	user-events	2026-07-03 11:15:44.2292+00
29	UserLoggedIn	{"UserId":4}	user-events	2026-07-03 11:18:07.34867+00
30	WorkItemUpdated	{"WorkItemId":1,"BoardId":1,"UpdatedByUserId":4}	domain-events	2026-07-03 11:26:46.391095+00
31	WorkItemUpdated	{"WorkItemId":1,"BoardId":1,"UpdatedByUserId":4}	domain-events	2026-07-03 11:26:56.149208+00
32	WorkItemUpdated	{"WorkItemId":1,"BoardId":1,"UpdatedByUserId":4}	domain-events	2026-07-03 11:29:32.930449+00
33	WorkItemUpdated	{"WorkItemId":1,"BoardId":1,"UpdatedByUserId":4}	domain-events	2026-07-03 11:29:39.949278+00
34	WorkItemLocked	{"WorkItemId":1,"LockedByUserId":1,"Mode":"WRITE"}	domain-events	2026-07-03 11:52:38.465012+00
35	WorkItemFileAdded	{"FileId":1,"WorkItemId":1,"FileName":"verta.png","FileType":"image/png","FileSize":73511}	domain-events	2026-07-03 11:52:46.785162+00
36	WorkItemFileAdded	{"FileId":2,"WorkItemId":1,"FileName":"8.jpg","FileType":"image/jpeg","FileSize":344756}	domain-events	2026-07-03 11:53:40.951827+00
37	WorkItemFileAdded	{"FileId":3,"WorkItemId":1,"FileName":"7.jpg","FileType":"image/jpeg","FileSize":394374}	domain-events	2026-07-03 11:53:43.594345+00
38	WorkItemFileAdded	{"FileId":4,"WorkItemId":1,"FileName":"4.jpg","FileType":"image/jpeg","FileSize":273264}	domain-events	2026-07-03 11:53:45.752661+00
39	WorkItemUnlocked	{"WorkItemId":1}	domain-events	2026-07-03 11:56:49.232521+00
40	WorkItemLocked	{"WorkItemId":1,"LockedByUserId":1,"Mode":"WRITE"}	domain-events	2026-07-03 12:00:08.465454+00
41	WorkItemUnlocked	{"WorkItemId":1}	domain-events	2026-07-03 12:00:17.535354+00
42	WorkItemLocked	{"WorkItemId":1,"LockedByUserId":1,"Mode":"WRITE"}	domain-events	2026-07-03 12:00:22.079863+00
43	WorkItemUnlocked	{"WorkItemId":1}	domain-events	2026-07-03 12:13:30.052459+00
44	WorkItemLocked	{"WorkItemId":1,"LockedByUserId":1,"Mode":"WRITE"}	domain-events	2026-07-03 12:13:30.189119+00
45	WorkItemUnlocked	{"WorkItemId":1}	domain-events	2026-07-03 12:16:40.129591+00
46	WorkItemLocked	{"WorkItemId":1,"LockedByUserId":1,"Mode":"WRITE"}	domain-events	2026-07-03 12:20:42.471554+00
47	WorkItemUnlocked	{"WorkItemId":1}	domain-events	2026-07-03 12:21:20.217896+00
48	UserLoggedIn	{"UserId":1}	user-events	2026-07-03 12:31:10.402433+00
49	UserRegistered	{"UserId":5,"Email":"djole@gmail.com"}	user-events	2026-07-03 12:34:58.545098+00
50	UserLoggedIn	{"UserId":1}	user-events	2026-07-03 13:37:17.898763+00
51	WorkItemCreated	{"WorkItemId":2,"BoardId":1,"CreatedByUserId":1,"AssignedUserId":null,"Priority":1,"Status":0}	domain-events	2026-07-03 13:40:28.512278+00
52	WorkItemLocked	{"WorkItemId":2,"LockedByUserId":1,"Mode":"WRITE"}	domain-events	2026-07-03 13:40:28.641965+00
53	CommentCreated	{"CommentId":2,"WorkItemId":2,"UserId":1,"Content":"dkoasdkaso"}	domain-events	2026-07-03 13:40:28.792027+00
54	WorkItemFileAdded	{"FileId":5,"WorkItemId":2,"FileName":"Main.png","FileType":"image/png","FileSize":1283}	domain-events	2026-07-03 13:40:28.839567+00
55	WorkItemUnlocked	{"WorkItemId":2,"TargetUserIds":[]}	domain-events	2026-07-03 13:40:28.973487+00
56	WorkItemAssigned	{"TargetUserId":3,"WorkItemId":2,"Name":"dasd","BoardId":1,"AssignedByUserId":1}	domain-events	2026-07-03 13:40:35.222097+00
57	WorkItemUpdated	{"WorkItemId":2,"BoardId":1,"UpdatedByUserId":1}	domain-events	2026-07-03 13:40:35.23+00
58	WorkItemCreated	{"WorkItemId":3,"BoardId":1,"CreatedByUserId":1,"AssignedUserId":3,"Priority":1,"Status":0}	domain-events	2026-07-03 13:41:00.3122+00
59	WorkItemAssigned	{"TargetUserId":3,"WorkItemId":3,"Name":"dkoasdkpsa","BoardId":1,"AssignedByUserId":1}	domain-events	2026-07-03 13:41:00.321299+00
60	WorkItemLocked	{"WorkItemId":3,"LockedByUserId":1,"Mode":"WRITE"}	domain-events	2026-07-03 13:41:00.359043+00
61	CommentCreated	{"CommentId":3,"WorkItemId":3,"UserId":1,"Content":"dasodas"}	domain-events	2026-07-03 13:41:00.408303+00
62	WorkItemFileAdded	{"FileId":6,"WorkItemId":3,"FileName":"Pregled - APR 26.pdf","FileType":"application/pdf","FileSize":126073}	domain-events	2026-07-03 13:41:00.462105+00
63	WorkItemUnlocked	{"WorkItemId":3,"TargetUserIds":[]}	domain-events	2026-07-03 13:41:00.495362+00
64	WorkItemStatusChanged	{"WorkItemId":1,"BoardId":1,"Name":"Primer","Status":2,"UpdatedByUserId":1,"TargetUserId":4}	domain-events	2026-07-03 13:44:33.01962+00
65	WorkItemStatusChanged	{"WorkItemId":1,"BoardId":1,"Name":"Primer","Status":1,"UpdatedByUserId":1,"TargetUserId":4}	domain-events	2026-07-03 13:44:36.05269+00
66	WorkItemStatusChanged	{"WorkItemId":1,"BoardId":1,"Name":"Primer","Status":2,"UpdatedByUserId":1,"TargetUserId":4}	domain-events	2026-07-03 13:44:38.972627+00
67	WorkItemStatusChanged	{"WorkItemId":1,"BoardId":1,"Name":"Primer","Status":1,"UpdatedByUserId":1,"TargetUserId":4}	domain-events	2026-07-03 13:44:40.601733+00
68	UserLoggedIn	{"UserId":2}	user-events	2026-07-03 13:50:38.577309+00
69	UserLoggedIn	{"UserId":1}	user-events	2026-07-03 19:03:52.103727+00
70	UserLoggedIn	{"UserId":1}	user-events	2026-07-04 13:28:06.479727+00
71	WorkItemLocked	{"WorkItemId":2,"LockedByUserId":1,"Mode":"WRITE"}	domain-events	2026-07-04 13:28:44.067294+00
72	WorkItemUnlocked	{"WorkItemId":2,"TargetUserIds":[]}	domain-events	2026-07-04 13:28:47.908332+00
73	UserLoggedIn	{"UserId":1}	user-events	2026-07-05 13:31:50.412959+00
74	WorkItemLocked	{"WorkItemId":2,"LockedByUserId":1,"Mode":"WRITE"}	domain-events	2026-07-05 13:33:07.480293+00
75	WorkItemFileDeleted	{"FileId":5,"WorkItemId":2,"FileName":"Main.png"}	domain-events	2026-07-05 13:35:16.818362+00
76	SubWorkItemCreated	{"SubWorkItemId":1,"WorkItemId":2,"UserId":1,"Status":0}	domain-events	2026-07-05 13:36:16.112732+00
77	WorkItemUnlocked	{"WorkItemId":2,"TargetUserIds":[]}	domain-events	2026-07-05 13:41:39.713355+00
78	UserRegistered	{"UserId":6,"Email":"playwright_ee71c1b821294b0ab584f246576cabce@test.local"}	user-events	2026-07-09 17:06:41.784669+00
79	WorkItemCreated	{"WorkItemId":4,"BoardId":3,"CreatedByUserId":6,"AssignedUserId":null,"Priority":1,"Status":0}	domain-events	2026-07-09 17:06:42.173906+00
80	CommentCreated	{"CommentId":4,"WorkItemId":4,"UserId":6,"Content":"API comment"}	domain-events	2026-07-09 17:06:42.226179+00
81	CommentUpdated	{"CommentId":4,"WorkItemId":4,"UserId":6,"Content":"Updated API comment"}	domain-events	2026-07-09 17:06:42.375913+00
82	CommentDeleted	{"CommentId":4,"WorkItemId":4,"UserId":6}	domain-events	2026-07-09 17:06:42.437178+00
83	UserRegistered	{"UserId":7,"Email":"playwright_45df7dca315249bfbe48569d313b872c@test.local"}	user-events	2026-07-09 17:06:42.533999+00
84	UserRegistered	{"UserId":8,"Email":"playwright_f8ebdce0cf524fa690060e79609971c5@test.local"}	user-events	2026-07-09 17:06:42.827466+00
85	WorkItemCreated	{"WorkItemId":5,"BoardId":5,"CreatedByUserId":8,"AssignedUserId":null,"Priority":1,"Status":0}	domain-events	2026-07-09 17:06:42.904801+00
86	SubWorkItemCreated	{"SubWorkItemId":2,"WorkItemId":5,"UserId":8,"Status":0}	domain-events	2026-07-09 17:06:42.9465+00
87	UserRegistered	{"UserId":9,"Email":"playwright_9b3a54c973ee40a99e28add89823d8ac@test.local"}	user-events	2026-07-09 17:06:43.065219+00
88	WorkItemCreated	{"WorkItemId":6,"BoardId":6,"CreatedByUserId":9,"AssignedUserId":null,"Priority":1,"Status":0}	domain-events	2026-07-09 17:06:43.152613+00
89	WorkItemLocked	{"WorkItemId":6,"LockedByUserId":9,"Mode":"WRITE"}	domain-events	2026-07-09 17:06:43.225597+00
90	WorkItemUpdated	{"WorkItemId":6,"BoardId":6,"UpdatedByUserId":9}	domain-events	2026-07-09 17:06:43.281369+00
91	WorkItemDeleted	{"WorkItemId":6,"BoardId":6,"DeletedByUserId":9}	domain-events	2026-07-09 17:06:43.476582+00
92	UserRegistered	{"UserId":10,"Email":"playwright_1c649902e03f4d48a4975c478dc5dbb2@test.local"}	user-events	2026-07-09 17:09:11.035852+00
93	WorkItemCreated	{"WorkItemId":7,"BoardId":7,"CreatedByUserId":10,"AssignedUserId":null,"Priority":1,"Status":0}	domain-events	2026-07-09 17:09:12.305192+00
94	CommentCreated	{"CommentId":5,"WorkItemId":7,"UserId":10,"Content":"API comment"}	domain-events	2026-07-09 17:09:12.571979+00
95	CommentUpdated	{"CommentId":5,"WorkItemId":7,"UserId":10,"Content":"Updated API comment"}	domain-events	2026-07-09 17:09:12.830527+00
96	CommentDeleted	{"CommentId":5,"WorkItemId":7,"UserId":10}	domain-events	2026-07-09 17:09:12.931773+00
97	UserRegistered	{"UserId":11,"Email":"playwright_925e5994ed52483c86fe6d19379beaba@test.local"}	user-events	2026-07-09 17:09:13.063014+00
98	UserRegistered	{"UserId":12,"Email":"playwright_9c1f6d20682e4ce18a4be95c20f7d1ac@test.local"}	user-events	2026-07-09 17:09:13.566183+00
99	WorkItemCreated	{"WorkItemId":8,"BoardId":9,"CreatedByUserId":12,"AssignedUserId":null,"Priority":1,"Status":0}	domain-events	2026-07-09 17:09:13.656084+00
100	SubWorkItemCreated	{"SubWorkItemId":3,"WorkItemId":8,"UserId":12,"Status":0}	domain-events	2026-07-09 17:09:13.799129+00
101	SubWorkItemUpdated	{"SubWorkItemId":3,"WorkItemId":8,"UpdatedByUserId":12}	domain-events	2026-07-09 17:09:13.957905+00
102	SubWorkItemDeleted	{"SubWorkItemId":3,"WorkItemId":8,"DeletedByUserId":12}	domain-events	2026-07-09 17:09:14.021604+00
103	UserRegistered	{"UserId":13,"Email":"playwright_3ac1402839b24463b60fdc8c76e0f02e@test.local"}	user-events	2026-07-09 17:09:14.114252+00
104	WorkItemCreated	{"WorkItemId":9,"BoardId":10,"CreatedByUserId":13,"AssignedUserId":null,"Priority":1,"Status":0}	domain-events	2026-07-09 17:09:14.195269+00
105	WorkItemLocked	{"WorkItemId":9,"LockedByUserId":13,"Mode":"WRITE"}	domain-events	2026-07-09 17:09:14.328793+00
106	WorkItemUpdated	{"WorkItemId":9,"BoardId":10,"UpdatedByUserId":13}	domain-events	2026-07-09 17:09:14.389288+00
107	WorkItemDeleted	{"WorkItemId":9,"BoardId":10,"DeletedByUserId":13}	domain-events	2026-07-09 17:09:14.50609+00
108	UserRegistered	{"UserId":14,"Email":"playwright_8c8bf462f9cd4e29ad7afa487e668f44@test.local"}	user-events	2026-07-09 17:09:45.20803+00
109	UserRegistered	{"UserId":15,"Email":"playwright_9b8222ed02804478a4b3ef55504f4fc0@test.local"}	user-events	2026-07-09 17:09:45.218434+00
110	UserRegistered	{"UserId":17,"Email":"playwright_ed537c5026ef4a0baa3bd7ba2b892e4c@test.local"}	user-events	2026-07-09 17:09:45.230075+00
111	UserRegistered	{"UserId":16,"Email":"playwright_f429ff0796c848d0ab404e933aafadf8@test.local"}	user-events	2026-07-09 17:09:45.23869+00
112	WorkItemCreated	{"WorkItemId":10,"BoardId":13,"CreatedByUserId":17,"AssignedUserId":null,"Priority":1,"Status":0}	domain-events	2026-07-09 17:09:45.351598+00
113	WorkItemCreated	{"WorkItemId":11,"BoardId":14,"CreatedByUserId":14,"AssignedUserId":null,"Priority":1,"Status":0}	domain-events	2026-07-09 17:09:45.363344+00
114	UserLoggedIn	{"UserId":17}	user-events	2026-07-09 17:09:46.966663+00
115	UserLoggedIn	{"UserId":15}	user-events	2026-07-09 17:09:46.979128+00
116	UserLoggedIn	{"UserId":16}	user-events	2026-07-09 17:09:46.988351+00
117	UserLoggedIn	{"UserId":14}	user-events	2026-07-09 17:09:46.999539+00
118	WorkItemLocked	{"WorkItemId":10,"LockedByUserId":17,"Mode":"WRITE"}	domain-events	2026-07-09 17:09:47.944085+00
119	WorkItemLocked	{"WorkItemId":11,"LockedByUserId":14,"Mode":"WRITE"}	domain-events	2026-07-09 17:09:47.967868+00
120	CommentCreated	{"CommentId":6,"WorkItemId":11,"UserId":14,"Content":"E2E comment from Playwright"}	domain-events	2026-07-09 17:09:48.631524+00
121	WorkItemUnlocked	{"WorkItemId":10,"TargetUserIds":[]}	domain-events	2026-07-09 17:10:24.502858+00
122	WorkItemUnlocked	{"WorkItemId":11,"TargetUserIds":[]}	domain-events	2026-07-09 17:10:24.528938+00
123	UserRegistered	{"UserId":18,"Email":"playwright_9cf69a66d4f04d3ab23430cb6b4a249c@test.local"}	user-events	2026-07-09 17:10:46.353274+00
124	UserRegistered	{"UserId":19,"Email":"playwright_2a92810cb44148e49c73c16b3e241943@test.local"}	user-events	2026-07-09 17:10:46.362897+00
125	UserRegistered	{"UserId":20,"Email":"playwright_ba941010b7e4418d99866b42d1e3bf63@test.local"}	user-events	2026-07-09 17:10:46.371239+00
126	UserRegistered	{"UserId":21,"Email":"playwright_5d9c5662246741759a4430dc7920ab30@test.local"}	user-events	2026-07-09 17:10:46.379036+00
127	WorkItemCreated	{"WorkItemId":12,"BoardId":16,"CreatedByUserId":18,"AssignedUserId":null,"Priority":1,"Status":0}	domain-events	2026-07-09 17:10:46.48255+00
128	WorkItemCreated	{"WorkItemId":13,"BoardId":15,"CreatedByUserId":20,"AssignedUserId":null,"Priority":1,"Status":0}	domain-events	2026-07-09 17:10:46.491316+00
129	UserLoggedIn	{"UserId":19}	user-events	2026-07-09 17:10:47.70072+00
139	SubWorkItemCreated	{"SubWorkItemId":4,"WorkItemId":12,"UserId":18,"Status":0}	domain-events	2026-07-09 17:10:49.282645+00
142	UserRegistered	{"UserId":22,"Email":"playwright_20a490da3a914347b6487ed2b3d18c42@test.local"}	user-events	2026-07-09 17:11:33.074992+00
149	UserRegistered	{"UserId":25,"Email":"playwright_d39ca78da8dc4e7db9c8b30688e38099@test.local"}	user-events	2026-07-09 17:11:35.343852+00
158	WorkItemLocked	{"WorkItemId":17,"LockedByUserId":26,"Mode":"WRITE"}	domain-events	2026-07-09 17:11:37.700177+00
172	WorkItemLocked	{"WorkItemId":20,"LockedByUserId":29,"Mode":"WRITE"}	domain-events	2026-07-09 17:11:39.559373+00
130	UserLoggedIn	{"UserId":21}	user-events	2026-07-09 17:10:47.713918+00
131	UserLoggedIn	{"UserId":18}	user-events	2026-07-09 17:10:47.767068+00
137	WorkItemLocked	{"WorkItemId":14,"LockedByUserId":19,"Mode":"WRITE"}	domain-events	2026-07-09 17:10:48.901598+00
144	CommentCreated	{"CommentId":8,"WorkItemId":15,"UserId":22,"Content":"API comment"}	domain-events	2026-07-09 17:11:33.236924+00
151	WorkItemCreated	{"WorkItemId":16,"BoardId":22,"CreatedByUserId":25,"AssignedUserId":null,"Priority":1,"Status":0}	domain-events	2026-07-09 17:11:35.511174+00
156	UserLoggedIn	{"UserId":26}	user-events	2026-07-09 17:11:37.089626+00
160	WorkItemLocked	{"WorkItemId":18,"LockedByUserId":23,"Mode":"WRITE"}	domain-events	2026-07-09 17:11:38.304457+00
171	WorkItemCreated	{"WorkItemId":20,"BoardId":26,"CreatedByUserId":29,"AssignedUserId":null,"Priority":1,"Status":0}	domain-events	2026-07-09 17:11:39.505233+00
132	UserLoggedIn	{"UserId":20}	user-events	2026-07-09 17:10:47.776239+00
133	WorkItemLocked	{"WorkItemId":13,"LockedByUserId":20,"Mode":"WRITE"}	domain-events	2026-07-09 17:10:48.194929+00
134	WorkItemLocked	{"WorkItemId":12,"LockedByUserId":18,"Mode":"WRITE"}	domain-events	2026-07-09 17:10:48.262186+00
135	WorkItemCreated	{"WorkItemId":14,"BoardId":17,"CreatedByUserId":19,"AssignedUserId":null,"Priority":1,"Status":0}	domain-events	2026-07-09 17:10:48.827481+00
136	CommentCreated	{"CommentId":7,"WorkItemId":13,"UserId":20,"Content":"E2E comment from Playwright"}	domain-events	2026-07-09 17:10:48.840856+00
138	WorkItemUnlocked	{"WorkItemId":14,"TargetUserIds":[]}	domain-events	2026-07-09 17:10:48.996815+00
145	CommentUpdated	{"CommentId":8,"WorkItemId":15,"UserId":22,"Content":"Updated API comment"}	domain-events	2026-07-09 17:11:33.314918+00
148	UserRegistered	{"UserId":24,"Email":"playwright_f1c05ace0b48447cb03e9856b6302b94@test.local"}	user-events	2026-07-09 17:11:35.312889+00
157	WorkItemLocked	{"WorkItemId":16,"LockedByUserId":25,"Mode":"WRITE"}	domain-events	2026-07-09 17:11:37.4889+00
161	WorkItemUnlocked	{"WorkItemId":18,"TargetUserIds":[]}	domain-events	2026-07-09 17:11:38.37527+00
162	CommentCreated	{"CommentId":9,"WorkItemId":17,"UserId":26,"Content":"E2E comment from Playwright"}	domain-events	2026-07-09 17:11:38.416323+00
165	UserRegistered	{"UserId":28,"Email":"playwright_dfce9b452acb4944967f3f35de0379eb@test.local"}	user-events	2026-07-09 17:11:39.102288+00
169	SubWorkItemDeleted	{"SubWorkItemId":6,"WorkItemId":19,"DeletedByUserId":28}	domain-events	2026-07-09 17:11:39.314888+00
170	UserRegistered	{"UserId":29,"Email":"playwright_933816dacbfa49daace46c7d1016518b@test.local"}	user-events	2026-07-09 17:11:39.433677+00
173	WorkItemUpdated	{"WorkItemId":20,"BoardId":26,"UpdatedByUserId":29}	domain-events	2026-07-09 17:11:39.587052+00
175	WorkItemUnlocked	{"WorkItemId":16,"TargetUserIds":[]}	domain-events	2026-07-09 17:12:14.618043+00
176	WorkItemUnlocked	{"WorkItemId":17,"TargetUserIds":[]}	domain-events	2026-07-09 17:12:14.633485+00
140	WorkItemUnlocked	{"WorkItemId":13,"TargetUserIds":[]}	domain-events	2026-07-09 17:11:24.56945+00
141	WorkItemUnlocked	{"WorkItemId":12,"TargetUserIds":[]}	domain-events	2026-07-09 17:11:24.586267+00
146	CommentDeleted	{"CommentId":8,"WorkItemId":15,"UserId":22}	domain-events	2026-07-09 17:11:33.35026+00
153	UserLoggedIn	{"UserId":25}	user-events	2026-07-09 17:11:36.932991+00
154	UserLoggedIn	{"UserId":24}	user-events	2026-07-09 17:11:36.948234+00
163	SubWorkItemCreated	{"SubWorkItemId":5,"WorkItemId":16,"UserId":25,"Status":0}	domain-events	2026-07-09 17:11:38.591793+00
167	SubWorkItemCreated	{"SubWorkItemId":6,"WorkItemId":19,"UserId":28,"Status":0}	domain-events	2026-07-09 17:11:39.213621+00
143	WorkItemCreated	{"WorkItemId":15,"BoardId":19,"CreatedByUserId":22,"AssignedUserId":null,"Priority":1,"Status":0}	domain-events	2026-07-09 17:11:33.196939+00
147	UserRegistered	{"UserId":23,"Email":"playwright_c6ebc6ba2712424cba8e5c3071f1bc85@test.local"}	user-events	2026-07-09 17:11:35.303003+00
150	UserRegistered	{"UserId":26,"Email":"playwright_3aacbd23e433461fb8176fbfdb960f9e@test.local"}	user-events	2026-07-09 17:11:35.353545+00
152	WorkItemCreated	{"WorkItemId":17,"BoardId":23,"CreatedByUserId":26,"AssignedUserId":null,"Priority":1,"Status":0}	domain-events	2026-07-09 17:11:35.550523+00
155	UserLoggedIn	{"UserId":23}	user-events	2026-07-09 17:11:36.957183+00
166	WorkItemCreated	{"WorkItemId":19,"BoardId":25,"CreatedByUserId":28,"AssignedUserId":null,"Priority":1,"Status":0}	domain-events	2026-07-09 17:11:39.161349+00
174	WorkItemDeleted	{"WorkItemId":20,"BoardId":26,"DeletedByUserId":29}	domain-events	2026-07-09 17:11:39.644203+00
159	WorkItemCreated	{"WorkItemId":18,"BoardId":20,"CreatedByUserId":23,"AssignedUserId":null,"Priority":1,"Status":0}	domain-events	2026-07-09 17:11:38.260937+00
164	UserRegistered	{"UserId":27,"Email":"playwright_387d3a9ab49e41d4a6369029d4420134@test.local"}	user-events	2026-07-09 17:11:38.773038+00
168	SubWorkItemUpdated	{"SubWorkItemId":6,"WorkItemId":19,"UpdatedByUserId":28}	domain-events	2026-07-09 17:11:39.281727+00
177	UserRegistered	{"UserId":30,"Email":"demo@verta.local"}	user-events	2026-07-09 17:23:08.569635+00
178	WorkItemCreated	{"WorkItemId":21,"BoardId":27,"CreatedByUserId":30,"AssignedUserId":null,"Priority":1,"Status":0}	domain-events	2026-07-09 17:23:08.797126+00
179	SubWorkItemCreated	{"SubWorkItemId":7,"WorkItemId":21,"UserId":30,"Status":0}	domain-events	2026-07-09 17:23:08.824943+00
180	CommentCreated	{"CommentId":10,"WorkItemId":21,"UserId":30,"Content":"Demo komentar za testiranje."}	domain-events	2026-07-09 17:23:08.854551+00
181	UserRegistered	{"UserId":31,"Email":"playwright_a1b49b6ed4b341d58ad88c0ebcb25292@test.local"}	user-events	2026-07-09 17:23:40.302445+00
182	WorkItemCreated	{"WorkItemId":22,"BoardId":28,"CreatedByUserId":31,"AssignedUserId":null,"Priority":1,"Status":0}	domain-events	2026-07-09 17:23:40.393558+00
183	CommentCreated	{"CommentId":11,"WorkItemId":22,"UserId":31,"Content":"API comment"}	domain-events	2026-07-09 17:23:40.42864+00
184	CommentUpdated	{"CommentId":11,"WorkItemId":22,"UserId":31,"Content":"Updated API comment"}	domain-events	2026-07-09 17:23:40.495679+00
185	CommentDeleted	{"CommentId":11,"WorkItemId":22,"UserId":31}	domain-events	2026-07-09 17:23:40.523735+00
186	UserRegistered	{"UserId":32,"Email":"playwright_0e69a8d137974bb2ba810f1054bb3734@test.local"}	user-events	2026-07-09 17:23:42.211522+00
187	UserRegistered	{"UserId":33,"Email":"playwright_9d488f1a25074a12aff46450343dfbc8@test.local"}	user-events	2026-07-09 17:23:42.236871+00
188	UserRegistered	{"UserId":34,"Email":"playwright_6eab222d7d1a4807b0c5b4162028e1de@test.local"}	user-events	2026-07-09 17:23:42.245349+00
189	UserRegistered	{"UserId":35,"Email":"playwright_89fb70eb1c274e2081364b4a9345f2f0@test.local"}	user-events	2026-07-09 17:23:42.311861+00
190	WorkItemCreated	{"WorkItemId":23,"BoardId":29,"CreatedByUserId":33,"AssignedUserId":null,"Priority":1,"Status":0}	domain-events	2026-07-09 17:23:42.324725+00
191	WorkItemCreated	{"WorkItemId":24,"BoardId":32,"CreatedByUserId":35,"AssignedUserId":null,"Priority":1,"Status":0}	domain-events	2026-07-09 17:23:42.382549+00
192	UserLoggedIn	{"UserId":33}	user-events	2026-07-09 17:23:43.355021+00
193	UserLoggedIn	{"UserId":32}	user-events	2026-07-09 17:23:43.399323+00
194	UserLoggedIn	{"UserId":34}	user-events	2026-07-09 17:23:43.441032+00
195	UserLoggedIn	{"UserId":35}	user-events	2026-07-09 17:23:43.4688+00
196	WorkItemLocked	{"WorkItemId":23,"LockedByUserId":33,"Mode":"WRITE"}	domain-events	2026-07-09 17:23:43.897221+00
197	WorkItemLocked	{"WorkItemId":24,"LockedByUserId":35,"Mode":"WRITE"}	domain-events	2026-07-09 17:23:44.055986+00
198	WorkItemCreated	{"WorkItemId":25,"BoardId":30,"CreatedByUserId":32,"AssignedUserId":null,"Priority":1,"Status":0}	domain-events	2026-07-09 17:23:44.305313+00
199	WorkItemLocked	{"WorkItemId":25,"LockedByUserId":32,"Mode":"WRITE"}	domain-events	2026-07-09 17:23:44.391159+00
200	WorkItemUnlocked	{"WorkItemId":25,"TargetUserIds":[]}	domain-events	2026-07-09 17:23:44.431402+00
201	CommentCreated	{"CommentId":12,"WorkItemId":23,"UserId":33,"Content":"E2E comment from Playwright"}	domain-events	2026-07-09 17:23:44.463647+00
202	SubWorkItemCreated	{"SubWorkItemId":8,"WorkItemId":24,"UserId":35,"Status":0}	domain-events	2026-07-09 17:23:44.929785+00
203	UserRegistered	{"UserId":36,"Email":"playwright_378c6ffcca3a456bbae069ba2045d4ef@test.local"}	user-events	2026-07-09 17:23:45.123387+00
204	UserRegistered	{"UserId":37,"Email":"playwright_e5175a157143401fbebe35c83126d2ad@test.local"}	user-events	2026-07-09 17:23:45.385436+00
205	WorkItemCreated	{"WorkItemId":26,"BoardId":34,"CreatedByUserId":37,"AssignedUserId":null,"Priority":1,"Status":0}	domain-events	2026-07-09 17:23:45.443442+00
206	SubWorkItemCreated	{"SubWorkItemId":9,"WorkItemId":26,"UserId":37,"Status":0}	domain-events	2026-07-09 17:23:45.475845+00
207	SubWorkItemUpdated	{"SubWorkItemId":9,"WorkItemId":26,"UpdatedByUserId":37}	domain-events	2026-07-09 17:23:45.528757+00
208	SubWorkItemDeleted	{"SubWorkItemId":9,"WorkItemId":26,"DeletedByUserId":37}	domain-events	2026-07-09 17:23:45.558594+00
209	UserRegistered	{"UserId":38,"Email":"playwright_1e64f2fd4ff74205998fb9f1643d6441@test.local"}	user-events	2026-07-09 17:23:45.659729+00
210	WorkItemCreated	{"WorkItemId":27,"BoardId":35,"CreatedByUserId":38,"AssignedUserId":null,"Priority":1,"Status":0}	domain-events	2026-07-09 17:23:45.719403+00
211	WorkItemLocked	{"WorkItemId":27,"LockedByUserId":38,"Mode":"WRITE"}	domain-events	2026-07-09 17:23:45.766943+00
212	WorkItemUpdated	{"WorkItemId":27,"BoardId":35,"UpdatedByUserId":38}	domain-events	2026-07-09 17:23:45.793937+00
213	WorkItemDeleted	{"WorkItemId":27,"BoardId":35,"DeletedByUserId":38}	domain-events	2026-07-09 17:23:45.848333+00
214	WorkItemUnlocked	{"WorkItemId":24,"TargetUserIds":[]}	domain-events	2026-07-09 17:24:14.882301+00
215	UserRegistered	{"UserId":39,"Email":"playwright_837cfeaec8a04c648c129eba7048bc06@test.local"}	user-events	2026-07-09 17:32:58.297903+00
216	WorkItemCreated	{"WorkItemId":28,"BoardId":36,"CreatedByUserId":39,"AssignedUserId":null,"Priority":1,"Status":0}	domain-events	2026-07-09 17:32:58.415531+00
217	CommentCreated	{"CommentId":13,"WorkItemId":28,"UserId":39,"Content":"API comment"}	domain-events	2026-07-09 17:32:58.451133+00
218	CommentUpdated	{"CommentId":13,"WorkItemId":28,"UserId":39,"Content":"Updated API comment"}	domain-events	2026-07-09 17:32:58.513491+00
219	CommentDeleted	{"CommentId":13,"WorkItemId":28,"UserId":39}	domain-events	2026-07-09 17:32:58.542911+00
220	UserRegistered	{"UserId":40,"Email":"playwright_57ecb6406e1a46dcaf554c2f65deab1c@test.local"}	user-events	2026-07-09 17:33:00.513898+00
221	UserRegistered	{"UserId":41,"Email":"playwright_7d4543860560462a96bff76a61c7a0c9@test.local"}	user-events	2026-07-09 17:33:00.546489+00
222	UserRegistered	{"UserId":42,"Email":"playwright_210d7a76d4734244b4ce4ce266c63cfb@test.local"}	user-events	2026-07-09 17:33:00.57244+00
223	WorkItemCreated	{"WorkItemId":29,"BoardId":38,"CreatedByUserId":41,"AssignedUserId":null,"Priority":1,"Status":0}	domain-events	2026-07-09 17:33:00.610718+00
224	WorkItemCreated	{"WorkItemId":30,"BoardId":39,"CreatedByUserId":42,"AssignedUserId":null,"Priority":1,"Status":0}	domain-events	2026-07-09 17:33:00.640965+00
225	UserRegistered	{"UserId":43,"Email":"playwright_8e1edf50f7a84e1880c7cb95a0ef74cf@test.local"}	user-events	2026-07-09 17:33:00.650367+00
226	UserLoggedIn	{"UserId":41}	user-events	2026-07-09 17:33:01.912847+00
227	UserLoggedIn	{"UserId":40}	user-events	2026-07-09 17:33:01.946349+00
228	UserLoggedIn	{"UserId":42}	user-events	2026-07-09 17:33:01.953206+00
229	UserLoggedIn	{"UserId":43}	user-events	2026-07-09 17:33:02.158267+00
230	WorkItemLocked	{"WorkItemId":29,"LockedByUserId":41,"Mode":"WRITE"}	domain-events	2026-07-09 17:33:02.534767+00
231	WorkItemLocked	{"WorkItemId":30,"LockedByUserId":42,"Mode":"WRITE"}	domain-events	2026-07-09 17:33:02.593648+00
232	WorkItemCreated	{"WorkItemId":31,"BoardId":37,"CreatedByUserId":40,"AssignedUserId":null,"Priority":1,"Status":0}	domain-events	2026-07-09 17:33:03.089967+00
233	WorkItemLocked	{"WorkItemId":31,"LockedByUserId":40,"Mode":"WRITE"}	domain-events	2026-07-09 17:33:03.164149+00
234	CommentCreated	{"CommentId":14,"WorkItemId":30,"UserId":42,"Content":"E2E comment from Playwright"}	domain-events	2026-07-09 17:33:03.277233+00
238	UserRegistered	{"UserId":45,"Email":"playwright_6f4853842c954a0f8bc00233fb0e6e9e@test.local"}	user-events	2026-07-09 17:33:03.966028+00
239	WorkItemCreated	{"WorkItemId":32,"BoardId":42,"CreatedByUserId":45,"AssignedUserId":null,"Priority":1,"Status":0}	domain-events	2026-07-09 17:33:04.087544+00
240	SubWorkItemCreated	{"SubWorkItemId":11,"WorkItemId":32,"UserId":45,"Status":0}	domain-events	2026-07-09 17:33:04.113779+00
241	SubWorkItemUpdated	{"SubWorkItemId":11,"WorkItemId":32,"UpdatedByUserId":45}	domain-events	2026-07-09 17:33:04.155547+00
247	WorkItemDeleted	{"WorkItemId":33,"BoardId":43,"DeletedByUserId":46}	domain-events	2026-07-09 17:33:04.433689+00
235	WorkItemUnlocked	{"WorkItemId":31,"TargetUserIds":[]}	domain-events	2026-07-09 17:33:03.30705+00
236	SubWorkItemCreated	{"SubWorkItemId":10,"WorkItemId":29,"UserId":41,"Status":0}	domain-events	2026-07-09 17:33:03.576466+00
249	WorkItemUnlocked	{"WorkItemId":30,"TargetUserIds":[]}	domain-events	2026-07-09 17:33:35.080447+00
237	UserRegistered	{"UserId":44,"Email":"playwright_437109040c604e12b2c6eac540c05d27@test.local"}	user-events	2026-07-09 17:33:03.746414+00
244	WorkItemCreated	{"WorkItemId":33,"BoardId":43,"CreatedByUserId":46,"AssignedUserId":null,"Priority":1,"Status":0}	domain-events	2026-07-09 17:33:04.315012+00
246	WorkItemUpdated	{"WorkItemId":33,"BoardId":43,"UpdatedByUserId":46}	domain-events	2026-07-09 17:33:04.385246+00
242	SubWorkItemDeleted	{"SubWorkItemId":11,"WorkItemId":32,"DeletedByUserId":45}	domain-events	2026-07-09 17:33:04.178755+00
243	UserRegistered	{"UserId":46,"Email":"playwright_b1637ff347db4fd8946ada33efe2a049@test.local"}	user-events	2026-07-09 17:33:04.267359+00
245	WorkItemLocked	{"WorkItemId":33,"LockedByUserId":46,"Mode":"WRITE"}	domain-events	2026-07-09 17:33:04.361204+00
248	WorkItemUnlocked	{"WorkItemId":29,"TargetUserIds":[]}	domain-events	2026-07-09 17:33:35.068731+00
250	UserRegistered	{"UserId":47,"Email":"playwright_df515e6811054331833e8c8075df2475@test.local"}	user-events	2026-07-11 21:25:08.521973+00
251	UserRegistered	{"UserId":48,"Email":"playwright_4b27a25f02fc45469e99af77c39a5852@test.local"}	user-events	2026-07-11 21:25:18.303535+00
252	UserLoggedIn	{"UserId":48}	user-events	2026-07-11 21:25:19.723107+00
253	UserRegistered	{"UserId":49,"Email":"playwright_8141c21a107c494288083852a3861554@test.local"}	user-events	2026-07-11 21:27:28.299735+00
254	WorkItemCreated	{"WorkItemId":34,"BoardId":44,"CreatedByUserId":49,"AssignedUserId":null,"Priority":1,"Status":0}	domain-events	2026-07-11 21:27:29.896541+00
255	CommentCreated	{"CommentId":15,"WorkItemId":34,"UserId":49,"Content":"API comment"}	domain-events	2026-07-11 21:27:30.241774+00
256	CommentUpdated	{"CommentId":15,"WorkItemId":34,"UserId":49,"Content":"Updated API comment"}	domain-events	2026-07-11 21:27:30.589352+00
257	CommentDeleted	{"CommentId":15,"WorkItemId":34,"UserId":49}	domain-events	2026-07-11 21:27:30.72689+00
258	UserRegistered	{"UserId":50,"Email":"playwright_4f2b33efe254458f9d30ff0af2262d3d@test.local"}	user-events	2026-07-11 21:27:33.14228+00
259	UserRegistered	{"UserId":51,"Email":"playwright_e8b73a2f6d384d028cc88ad283ac2ab9@test.local"}	user-events	2026-07-11 21:27:33.1544+00
260	UserRegistered	{"UserId":52,"Email":"playwright_0bcfaf2f8a38453298febccca97a03ac@test.local"}	user-events	2026-07-11 21:27:33.193637+00
261	UserRegistered	{"UserId":53,"Email":"playwright_26c9510f73354036886d21f97c8e029a@test.local"}	user-events	2026-07-11 21:27:33.259305+00
262	WorkItemCreated	{"WorkItemId":35,"BoardId":46,"CreatedByUserId":50,"AssignedUserId":null,"Priority":1,"Status":0}	domain-events	2026-07-11 21:27:33.266975+00
263	UserLoggedIn	{"UserId":51}	user-events	2026-07-11 21:27:34.776476+00
264	UserLoggedIn	{"UserId":52}	user-events	2026-07-11 21:27:34.786683+00
265	UserLoggedIn	{"UserId":50}	user-events	2026-07-11 21:27:34.821974+00
266	UserLoggedIn	{"UserId":53}	user-events	2026-07-11 21:27:34.881881+00
267	WorkItemLocked	{"WorkItemId":35,"LockedByUserId":50,"Mode":"WRITE"}	domain-events	2026-07-11 21:27:35.973888+00
268	WorkItemCreated	{"WorkItemId":36,"BoardId":45,"CreatedByUserId":51,"AssignedUserId":null,"Priority":1,"Status":0}	domain-events	2026-07-11 21:27:36.151186+00
269	WorkItemLocked	{"WorkItemId":36,"LockedByUserId":51,"Mode":"WRITE"}	domain-events	2026-07-11 21:27:36.24604+00
270	WorkItemUnlocked	{"WorkItemId":36,"TargetUserIds":[]}	domain-events	2026-07-11 21:27:36.459599+00
271	CommentCreated	{"CommentId":16,"WorkItemId":35,"UserId":50,"Content":"E2E comment from Playwright"}	domain-events	2026-07-11 21:27:36.543651+00
272	UserRegistered	{"UserId":54,"Email":"playwright_2c58fd00b4064676b6ae8b4dbacfebd2@test.local"}	user-events	2026-07-11 21:27:40.781712+00
273	UserRegistered	{"UserId":55,"Email":"playwright_2d9c9a330e3b43179cb60d9b791b5b52@test.local"}	user-events	2026-07-11 21:27:41.164656+00
274	WorkItemCreated	{"WorkItemId":37,"BoardId":49,"CreatedByUserId":55,"AssignedUserId":null,"Priority":1,"Status":0}	domain-events	2026-07-11 21:27:41.263584+00
275	WorkItemLocked	{"WorkItemId":37,"LockedByUserId":55,"Mode":"WRITE"}	domain-events	2026-07-11 21:27:41.344841+00
276	WorkItemUpdated	{"WorkItemId":37,"BoardId":49,"UpdatedByUserId":55}	domain-events	2026-07-11 21:27:41.42543+00
277	WorkItemDeleted	{"WorkItemId":37,"BoardId":49,"DeletedByUserId":55}	domain-events	2026-07-11 21:27:41.587694+00
278	UserRegistered	{"UserId":56,"Email":"playwright_1601d53a43c0488c80d2a1e3c6522fc9@test.local"}	user-events	2026-07-11 21:27:41.692899+00
279	UserRegistered	{"UserId":57,"Email":"playwright_acb1b505060243e2902ae78f2e8e81f8@test.local"}	user-events	2026-07-11 21:27:58.64826+00
280	WorkItemCreated	{"WorkItemId":38,"BoardId":50,"CreatedByUserId":57,"AssignedUserId":null,"Priority":1,"Status":0}	domain-events	2026-07-11 21:27:59.22637+00
281	CommentCreated	{"CommentId":17,"WorkItemId":38,"UserId":57,"Content":"API comment"}	domain-events	2026-07-11 21:27:59.326809+00
282	CommentUpdated	{"CommentId":17,"WorkItemId":38,"UserId":57,"Content":"Updated API comment"}	domain-events	2026-07-11 21:27:59.496983+00
283	CommentDeleted	{"CommentId":17,"WorkItemId":38,"UserId":57}	domain-events	2026-07-11 21:27:59.6259+00
284	UserRegistered	{"UserId":58,"Email":"playwright_372e8dd6845a44ce9c56eb12b4d4082d@test.local"}	user-events	2026-07-11 21:28:02.010024+00
285	UserRegistered	{"UserId":59,"Email":"playwright_0e12a84616be4952b8cbf3c9ebef095b@test.local"}	user-events	2026-07-11 21:28:02.023012+00
286	UserRegistered	{"UserId":60,"Email":"playwright_3fb4e49b70ac415a933c4331ea7fa7fd@test.local"}	user-events	2026-07-11 21:28:02.044309+00
287	UserRegistered	{"UserId":61,"Email":"playwright_8273b643856e4f39847ee1be318810de@test.local"}	user-events	2026-07-11 21:28:02.06092+00
288	WorkItemCreated	{"WorkItemId":39,"BoardId":52,"CreatedByUserId":59,"AssignedUserId":null,"Priority":1,"Status":0}	domain-events	2026-07-11 21:28:02.164636+00
289	UserLoggedIn	{"UserId":61}	user-events	2026-07-11 21:28:03.411146+00
290	UserLoggedIn	{"UserId":60}	user-events	2026-07-11 21:28:03.428913+00
291	UserLoggedIn	{"UserId":58}	user-events	2026-07-11 21:28:03.474886+00
292	UserLoggedIn	{"UserId":59}	user-events	2026-07-11 21:28:03.570209+00
293	WorkItemLocked	{"WorkItemId":39,"LockedByUserId":59,"Mode":"WRITE"}	domain-events	2026-07-11 21:28:04.221217+00
294	WorkItemCreated	{"WorkItemId":40,"BoardId":53,"CreatedByUserId":60,"AssignedUserId":null,"Priority":1,"Status":0}	domain-events	2026-07-11 21:28:04.453131+00
295	WorkItemLocked	{"WorkItemId":40,"LockedByUserId":60,"Mode":"WRITE"}	domain-events	2026-07-11 21:28:04.528313+00
296	WorkItemUnlocked	{"WorkItemId":40,"TargetUserIds":[]}	domain-events	2026-07-11 21:28:04.609973+00
297	CommentCreated	{"CommentId":18,"WorkItemId":39,"UserId":59,"Content":"E2E comment from Playwright"}	domain-events	2026-07-11 21:28:04.80232+00
298	WorkItemUnlocked	{"WorkItemId":35,"TargetUserIds":[]}	domain-events	2026-07-11 21:28:08.730734+00
299	UserRegistered	{"UserId":62,"Email":"playwright_65b35a3cd5cc41a18ba425bb61fa8a42@test.local"}	user-events	2026-07-11 21:28:09.514403+00
300	UserRegistered	{"UserId":63,"Email":"playwright_eceb27bdd65340e48b791e94778fedf0@test.local"}	user-events	2026-07-11 21:28:09.737341+00
301	WorkItemCreated	{"WorkItemId":41,"BoardId":55,"CreatedByUserId":63,"AssignedUserId":null,"Priority":1,"Status":0}	domain-events	2026-07-11 21:28:09.799731+00
302	WorkItemLocked	{"WorkItemId":41,"LockedByUserId":63,"Mode":"WRITE"}	domain-events	2026-07-11 21:28:09.851311+00
303	WorkItemUpdated	{"WorkItemId":41,"BoardId":55,"UpdatedByUserId":63}	domain-events	2026-07-11 21:28:09.8824+00
304	WorkItemDeleted	{"WorkItemId":41,"BoardId":55,"DeletedByUserId":63}	domain-events	2026-07-11 21:28:09.941888+00
305	UserRegistered	{"UserId":64,"Email":"playwright_0a7af5f55a1f41c08262024ab3ce2eeb@test.local"}	user-events	2026-07-11 21:28:10.045006+00
306	WorkItemUnlocked	{"WorkItemId":39,"TargetUserIds":[]}	domain-events	2026-07-11 21:28:38.765728+00
307	UserRegistered	{"UserId":65,"Email":"playwright_274d458780f5446c8412f2eb8a61cd44@test.local"}	user-events	2026-07-11 21:29:27.773059+00
308	WorkItemCreated	{"WorkItemId":42,"BoardId":56,"CreatedByUserId":65,"AssignedUserId":null,"Priority":1,"Status":0}	domain-events	2026-07-11 21:29:27.952104+00
309	CommentCreated	{"CommentId":19,"WorkItemId":42,"UserId":65,"Content":"API comment"}	domain-events	2026-07-11 21:29:28.007033+00
317	UserLoggedIn	{"UserId":68}	user-events	2026-07-11 21:29:32.200565+00
318	UserLoggedIn	{"UserId":67}	user-events	2026-07-11 21:29:32.31999+00
328	WorkItemCreated	{"WorkItemId":45,"BoardId":61,"CreatedByUserId":71,"AssignedUserId":null,"Priority":1,"Status":0}	domain-events	2026-07-11 21:29:34.301691+00
333	WorkItemUnlocked	{"WorkItemId":43,"TargetUserIds":[]}	domain-events	2026-07-11 21:30:08.854263+00
310	CommentUpdated	{"CommentId":19,"WorkItemId":42,"UserId":65,"Content":"Updated API comment"}	domain-events	2026-07-11 21:29:28.102649+00
311	CommentDeleted	{"CommentId":19,"WorkItemId":42,"UserId":65}	domain-events	2026-07-11 21:29:28.155493+00
312	UserRegistered	{"UserId":67,"Email":"playwright_7910eea09932419faedbb3a900fdbdc7@test.local"}	user-events	2026-07-11 21:29:30.713786+00
313	UserRegistered	{"UserId":66,"Email":"playwright_9950afab3a48403b95e1ef5ac230e97c@test.local"}	user-events	2026-07-11 21:29:30.724333+00
314	UserRegistered	{"UserId":68,"Email":"playwright_970339e26f2d46209ed782361d3d6720@test.local"}	user-events	2026-07-11 21:29:30.737003+00
315	UserRegistered	{"UserId":69,"Email":"playwright_9dd0ca5e5ce148df8fa53a2025f28126@test.local"}	user-events	2026-07-11 21:29:30.841038+00
316	WorkItemCreated	{"WorkItemId":43,"BoardId":59,"CreatedByUserId":69,"AssignedUserId":null,"Priority":1,"Status":0}	domain-events	2026-07-11 21:29:30.927376+00
319	UserLoggedIn	{"UserId":66}	user-events	2026-07-11 21:29:32.378621+00
320	UserLoggedIn	{"UserId":69}	user-events	2026-07-11 21:29:32.482708+00
321	WorkItemLocked	{"WorkItemId":43,"LockedByUserId":69,"Mode":"WRITE"}	domain-events	2026-07-11 21:29:33.123324+00
322	WorkItemCreated	{"WorkItemId":44,"BoardId":57,"CreatedByUserId":66,"AssignedUserId":null,"Priority":1,"Status":0}	domain-events	2026-07-11 21:29:33.53305+00
324	WorkItemUnlocked	{"WorkItemId":44,"TargetUserIds":[]}	domain-events	2026-07-11 21:29:33.665022+00
325	CommentCreated	{"CommentId":20,"WorkItemId":43,"UserId":69,"Content":"E2E comment from Playwright"}	domain-events	2026-07-11 21:29:33.736879+00
326	UserRegistered	{"UserId":70,"Email":"playwright_1ea4712f4f9a4a77834408da7fe7d4c7@test.local"}	user-events	2026-07-11 21:29:33.950063+00
327	UserRegistered	{"UserId":71,"Email":"playwright_e1f199a2fbf44be8a52e3d0d91bedba6@test.local"}	user-events	2026-07-11 21:29:34.226977+00
329	WorkItemLocked	{"WorkItemId":45,"LockedByUserId":71,"Mode":"WRITE"}	domain-events	2026-07-11 21:29:34.368887+00
330	WorkItemUpdated	{"WorkItemId":45,"BoardId":61,"UpdatedByUserId":71}	domain-events	2026-07-11 21:29:34.413838+00
331	WorkItemDeleted	{"WorkItemId":45,"BoardId":61,"DeletedByUserId":71}	domain-events	2026-07-11 21:29:34.516422+00
332	UserRegistered	{"UserId":72,"Email":"playwright_f86dd1f2b41d4785870ed281e6e55dab@test.local"}	user-events	2026-07-11 21:29:34.672215+00
334	UserRegistered	{"UserId":73,"Email":"playwright_a36f97653df0465d8475d9ec14cc0a29@test.local"}	user-events	2026-07-11 21:30:13.055194+00
335	UserRegistered	{"UserId":74,"Email":"playwright_0183a5a3e8724efdb570608389bdb392@test.local"}	user-events	2026-07-11 21:30:14.934291+00
336	UserLoggedIn	{"UserId":74}	user-events	2026-07-11 21:30:15.678273+00
323	WorkItemLocked	{"WorkItemId":44,"LockedByUserId":66,"Mode":"WRITE"}	domain-events	2026-07-11 21:29:33.590833+00
337	UserRegistered	{"UserId":75,"Email":"playwright_0475cf6058734740b93e2794e30a39d1@test.local"}	user-events	2026-07-11 21:41:03.547109+00
338	WorkItemCreated	{"WorkItemId":46,"BoardId":62,"CreatedByUserId":75,"AssignedUserId":null,"Priority":1,"Status":0}	domain-events	2026-07-11 21:41:03.681098+00
339	CommentCreated	{"CommentId":21,"WorkItemId":46,"UserId":75,"Content":"API comment"}	domain-events	2026-07-11 21:41:03.727843+00
340	CommentUpdated	{"CommentId":21,"WorkItemId":46,"UserId":75,"Content":"Updated API comment"}	domain-events	2026-07-11 21:41:03.810478+00
341	CommentDeleted	{"CommentId":21,"WorkItemId":46,"UserId":75}	domain-events	2026-07-11 21:41:03.844222+00
342	UserRegistered	{"UserId":76,"Email":"playwright_66b0d071693d4bc98e1e67097058fa82@test.local"}	user-events	2026-07-11 21:41:06.401915+00
343	UserRegistered	{"UserId":77,"Email":"playwright_ef15e1b0b34b40b0a94c8d0833350d88@test.local"}	user-events	2026-07-11 21:41:06.411298+00
344	UserRegistered	{"UserId":78,"Email":"playwright_f11ce29590dc40fcb9762c7b6d1a8598@test.local"}	user-events	2026-07-11 21:41:06.419542+00
345	UserRegistered	{"UserId":79,"Email":"playwright_df5918f3e4d3479dbd424eb25b2c83f1@test.local"}	user-events	2026-07-11 21:41:06.437933+00
346	WorkItemCreated	{"WorkItemId":47,"BoardId":63,"CreatedByUserId":76,"AssignedUserId":null,"Priority":1,"Status":0}	domain-events	2026-07-11 21:41:06.565157+00
347	UserLoggedIn	{"UserId":77}	user-events	2026-07-11 21:41:08.016085+00
348	UserLoggedIn	{"UserId":79}	user-events	2026-07-11 21:41:08.120574+00
349	UserLoggedIn	{"UserId":78}	user-events	2026-07-11 21:41:08.158947+00
350	UserLoggedIn	{"UserId":76}	user-events	2026-07-11 21:41:08.383988+00
351	WorkItemLocked	{"WorkItemId":47,"LockedByUserId":76,"Mode":"WRITE"}	domain-events	2026-07-11 21:41:09.175906+00
352	WorkItemCreated	{"WorkItemId":48,"BoardId":65,"CreatedByUserId":78,"AssignedUserId":null,"Priority":1,"Status":0}	domain-events	2026-07-11 21:41:09.542989+00
353	WorkItemLocked	{"WorkItemId":48,"LockedByUserId":78,"Mode":"WRITE"}	domain-events	2026-07-11 21:41:09.596222+00
354	WorkItemUnlocked	{"WorkItemId":48,"TargetUserIds":[]}	domain-events	2026-07-11 21:41:09.678889+00
355	CommentCreated	{"CommentId":22,"WorkItemId":47,"UserId":76,"Content":"E2E comment from Playwright"}	domain-events	2026-07-11 21:41:09.783624+00
356	UserRegistered	{"UserId":80,"Email":"playwright_9f1339b6e4504ee280f720fd55cfddb1@test.local"}	user-events	2026-07-11 21:41:10.14972+00
357	UserRegistered	{"UserId":81,"Email":"playwright_aa2b7bfd8b6b41b4b778c9de499876a1@test.local"}	user-events	2026-07-11 21:41:10.589503+00
358	WorkItemCreated	{"WorkItemId":49,"BoardId":67,"CreatedByUserId":81,"AssignedUserId":null,"Priority":1,"Status":0}	domain-events	2026-07-11 21:41:10.663012+00
359	WorkItemLocked	{"WorkItemId":49,"LockedByUserId":81,"Mode":"WRITE"}	domain-events	2026-07-11 21:41:10.720159+00
360	WorkItemUpdated	{"WorkItemId":49,"BoardId":67,"UpdatedByUserId":81}	domain-events	2026-07-11 21:41:10.747399+00
361	WorkItemDeleted	{"WorkItemId":49,"BoardId":67,"DeletedByUserId":81}	domain-events	2026-07-11 21:41:10.805758+00
362	UserRegistered	{"UserId":82,"Email":"playwright_df3ebc7ad69649cba851184c903474c3@test.local"}	user-events	2026-07-11 21:41:10.924827+00
363	WorkItemUnlocked	{"WorkItemId":47,"TargetUserIds":[]}	domain-events	2026-07-11 21:41:49.146939+00
364	UserRegistered	{"UserId":83,"Email":"test@test.com"}	user-events	2026-07-12 17:32:44.859731+00
365	UserRegistered	{"UserId":84,"Email":"playwright_6ee51313b35646419079f5b53ae807e4@test.local"}	user-events	2026-07-12 17:33:47.493676+00
366	UserLoggedIn	{"UserId":84}	user-events	2026-07-12 17:33:48.656315+00
367	UserRegistered	{"UserId":85,"Email":"playwright_72bfa3bb9ba64fc0b5a4cc6982c55f53@test.local"}	user-events	2026-07-12 17:34:05.098503+00
368	UserRegistered	{"UserId":86,"Email":"playwright_2057bafb77e544108fa30f7d9f206375@test.local"}	user-events	2026-07-12 17:34:05.116244+00
369	UserRegistered	{"UserId":87,"Email":"playwright_95e01ca88fda4a18b38724fdae45c5ca@test.local"}	user-events	2026-07-12 17:34:05.124364+00
370	UserRegistered	{"UserId":88,"Email":"playwright_497b44fec7f34eb8897000c0a65e519e@test.local"}	user-events	2026-07-12 17:34:05.133587+00
371	UserRegistered	{"UserId":89,"Email":"playwright_e6861f7a8b014477a3adaa848c8dad22@test.local"}	user-events	2026-07-12 17:34:05.218284+00
372	UserRegistered	{"UserId":90,"Email":"playwright_6034ab8a377e4f32b275c7e6fc9107c0@test.local"}	user-events	2026-07-12 17:34:05.253363+00
373	WorkItemCreated	{"WorkItemId":50,"BoardId":73,"CreatedByUserId":90,"AssignedUserId":null,"Priority":1,"Status":0}	domain-events	2026-07-12 17:34:05.409717+00
374	WorkItemCreated	{"WorkItemId":51,"BoardId":71,"CreatedByUserId":86,"AssignedUserId":null,"Priority":1,"Status":0}	domain-events	2026-07-12 17:34:05.417831+00
375	UserLoggedIn	{"UserId":87}	user-events	2026-07-12 17:34:06.660706+00
376	UserLoggedIn	{"UserId":88}	user-events	2026-07-12 17:34:06.691097+00
377	UserLoggedIn	{"UserId":89}	user-events	2026-07-12 17:34:06.73043+00
378	UserLoggedIn	{"UserId":90}	user-events	2026-07-12 17:34:06.971815+00
379	UserLoggedIn	{"UserId":85}	user-events	2026-07-12 17:34:06.984383+00
380	UserLoggedIn	{"UserId":86}	user-events	2026-07-12 17:34:07.008825+00
381	WorkItemLocked	{"WorkItemId":51,"LockedByUserId":86,"Mode":"WRITE"}	domain-events	2026-07-12 17:34:07.687286+00
382	WorkItemLocked	{"WorkItemId":50,"LockedByUserId":90,"Mode":"WRITE"}	domain-events	2026-07-12 17:34:07.694236+00
383	WorkItemCreated	{"WorkItemId":52,"BoardId":69,"CreatedByUserId":87,"AssignedUserId":null,"Priority":1,"Status":0}	domain-events	2026-07-12 17:34:07.768036+00
384	WorkItemLocked	{"WorkItemId":52,"LockedByUserId":87,"Mode":"WRITE"}	domain-events	2026-07-12 17:34:07.822228+00
385	WorkItemUnlocked	{"WorkItemId":52,"TargetUserIds":[]}	domain-events	2026-07-12 17:34:08.089148+00
386	UserRegistered	{"UserId":91,"Email":"playwright_b4a907397b794c3eb3a5f4571e824492@test.local"}	user-events	2026-07-12 17:34:08.106685+00
387	CommentCreated	{"CommentId":23,"WorkItemId":50,"UserId":90,"Content":"Projekat je super!"}	domain-events	2026-07-12 17:34:08.305707+00
388	UserRegistered	{"UserId":92,"Email":"playwright_b09c48450f66457eb94cd54d569596b8@test.local"}	user-events	2026-07-12 17:34:08.479158+00
389	WorkItemCreated	{"WorkItemId":53,"BoardId":75,"CreatedByUserId":92,"AssignedUserId":null,"Priority":1,"Status":0}	domain-events	2026-07-12 17:34:08.565555+00
390	UserRegistered	{"UserId":93,"Email":"playwright_25f943e9fb1141e5b43676d96ae7ee7b@test.local"}	user-events	2026-07-12 17:34:08.741422+00
391	WorkItemCreated	{"WorkItemId":54,"BoardId":76,"CreatedByUserId":93,"AssignedUserId":null,"Priority":1,"Status":0}	domain-events	2026-07-12 17:34:08.853436+00
392	CommentCreated	{"CommentId":24,"WorkItemId":54,"UserId":93,"Content":"Komentar za brisanje"}	domain-events	2026-07-12 17:34:08.930699+00
393	UserLoggedIn	{"UserId":91}	user-events	2026-07-12 17:34:09.455847+00
394	UserRegistered	{"UserId":94,"Email":"playwright_3de03391542e4fda8eb1eed935bb03f7@test.local"}	user-events	2026-07-12 17:34:09.580839+00
395	UserLoggedIn	{"UserId":92}	user-events	2026-07-12 17:34:09.67192+00
396	WorkItemCreated	{"WorkItemId":55,"BoardId":77,"CreatedByUserId":94,"AssignedUserId":null,"Priority":1,"Status":0}	domain-events	2026-07-12 17:34:09.68987+00
397	UserLoggedIn	{"UserId":93}	user-events	2026-07-12 17:34:09.954265+00
398	WorkItemLocked	{"WorkItemId":54,"LockedByUserId":93,"Mode":"WRITE"}	domain-events	2026-07-12 17:34:10.266735+00
399	UserLoggedIn	{"UserId":94}	user-events	2026-07-12 17:34:10.479462+00
400	CommentDeleted	{"CommentId":24,"WorkItemId":54,"UserId":93}	domain-events	2026-07-12 17:34:10.733985+00
401	WorkItemLocked	{"WorkItemId":55,"LockedByUserId":94,"Mode":"WRITE"}	domain-events	2026-07-12 17:34:10.842616+00
402	UserRegistered	{"UserId":95,"Email":"playwright_7653af00a8c44831afa489b4c7d44f0a@test.local"}	user-events	2026-07-12 17:34:11.017663+00
405	UserLoggedIn	{"UserId":95}	user-events	2026-07-12 17:34:11.75772+00
403	WorkItemCreated	{"WorkItemId":56,"BoardId":78,"CreatedByUserId":95,"AssignedUserId":null,"Priority":1,"Status":0}	domain-events	2026-07-12 17:34:11.09567+00
404	CommentCreated	{"CommentId":25,"WorkItemId":56,"UserId":95,"Content":"Originalni komentar"}	domain-events	2026-07-12 17:34:11.12941+00
406	WorkItemLocked	{"WorkItemId":56,"LockedByUserId":95,"Mode":"WRITE"}	domain-events	2026-07-12 17:34:12.067542+00
407	UserRegistered	{"UserId":96,"Email":"playwright_e59bd7ad8f09430190304df30fcf1c35@test.local"}	user-events	2026-07-12 17:34:23.353326+00
408	WorkItemCreated	{"WorkItemId":57,"BoardId":80,"CreatedByUserId":96,"AssignedUserId":null,"Priority":1,"Status":0}	domain-events	2026-07-12 17:34:23.4701+00
409	UserLoggedIn	{"UserId":96}	user-events	2026-07-12 17:34:24.060257+00
410	UserRegistered	{"UserId":97,"Email":"playwright_cb2be1a1c1ef455e91acf61a6fb61a3b@test.local"}	user-events	2026-07-12 17:34:25.798927+00
411	WorkItemCreated	{"WorkItemId":58,"BoardId":81,"CreatedByUserId":97,"AssignedUserId":null,"Priority":1,"Status":0}	domain-events	2026-07-12 17:34:25.862565+00
412	UserLoggedIn	{"UserId":97}	user-events	2026-07-12 17:34:26.620258+00
413	WorkItemLocked	{"WorkItemId":58,"LockedByUserId":97,"Mode":"WRITE"}	domain-events	2026-07-12 17:34:26.917295+00
414	WorkItemUnlocked	{"WorkItemId":58,"TargetUserIds":[]}	domain-events	2026-07-12 17:34:27.360983+00
415	UserRegistered	{"UserId":98,"Email":"playwright_b66d80ecd7a04429afc8b147751ad59d@test.local"}	user-events	2026-07-12 17:34:37.895811+00
416	UserLoggedIn	{"UserId":98}	user-events	2026-07-12 17:34:38.726487+00
417	UserRegistered	{"UserId":99,"Email":"playwright_4e9a29f15a3f4abba679b0349cde4b91@test.local"}	user-events	2026-07-12 17:34:42.65919+00
418	WorkItemCreated	{"WorkItemId":59,"BoardId":83,"CreatedByUserId":99,"AssignedUserId":null,"Priority":1,"Status":0}	domain-events	2026-07-12 17:34:42.719069+00
419	UserLoggedIn	{"UserId":99}	user-events	2026-07-12 17:34:43.260347+00
420	WorkItemLocked	{"WorkItemId":59,"LockedByUserId":99,"Mode":"WRITE"}	domain-events	2026-07-12 17:34:43.542252+00
421	WorkItemUnlocked	{"WorkItemId":51,"TargetUserIds":[]}	domain-events	2026-07-12 17:34:46.400052+00
422	WorkItemUnlocked	{"WorkItemId":50,"TargetUserIds":[]}	domain-events	2026-07-12 17:34:46.412168+00
423	WorkItemUnlocked	{"WorkItemId":54,"TargetUserIds":[]}	domain-events	2026-07-12 17:34:46.424221+00
424	WorkItemUnlocked	{"WorkItemId":55,"TargetUserIds":[]}	domain-events	2026-07-12 17:34:46.439895+00
425	WorkItemUnlocked	{"WorkItemId":56,"TargetUserIds":[]}	domain-events	2026-07-12 17:35:16.479667+00
426	WorkItemUnlocked	{"WorkItemId":59,"TargetUserIds":[]}	domain-events	2026-07-12 17:35:16.4946+00
427	UserRegistered	{"UserId":100,"Email":"playwright_96e6f22c09fa4e408814be1b7af4d4ee@test.local"}	user-events	2026-07-12 17:35:49.153291+00
428	WorkItemCreated	{"WorkItemId":60,"BoardId":84,"CreatedByUserId":100,"AssignedUserId":null,"Priority":1,"Status":0}	domain-events	2026-07-12 17:35:49.258962+00
429	UserRegistered	{"UserId":101,"Email":"playwright_4304f4aad58948d6985178bd4310985f@test.local"}	user-events	2026-07-12 17:35:49.785248+00
430	UserRegistered	{"UserId":102,"Email":"playwright_ff9fa4ab63b141a9b80fb3f6067d1889@test.local"}	user-events	2026-07-12 17:35:49.799144+00
431	UserRegistered	{"UserId":103,"Email":"playwright_41f802fa3a064b4cb8440f560bc4120a@test.local"}	user-events	2026-07-12 17:35:49.82193+00
432	UserRegistered	{"UserId":104,"Email":"playwright_f58b8bd7f1a343728e0d4c6a87fa138d@test.local"}	user-events	2026-07-12 17:35:49.833202+00
433	UserRegistered	{"UserId":105,"Email":"playwright_74f9cbea146e498586e2d012372cb804@test.local"}	user-events	2026-07-12 17:35:49.843346+00
434	WorkItemCreated	{"WorkItemId":61,"BoardId":85,"CreatedByUserId":102,"AssignedUserId":null,"Priority":1,"Status":0}	domain-events	2026-07-12 17:35:49.916819+00
435	UserLoggedIn	{"UserId":100}	user-events	2026-07-12 17:35:51.098061+00
436	UserLoggedIn	{"UserId":103}	user-events	2026-07-12 17:35:51.160791+00
437	UserLoggedIn	{"UserId":101}	user-events	2026-07-12 17:35:51.220523+00
438	UserLoggedIn	{"UserId":104}	user-events	2026-07-12 17:35:51.248863+00
439	UserLoggedIn	{"UserId":102}	user-events	2026-07-12 17:35:51.459013+00
440	WorkItemLocked	{"WorkItemId":60,"LockedByUserId":100,"Mode":"WRITE"}	domain-events	2026-07-12 17:35:51.628234+00
441	UserLoggedIn	{"UserId":105}	user-events	2026-07-12 17:35:51.656754+00
442	WorkItemLocked	{"WorkItemId":61,"LockedByUserId":102,"Mode":"WRITE"}	domain-events	2026-07-12 17:35:52.059545+00
443	WorkItemCreated	{"WorkItemId":62,"BoardId":87,"CreatedByUserId":104,"AssignedUserId":null,"Priority":1,"Status":0}	domain-events	2026-07-12 17:35:52.529088+00
444	CommentCreated	{"CommentId":26,"WorkItemId":60,"UserId":100,"Content":"Projekat je super!"}	domain-events	2026-07-12 17:35:52.551994+00
445	WorkItemLocked	{"WorkItemId":62,"LockedByUserId":104,"Mode":"WRITE"}	domain-events	2026-07-12 17:35:52.611473+00
446	WorkItemUnlocked	{"WorkItemId":62,"TargetUserIds":[]}	domain-events	2026-07-12 17:35:52.711595+00
447	UserRegistered	{"UserId":106,"Email":"playwright_f6cebaae970246ae8d3afd2d96f97d5e@test.local"}	user-events	2026-07-12 17:35:53.138358+00
448	UserRegistered	{"UserId":107,"Email":"playwright_18db0dbff9ae47c48cf313afaf0e530e@test.local"}	user-events	2026-07-12 17:35:53.18239+00
449	WorkItemCreated	{"WorkItemId":63,"BoardId":90,"CreatedByUserId":106,"AssignedUserId":null,"Priority":1,"Status":0}	domain-events	2026-07-12 17:35:53.233318+00
450	CommentCreated	{"CommentId":27,"WorkItemId":63,"UserId":106,"Content":"Komentar za brisanje"}	domain-events	2026-07-12 17:35:53.280078+00
451	UserRegistered	{"UserId":108,"Email":"playwright_870d35b94fea48e1af6fdc913b0365b5@test.local"}	user-events	2026-07-12 17:35:53.303601+00
452	SubWorkItemCreated	{"SubWorkItemId":12,"WorkItemId":61,"UserId":102,"Status":0}	domain-events	2026-07-12 17:35:53.355498+00
453	UserRegistered	{"UserId":109,"Email":"playwright_650a87870c57403c97f56f268b3a8d2d@test.local"}	user-events	2026-07-12 17:35:53.363364+00
454	UserRegistered	{"UserId":110,"Email":"playwright_ed1c8123d92d4c9f8bcb13d3dd0767d6@test.local"}	user-events	2026-07-12 17:35:53.389204+00
455	WorkItemCreated	{"WorkItemId":64,"BoardId":92,"CreatedByUserId":108,"AssignedUserId":null,"Priority":1,"Status":0}	domain-events	2026-07-12 17:35:53.450947+00
456	WorkItemCreated	{"WorkItemId":65,"BoardId":95,"CreatedByUserId":110,"AssignedUserId":null,"Priority":1,"Status":0}	domain-events	2026-07-12 17:35:53.546361+00
457	UserRegistered	{"UserId":111,"Email":"playwright_f1ba8c7aa1d4484896994372b3a24f1d@test.local"}	user-events	2026-07-12 17:35:53.737005+00
458	WorkItemCreated	{"WorkItemId":66,"BoardId":96,"CreatedByUserId":111,"AssignedUserId":null,"Priority":1,"Status":0}	domain-events	2026-07-12 17:35:53.920102+00
459	UserLoggedIn	{"UserId":107}	user-events	2026-07-12 17:35:54.458696+00
460	UserLoggedIn	{"UserId":106}	user-events	2026-07-12 17:35:54.470158+00
461	UserLoggedIn	{"UserId":108}	user-events	2026-07-12 17:35:54.623139+00
462	UserLoggedIn	{"UserId":109}	user-events	2026-07-12 17:35:54.95572+00
463	WorkItemLocked	{"WorkItemId":63,"LockedByUserId":106,"Mode":"WRITE"}	domain-events	2026-07-12 17:35:54.961279+00
464	UserLoggedIn	{"UserId":110}	user-events	2026-07-12 17:35:54.998763+00
465	WorkItemLocked	{"WorkItemId":64,"LockedByUserId":108,"Mode":"WRITE"}	domain-events	2026-07-12 17:35:55.140482+00
466	UserLoggedIn	{"UserId":111}	user-events	2026-07-12 17:35:55.215192+00
467	WorkItemDeleted	{"WorkItemId":64,"BoardId":92,"DeletedByUserId":108}	domain-events	2026-07-12 17:35:55.452884+00
468	CommentDeleted	{"CommentId":27,"WorkItemId":63,"UserId":106}	domain-events	2026-07-12 17:35:55.530095+00
469	WorkItemLocked	{"WorkItemId":66,"LockedByUserId":111,"Mode":"WRITE"}	domain-events	2026-07-12 17:35:55.689275+00
470	UserRegistered	{"UserId":112,"Email":"playwright_2fb805e15c8947dfa45f153c502cf8af@test.local"}	user-events	2026-07-12 17:35:55.886969+00
477	UserLoggedIn	{"UserId":113}	user-events	2026-07-12 17:35:56.997821+00
482	UserRegistered	{"UserId":114,"Email":"playwright_c3a61bacb31e4d30a88240ad11b6d27e@test.local"}	user-events	2026-07-12 17:35:58.161327+00
497	UserLoggedIn	{"UserId":115}	user-events	2026-07-12 17:37:01.121492+00
471	UserRegistered	{"UserId":113,"Email":"playwright_e3735e07bd85401fa0b9941c90a7e0a5@test.local"}	user-events	2026-07-12 17:35:55.959789+00
472	WorkItemCreated	{"WorkItemId":67,"BoardId":97,"CreatedByUserId":112,"AssignedUserId":null,"Priority":1,"Status":0}	domain-events	2026-07-12 17:35:55.978281+00
473	WorkItemCreated	{"WorkItemId":68,"BoardId":98,"CreatedByUserId":113,"AssignedUserId":null,"Priority":1,"Status":0}	domain-events	2026-07-12 17:35:56.111481+00
488	WorkItemUnlocked	{"WorkItemId":63,"TargetUserIds":[]}	domain-events	2026-07-12 17:36:26.55816+00
491	UserRegistered	{"UserId":116,"Email":"playwright_c8099a33414a44fcaf241323a9a8d883@test.local"}	user-events	2026-07-12 17:36:59.893536+00
474	CommentCreated	{"CommentId":28,"WorkItemId":68,"UserId":113,"Content":"Originalni komentar"}	domain-events	2026-07-12 17:35:56.169039+00
484	UserLoggedIn	{"UserId":114}	user-events	2026-07-12 17:35:58.87794+00
487	WorkItemUnlocked	{"WorkItemId":61,"TargetUserIds":[]}	domain-events	2026-07-12 17:36:26.544186+00
495	CommentCreated	{"CommentId":29,"WorkItemId":71,"UserId":115,"Content":"Originalni komentar"}	domain-events	2026-07-12 17:37:00.419466+00
499	WorkItemLocked	{"WorkItemId":71,"LockedByUserId":115,"Mode":"WRITE"}	domain-events	2026-07-12 17:37:01.47595+00
501	WorkItemUnlocked	{"WorkItemId":68,"TargetUserIds":[]}	domain-events	2026-07-12 17:37:06.62254+00
475	SubWorkItemCreated	{"SubWorkItemId":13,"WorkItemId":66,"UserId":111,"Status":0}	domain-events	2026-07-12 17:35:56.670283+00
479	WorkItemLocked	{"WorkItemId":68,"LockedByUserId":113,"Mode":"WRITE"}	domain-events	2026-07-12 17:35:57.41727+00
489	WorkItemUnlocked	{"WorkItemId":66,"TargetUserIds":[]}	domain-events	2026-07-12 17:36:26.570796+00
494	WorkItemCreated	{"WorkItemId":70,"BoardId":101,"CreatedByUserId":116,"AssignedUserId":null,"Priority":1,"Status":0}	domain-events	2026-07-12 17:37:00.377823+00
476	UserLoggedIn	{"UserId":112}	user-events	2026-07-12 17:35:56.879431+00
480	SubWorkItemUpdated	{"SubWorkItemId":13,"WorkItemId":66,"UpdatedByUserId":111}	domain-events	2026-07-12 17:35:57.575112+00
481	WorkItemUnlocked	{"WorkItemId":67,"TargetUserIds":[]}	domain-events	2026-07-12 17:35:57.77637+00
483	WorkItemCreated	{"WorkItemId":69,"BoardId":99,"CreatedByUserId":114,"AssignedUserId":null,"Priority":1,"Status":0}	domain-events	2026-07-12 17:35:58.243287+00
486	WorkItemUnlocked	{"WorkItemId":60,"TargetUserIds":[]}	domain-events	2026-07-12 17:36:26.529961+00
493	WorkItemCreated	{"WorkItemId":71,"BoardId":100,"CreatedByUserId":115,"AssignedUserId":null,"Priority":1,"Status":0}	domain-events	2026-07-12 17:37:00.371061+00
498	WorkItemLocked	{"WorkItemId":70,"LockedByUserId":116,"Mode":"WRITE"}	domain-events	2026-07-12 17:37:01.436694+00
500	WorkItemUnlocked	{"WorkItemId":70,"TargetUserIds":[]}	domain-events	2026-07-12 17:37:01.920246+00
478	WorkItemLocked	{"WorkItemId":67,"LockedByUserId":112,"Mode":"WRITE"}	domain-events	2026-07-12 17:35:57.271366+00
485	WorkItemLocked	{"WorkItemId":69,"LockedByUserId":114,"Mode":"WRITE"}	domain-events	2026-07-12 17:35:59.169976+00
490	WorkItemUnlocked	{"WorkItemId":69,"TargetUserIds":[]}	domain-events	2026-07-12 17:36:36.589061+00
492	UserRegistered	{"UserId":115,"Email":"playwright_9c655701f53943cc9780ff09b4669e19@test.local"}	user-events	2026-07-12 17:36:59.906858+00
496	UserLoggedIn	{"UserId":116}	user-events	2026-07-12 17:37:01.076615+00
502	WorkItemUnlocked	{"WorkItemId":71,"TargetUserIds":[]}	domain-events	2026-07-12 17:37:46.645558+00
503	UserRegistered	{"UserId":117,"Email":"playwright_fd163484fd014c17abe77370a0cadead@test.local"}	user-events	2026-07-12 17:37:59.384335+00
504	UserRegistered	{"UserId":118,"Email":"playwright_ce2a927388dd440bb91f6794eba8f6fe@test.local"}	user-events	2026-07-12 17:37:59.390727+00
505	WorkItemCreated	{"WorkItemId":73,"BoardId":102,"CreatedByUserId":118,"AssignedUserId":null,"Priority":1,"Status":0}	domain-events	2026-07-12 17:37:59.553433+00
506	WorkItemCreated	{"WorkItemId":72,"BoardId":103,"CreatedByUserId":117,"AssignedUserId":null,"Priority":1,"Status":0}	domain-events	2026-07-12 17:37:59.563838+00
507	CommentCreated	{"CommentId":30,"WorkItemId":73,"UserId":118,"Content":"Originalni komentar"}	domain-events	2026-07-12 17:37:59.604532+00
508	UserLoggedIn	{"UserId":118}	user-events	2026-07-12 17:38:00.440836+00
509	WorkItemLocked	{"WorkItemId":73,"LockedByUserId":118,"Mode":"WRITE"}	domain-events	2026-07-12 17:38:00.710982+00
510	UserRegistered	{"UserId":119,"Email":"playwright_fbaf85bb447c42e3bd54f5b3e7b5ccc5@test.local"}	user-events	2026-07-12 17:38:56.645801+00
511	UserRegistered	{"UserId":121,"Email":"playwright_223de2a1dc364201b05f9880edf208f2@test.local"}	user-events	2026-07-12 17:38:56.655821+00
512	UserRegistered	{"UserId":120,"Email":"playwright_42958fef62ba413b9247276d31f9aec5@test.local"}	user-events	2026-07-12 17:38:56.66452+00
513	UserRegistered	{"UserId":122,"Email":"playwright_916e0c5acb354f20ace89d468572e3d1@test.local"}	user-events	2026-07-12 17:38:56.68824+00
514	UserRegistered	{"UserId":123,"Email":"playwright_9d7dd8d986514351a11d8a5b8986a1e9@test.local"}	user-events	2026-07-12 17:38:56.697278+00
515	UserRegistered	{"UserId":124,"Email":"playwright_dd962a5012d745ca997d2f86dfe52903@test.local"}	user-events	2026-07-12 17:38:56.704058+00
516	WorkItemCreated	{"WorkItemId":74,"BoardId":108,"CreatedByUserId":122,"AssignedUserId":null,"Priority":1,"Status":0}	domain-events	2026-07-12 17:38:56.887817+00
517	WorkItemCreated	{"WorkItemId":75,"BoardId":104,"CreatedByUserId":123,"AssignedUserId":null,"Priority":1,"Status":0}	domain-events	2026-07-12 17:38:56.907365+00
518	UserLoggedIn	{"UserId":120}	user-events	2026-07-12 17:38:58.394082+00
519	UserLoggedIn	{"UserId":121}	user-events	2026-07-12 17:38:58.422084+00
520	UserLoggedIn	{"UserId":119}	user-events	2026-07-12 17:38:58.431373+00
521	UserLoggedIn	{"UserId":124}	user-events	2026-07-12 17:38:58.50198+00
522	UserLoggedIn	{"UserId":123}	user-events	2026-07-12 17:38:58.696453+00
523	UserLoggedIn	{"UserId":122}	user-events	2026-07-12 17:38:58.756674+00
524	WorkItemLocked	{"WorkItemId":75,"LockedByUserId":123,"Mode":"WRITE"}	domain-events	2026-07-12 17:38:59.476873+00
525	WorkItemCreated	{"WorkItemId":76,"BoardId":106,"CreatedByUserId":119,"AssignedUserId":null,"Priority":1,"Status":0}	domain-events	2026-07-12 17:38:59.524941+00
526	WorkItemLocked	{"WorkItemId":74,"LockedByUserId":122,"Mode":"WRITE"}	domain-events	2026-07-12 17:38:59.604957+00
527	WorkItemLocked	{"WorkItemId":76,"LockedByUserId":119,"Mode":"WRITE"}	domain-events	2026-07-12 17:38:59.760737+00
528	WorkItemUnlocked	{"WorkItemId":76,"TargetUserIds":[]}	domain-events	2026-07-12 17:38:59.832624+00
529	CommentCreated	{"CommentId":31,"WorkItemId":75,"UserId":123,"Content":"Projekat je super!"}	domain-events	2026-07-12 17:39:00.058078+00
530	UserRegistered	{"UserId":125,"Email":"playwright_107515ede54c4ac4b9ee229576b7dcef@test.local"}	user-events	2026-07-12 17:39:00.292357+00
531	UserRegistered	{"UserId":126,"Email":"playwright_1f3226fc90f24d819d1b3ad8f8ddad47@test.local"}	user-events	2026-07-12 17:39:00.306047+00
532	UserRegistered	{"UserId":127,"Email":"playwright_bd42f1e193324008ba344180e1c2e02a@test.local"}	user-events	2026-07-12 17:39:00.367566+00
533	WorkItemCreated	{"WorkItemId":77,"BoardId":112,"CreatedByUserId":127,"AssignedUserId":null,"Priority":1,"Status":0}	domain-events	2026-07-12 17:39:00.569722+00
534	UserRegistered	{"UserId":128,"Email":"playwright_5bed868b0b5340369c60be979105edf5@test.local"}	user-events	2026-07-12 17:39:00.697016+00
535	UserRegistered	{"UserId":129,"Email":"playwright_9bfdeae04b0d4f97aeb1e6d770f22956@test.local"}	user-events	2026-07-12 17:39:00.753675+00
536	SubWorkItemCreated	{"SubWorkItemId":14,"WorkItemId":74,"UserId":122,"Status":0}	domain-events	2026-07-12 17:39:00.765825+00
537	WorkItemCreated	{"WorkItemId":78,"BoardId":114,"CreatedByUserId":128,"AssignedUserId":null,"Priority":1,"Status":0}	domain-events	2026-07-12 17:39:00.913496+00
538	WorkItemCreated	{"WorkItemId":79,"BoardId":115,"CreatedByUserId":129,"AssignedUserId":null,"Priority":1,"Status":0}	domain-events	2026-07-12 17:39:00.934484+00
539	CommentCreated	{"CommentId":32,"WorkItemId":78,"UserId":128,"Content":"Komentar za brisanje"}	domain-events	2026-07-12 17:39:00.959561+00
540	UserRegistered	{"UserId":130,"Email":"playwright_748f90bf91ce4b85a8bdf2c9fdd52c44@test.local"}	user-events	2026-07-12 17:39:01.332724+00
541	WorkItemCreated	{"WorkItemId":80,"BoardId":116,"CreatedByUserId":130,"AssignedUserId":null,"Priority":1,"Status":0}	domain-events	2026-07-12 17:39:01.490992+00
542	UserLoggedIn	{"UserId":126}	user-events	2026-07-12 17:39:01.939609+00
543	UserLoggedIn	{"UserId":125}	user-events	2026-07-12 17:39:01.95718+00
544	UserLoggedIn	{"UserId":127}	user-events	2026-07-12 17:39:01.966672+00
546	WorkItemLocked	{"WorkItemId":77,"LockedByUserId":127,"Mode":"WRITE"}	domain-events	2026-07-12 17:39:02.353176+00
545	UserLoggedIn	{"UserId":128}	user-events	2026-07-12 17:39:02.353176+00
547	UserLoggedIn	{"UserId":129}	user-events	2026-07-12 17:39:02.361462+00
548	WorkItemDeleted	{"WorkItemId":77,"BoardId":112,"DeletedByUserId":127}	domain-events	2026-07-12 17:39:02.603398+00
549	UserLoggedIn	{"UserId":130}	user-events	2026-07-12 17:39:02.663018+00
550	WorkItemLocked	{"WorkItemId":78,"LockedByUserId":128,"Mode":"WRITE"}	domain-events	2026-07-12 17:39:02.760404+00
551	UserRegistered	{"UserId":131,"Email":"playwright_99bcbac974784c128ebbe5aa181fe6ff@test.local"}	user-events	2026-07-12 17:39:03.006747+00
552	WorkItemLocked	{"WorkItemId":80,"LockedByUserId":130,"Mode":"WRITE"}	domain-events	2026-07-12 17:39:03.060137+00
553	WorkItemCreated	{"WorkItemId":81,"BoardId":117,"CreatedByUserId":131,"AssignedUserId":null,"Priority":1,"Status":0}	domain-events	2026-07-12 17:39:03.10061+00
554	CommentDeleted	{"CommentId":32,"WorkItemId":78,"UserId":128}	domain-events	2026-07-12 17:39:03.339442+00
555	UserRegistered	{"UserId":132,"Email":"playwright_563ec4642aa34e2f80aa0f64391a52ea@test.local"}	user-events	2026-07-12 17:39:03.601979+00
556	WorkItemCreated	{"WorkItemId":82,"BoardId":118,"CreatedByUserId":132,"AssignedUserId":null,"Priority":1,"Status":0}	domain-events	2026-07-12 17:39:03.681252+00
557	CommentCreated	{"CommentId":33,"WorkItemId":82,"UserId":132,"Content":"Originalni komentar"}	domain-events	2026-07-12 17:39:03.712107+00
558	SubWorkItemCreated	{"SubWorkItemId":15,"WorkItemId":80,"UserId":130,"Status":0}	domain-events	2026-07-12 17:39:03.797664+00
559	UserLoggedIn	{"UserId":131}	user-events	2026-07-12 17:39:03.948015+00
563	WorkItemUpdated	{"WorkItemId":81,"BoardId":117,"UpdatedByUserId":131}	domain-events	2026-07-12 17:39:04.76365+00
567	UserRegistered	{"UserId":133,"Email":"playwright_389c09f0becb400ebcb0f2081f36b437@test.local"}	user-events	2026-07-12 17:39:10.395264+00
570	WorkItemLocked	{"WorkItemId":83,"LockedByUserId":133,"Mode":"WRITE"}	domain-events	2026-07-12 17:39:11.556065+00
560	WorkItemLocked	{"WorkItemId":81,"LockedByUserId":131,"Mode":"WRITE"}	domain-events	2026-07-12 17:39:04.291139+00
561	UserLoggedIn	{"UserId":132}	user-events	2026-07-12 17:39:04.503305+00
566	WorkItemUnlocked	{"WorkItemId":73,"TargetUserIds":[]}	domain-events	2026-07-12 17:39:06.683161+00
568	WorkItemCreated	{"WorkItemId":83,"BoardId":119,"CreatedByUserId":133,"AssignedUserId":null,"Priority":1,"Status":0}	domain-events	2026-07-12 17:39:10.472649+00
562	SubWorkItemUpdated	{"SubWorkItemId":15,"WorkItemId":80,"UpdatedByUserId":130}	domain-events	2026-07-12 17:39:04.595224+00
564	WorkItemUnlocked	{"WorkItemId":81,"TargetUserIds":[]}	domain-events	2026-07-12 17:39:04.818587+00
569	UserLoggedIn	{"UserId":133}	user-events	2026-07-12 17:39:11.193908+00
565	WorkItemLocked	{"WorkItemId":82,"LockedByUserId":132,"Mode":"WRITE"}	domain-events	2026-07-12 17:39:04.909442+00
571	WorkItemUnlocked	{"WorkItemId":75,"TargetUserIds":[]}	domain-events	2026-07-12 17:39:36.706075+00
572	WorkItemUnlocked	{"WorkItemId":74,"TargetUserIds":[]}	domain-events	2026-07-12 17:39:36.727964+00
573	WorkItemUnlocked	{"WorkItemId":78,"TargetUserIds":[]}	domain-events	2026-07-12 17:39:36.732752+00
574	WorkItemUnlocked	{"WorkItemId":80,"TargetUserIds":[]}	domain-events	2026-07-12 17:39:36.743412+00
575	WorkItemUnlocked	{"WorkItemId":83,"TargetUserIds":[]}	domain-events	2026-07-12 17:39:46.759082+00
576	UserRegistered	{"UserId":135,"Email":"playwright_cfab0697e0b2409ea6f0fc2e69454740@test.local"}	user-events	2026-07-12 17:39:56.671303+00
577	UserRegistered	{"UserId":134,"Email":"playwright_4b5ba15678e24178964d7720d55248e1@test.local"}	user-events	2026-07-12 17:39:56.676982+00
578	WorkItemCreated	{"WorkItemId":84,"BoardId":120,"CreatedByUserId":134,"AssignedUserId":null,"Priority":1,"Status":0}	domain-events	2026-07-12 17:39:56.810411+00
579	WorkItemCreated	{"WorkItemId":85,"BoardId":121,"CreatedByUserId":135,"AssignedUserId":null,"Priority":1,"Status":0}	domain-events	2026-07-12 17:39:56.816577+00
580	UserLoggedIn	{"UserId":135}	user-events	2026-07-12 17:39:57.699331+00
581	UserLoggedIn	{"UserId":134}	user-events	2026-07-12 17:39:57.711297+00
582	WorkItemLocked	{"WorkItemId":84,"LockedByUserId":134,"Mode":"WRITE"}	domain-events	2026-07-12 17:39:58.126122+00
583	WorkItemLocked	{"WorkItemId":85,"LockedByUserId":135,"Mode":"WRITE"}	domain-events	2026-07-12 17:39:58.133986+00
584	CommentCreated	{"CommentId":34,"WorkItemId":84,"UserId":134,"Content":"Originalni komentar"}	domain-events	2026-07-12 17:39:58.630561+00
585	WorkItemUpdated	{"WorkItemId":85,"BoardId":121,"UpdatedByUserId":135}	domain-events	2026-07-12 17:39:58.648638+00
586	WorkItemUnlocked	{"WorkItemId":85,"TargetUserIds":[]}	domain-events	2026-07-12 17:39:58.709279+00
587	WorkItemUnlocked	{"WorkItemId":82,"TargetUserIds":[]}	domain-events	2026-07-12 17:40:06.811418+00
588	WorkItemUnlocked	{"WorkItemId":84,"TargetUserIds":[]}	domain-events	2026-07-12 17:41:06.831149+00
589	UserRegistered	{"UserId":136,"Email":"playwright_5d1bfb31b09c4917b437f5df2450cdad@test.local"}	user-events	2026-07-12 17:41:08.595859+00
590	WorkItemCreated	{"WorkItemId":86,"BoardId":122,"CreatedByUserId":136,"AssignedUserId":null,"Priority":1,"Status":0}	domain-events	2026-07-12 17:41:08.751144+00
591	UserLoggedIn	{"UserId":136}	user-events	2026-07-12 17:41:09.48521+00
592	WorkItemLocked	{"WorkItemId":86,"LockedByUserId":136,"Mode":"WRITE"}	domain-events	2026-07-12 17:41:09.835522+00
593	CommentCreated	{"CommentId":35,"WorkItemId":86,"UserId":136,"Content":"Originalni komentar"}	domain-events	2026-07-12 17:41:10.311983+00
594	UserRegistered	{"UserId":137,"Email":"playwright_0dd9f9542cf045c281b384b6fee007ac@test.local"}	user-events	2026-07-12 17:42:01.046002+00
595	WorkItemCreated	{"WorkItemId":87,"BoardId":123,"CreatedByUserId":137,"AssignedUserId":null,"Priority":1,"Status":0}	domain-events	2026-07-12 17:42:01.195793+00
596	UserLoggedIn	{"UserId":137}	user-events	2026-07-12 17:42:01.848362+00
597	WorkItemLocked	{"WorkItemId":87,"LockedByUserId":137,"Mode":"WRITE"}	domain-events	2026-07-12 17:42:02.154069+00
598	CommentCreated	{"CommentId":36,"WorkItemId":87,"UserId":137,"Content":"Originalni komentar"}	domain-events	2026-07-12 17:42:02.671681+00
599	CommentUpdated	{"CommentId":36,"WorkItemId":87,"UserId":137,"Content":"Izmenjen komentar"}	domain-events	2026-07-12 17:42:02.873305+00
600	WorkItemUnlocked	{"WorkItemId":86,"TargetUserIds":[]}	domain-events	2026-07-12 17:42:16.863328+00
601	UserRegistered	{"UserId":138,"Email":"playwright_a3e7b57fd4c04b9da5a6b8c9aa66ec7a@test.local"}	user-events	2026-07-12 17:42:23.733996+00
602	UserRegistered	{"UserId":139,"Email":"playwright_1c1c9ae09f364c7aaec3bae78dafca66@test.local"}	user-events	2026-07-12 17:42:23.741525+00
603	UserRegistered	{"UserId":141,"Email":"playwright_3bf6f5a6e651409e9b3fb7ce2ee6979d@test.local"}	user-events	2026-07-12 17:42:23.748925+00
604	UserRegistered	{"UserId":140,"Email":"playwright_8952fe6a3b8149cab0322242e7c641db@test.local"}	user-events	2026-07-12 17:42:23.759935+00
605	UserRegistered	{"UserId":142,"Email":"playwright_30c7600075534e6bbd0cde80ae91f80f@test.local"}	user-events	2026-07-12 17:42:23.767105+00
606	UserRegistered	{"UserId":143,"Email":"playwright_bba6a9e080be4d0cac650f7a5ca8497c@test.local"}	user-events	2026-07-12 17:42:23.773345+00
607	WorkItemCreated	{"WorkItemId":88,"BoardId":128,"CreatedByUserId":140,"AssignedUserId":null,"Priority":1,"Status":0}	domain-events	2026-07-12 17:42:23.910459+00
608	WorkItemCreated	{"WorkItemId":89,"BoardId":125,"CreatedByUserId":143,"AssignedUserId":null,"Priority":1,"Status":0}	domain-events	2026-07-12 17:42:23.918382+00
609	UserLoggedIn	{"UserId":139}	user-events	2026-07-12 17:42:25.118283+00
610	UserLoggedIn	{"UserId":141}	user-events	2026-07-12 17:42:25.183137+00
611	UserLoggedIn	{"UserId":138}	user-events	2026-07-12 17:42:25.206304+00
612	UserLoggedIn	{"UserId":143}	user-events	2026-07-12 17:42:25.272513+00
613	UserLoggedIn	{"UserId":142}	user-events	2026-07-12 17:42:25.290523+00
614	UserLoggedIn	{"UserId":140}	user-events	2026-07-12 17:42:25.298+00
615	WorkItemLocked	{"WorkItemId":89,"LockedByUserId":143,"Mode":"WRITE"}	domain-events	2026-07-12 17:42:25.778802+00
616	WorkItemLocked	{"WorkItemId":88,"LockedByUserId":140,"Mode":"WRITE"}	domain-events	2026-07-12 17:42:25.863592+00
617	WorkItemCreated	{"WorkItemId":90,"BoardId":124,"CreatedByUserId":141,"AssignedUserId":null,"Priority":1,"Status":0}	domain-events	2026-07-12 17:42:26.175123+00
618	WorkItemLocked	{"WorkItemId":90,"LockedByUserId":141,"Mode":"WRITE"}	domain-events	2026-07-12 17:42:26.221144+00
619	WorkItemUnlocked	{"WorkItemId":90,"TargetUserIds":[]}	domain-events	2026-07-12 17:42:26.261933+00
620	UserRegistered	{"UserId":144,"Email":"playwright_85045287396144f98967e3b0edd0ea1b@test.local"}	user-events	2026-07-12 17:42:26.343866+00
621	CommentCreated	{"CommentId":37,"WorkItemId":88,"UserId":140,"Content":"Projekat je super!"}	domain-events	2026-07-12 17:42:26.494361+00
622	UserRegistered	{"UserId":145,"Email":"playwright_0d3aba366f5043f397c610abbe1bf389@test.local"}	user-events	2026-07-12 17:42:26.782108+00
623	SubWorkItemCreated	{"SubWorkItemId":16,"WorkItemId":89,"UserId":143,"Status":0}	domain-events	2026-07-12 17:42:26.804405+00
624	UserRegistered	{"UserId":146,"Email":"playwright_96d4e497e83944ad8465f522243b77d5@test.local"}	user-events	2026-07-12 17:42:26.870388+00
625	UserRegistered	{"UserId":147,"Email":"playwright_bce70b9f6f0b4bafa1813f1ccfefe48b@test.local"}	user-events	2026-07-12 17:42:26.917309+00
626	WorkItemCreated	{"WorkItemId":91,"BoardId":132,"CreatedByUserId":146,"AssignedUserId":null,"Priority":1,"Status":0}	domain-events	2026-07-12 17:42:26.972494+00
627	UserRegistered	{"UserId":148,"Email":"playwright_36b1d92449434595b3aab6bee1b01388@test.local"}	user-events	2026-07-12 17:42:27.027505+00
628	WorkItemCreated	{"WorkItemId":92,"BoardId":134,"CreatedByUserId":147,"AssignedUserId":null,"Priority":1,"Status":0}	domain-events	2026-07-12 17:42:27.048303+00
629	WorkItemCreated	{"WorkItemId":93,"BoardId":135,"CreatedByUserId":148,"AssignedUserId":null,"Priority":1,"Status":0}	domain-events	2026-07-12 17:42:27.131701+00
630	CommentCreated	{"CommentId":38,"WorkItemId":93,"UserId":148,"Content":"Komentar za brisanje"}	domain-events	2026-07-12 17:42:27.172182+00
631	UserRegistered	{"UserId":149,"Email":"playwright_0966591ad4984335b471089704d578d1@test.local"}	user-events	2026-07-12 17:42:27.224106+00
632	WorkItemCreated	{"WorkItemId":94,"BoardId":136,"CreatedByUserId":149,"AssignedUserId":null,"Priority":1,"Status":0}	domain-events	2026-07-12 17:42:27.312673+00
637	UserLoggedIn	{"UserId":148}	user-events	2026-07-12 17:42:28.369481+00
644	WorkItemCreated	{"WorkItemId":95,"BoardId":137,"CreatedByUserId":150,"AssignedUserId":null,"Priority":1,"Status":0}	domain-events	2026-07-12 17:42:29.116871+00
646	UserRegistered	{"UserId":151,"Email":"playwright_385260b270524aff85c22b7c5d75b96c@test.local"}	user-events	2026-07-12 17:42:29.483973+00
651	UserLoggedIn	{"UserId":151}	user-events	2026-07-12 17:42:30.311072+00
660	UserLoggedIn	{"UserId":152}	user-events	2026-07-12 17:42:32.047554+00
661	WorkItemLocked	{"WorkItemId":97,"LockedByUserId":152,"Mode":"WRITE"}	domain-events	2026-07-12 17:42:32.417805+00
633	UserLoggedIn	{"UserId":144}	user-events	2026-07-12 17:42:27.59209+00
638	WorkItemLocked	{"WorkItemId":91,"LockedByUserId":146,"Mode":"WRITE"}	domain-events	2026-07-12 17:42:28.502205+00
640	WorkItemDeleted	{"WorkItemId":91,"BoardId":132,"DeletedByUserId":146}	domain-events	2026-07-12 17:42:28.744418+00
642	WorkItemLocked	{"WorkItemId":94,"LockedByUserId":149,"Mode":"WRITE"}	domain-events	2026-07-12 17:42:28.959914+00
643	UserRegistered	{"UserId":150,"Email":"playwright_cd5d9018ba1b44418457ff0ade5ffd41@test.local"}	user-events	2026-07-12 17:42:29.042372+00
650	WorkItemLocked	{"WorkItemId":95,"LockedByUserId":150,"Mode":"WRITE"}	domain-events	2026-07-12 17:42:30.129527+00
653	SubWorkItemUpdated	{"SubWorkItemId":17,"WorkItemId":94,"UpdatedByUserId":149}	domain-events	2026-07-12 17:42:30.671233+00
664	WorkItemUnlocked	{"WorkItemId":88,"TargetUserIds":[]}	domain-events	2026-07-12 17:49:14.422749+00
666	WorkItemUnlocked	{"WorkItemId":94,"TargetUserIds":[]}	domain-events	2026-07-12 17:49:14.445811+00
634	UserLoggedIn	{"UserId":145}	user-events	2026-07-12 17:42:27.954992+00
645	CommentDeleted	{"CommentId":38,"WorkItemId":93,"UserId":148}	domain-events	2026-07-12 17:42:29.285452+00
647	WorkItemCreated	{"WorkItemId":96,"BoardId":138,"CreatedByUserId":151,"AssignedUserId":null,"Priority":1,"Status":0}	domain-events	2026-07-12 17:42:29.560047+00
654	WorkItemUpdated	{"WorkItemId":95,"BoardId":137,"UpdatedByUserId":150}	domain-events	2026-07-12 17:42:30.699971+00
665	WorkItemUnlocked	{"WorkItemId":93,"TargetUserIds":[]}	domain-events	2026-07-12 17:49:14.434612+00
635	UserLoggedIn	{"UserId":146}	user-events	2026-07-12 17:42:28.119015+00
649	SubWorkItemCreated	{"SubWorkItemId":17,"WorkItemId":94,"UserId":149,"Status":0}	domain-events	2026-07-12 17:42:29.898553+00
655	WorkItemUnlocked	{"WorkItemId":95,"TargetUserIds":[]}	domain-events	2026-07-12 17:42:30.752767+00
657	CommentCreated	{"CommentId":39,"WorkItemId":96,"UserId":151,"Content":"Originalni komentar"}	domain-events	2026-07-12 17:42:31.265244+00
659	CommentUpdated	{"CommentId":39,"WorkItemId":96,"UserId":151,"Content":"Izmenjen komentar"}	domain-events	2026-07-12 17:42:31.524717+00
662	WorkItemUnlocked	{"WorkItemId":87,"TargetUserIds":[]}	domain-events	2026-07-12 17:42:36.888294+00
668	WorkItemUnlocked	{"WorkItemId":97,"TargetUserIds":[]}	domain-events	2026-07-12 17:49:14.468428+00
636	UserLoggedIn	{"UserId":147}	user-events	2026-07-12 17:42:28.202319+00
639	UserLoggedIn	{"UserId":149}	user-events	2026-07-12 17:42:28.559689+00
648	UserLoggedIn	{"UserId":150}	user-events	2026-07-12 17:42:29.766494+00
652	WorkItemLocked	{"WorkItemId":96,"LockedByUserId":151,"Mode":"WRITE"}	domain-events	2026-07-12 17:42:30.662527+00
658	WorkItemCreated	{"WorkItemId":97,"BoardId":139,"CreatedByUserId":152,"AssignedUserId":null,"Priority":1,"Status":0}	domain-events	2026-07-12 17:42:31.29108+00
663	WorkItemUnlocked	{"WorkItemId":89,"TargetUserIds":[]}	domain-events	2026-07-12 17:49:14.406225+00
667	WorkItemUnlocked	{"WorkItemId":96,"TargetUserIds":[]}	domain-events	2026-07-12 17:49:14.457371+00
641	WorkItemLocked	{"WorkItemId":93,"LockedByUserId":148,"Mode":"WRITE"}	domain-events	2026-07-12 17:42:28.793228+00
656	UserRegistered	{"UserId":152,"Email":"playwright_e3d2ad25e28941d6a7dedcba76681714@test.local"}	user-events	2026-07-12 17:42:31.214824+00
669	UserRegistered	{"UserId":154,"Email":"playwright_789bcd4da0eb46c7aae58d055af043c8@test.local"}	user-events	2026-07-12 18:09:23.963569+00
670	UserRegistered	{"UserId":153,"Email":"playwright_588f3b6065d348f892e8f4fe9b638b14@test.local"}	user-events	2026-07-12 18:09:23.998308+00
671	UserRegistered	{"UserId":155,"Email":"playwright_ff99387b9b2e4ca29c1dcee58a206599@test.local"}	user-events	2026-07-12 18:09:24.016665+00
672	UserRegistered	{"UserId":156,"Email":"playwright_c598c2dbe2fb4442867012b88cc4ba41@test.local"}	user-events	2026-07-12 18:09:24.088989+00
673	UserRegistered	{"UserId":157,"Email":"playwright_22f55f9147e74c61a1fde6b6e56c31a7@test.local"}	user-events	2026-07-12 18:09:24.130195+00
674	UserRegistered	{"UserId":158,"Email":"playwright_87dde4d81f8f40398cbb301ef14df166@test.local"}	user-events	2026-07-12 18:09:24.161666+00
675	WorkItemCreated	{"WorkItemId":98,"BoardId":140,"CreatedByUserId":153,"AssignedUserId":null,"Priority":1,"Status":0}	domain-events	2026-07-12 18:09:24.353265+00
676	WorkItemCreated	{"WorkItemId":99,"BoardId":141,"CreatedByUserId":154,"AssignedUserId":null,"Priority":1,"Status":0}	domain-events	2026-07-12 18:09:24.412099+00
677	UserLoggedIn	{"UserId":158}	user-events	2026-07-12 18:09:26.105308+00
678	UserLoggedIn	{"UserId":155}	user-events	2026-07-12 18:09:26.16151+00
679	UserLoggedIn	{"UserId":157}	user-events	2026-07-12 18:09:26.240278+00
680	UserLoggedIn	{"UserId":153}	user-events	2026-07-12 18:09:26.308684+00
681	UserLoggedIn	{"UserId":156}	user-events	2026-07-12 18:09:26.342133+00
682	UserLoggedIn	{"UserId":154}	user-events	2026-07-12 18:09:26.505366+00
683	WorkItemCreated	{"WorkItemId":100,"BoardId":143,"CreatedByUserId":158,"AssignedUserId":null,"Priority":1,"Status":0}	domain-events	2026-07-12 18:09:27.305871+00
684	WorkItemLocked	{"WorkItemId":100,"LockedByUserId":158,"Mode":"WRITE"}	domain-events	2026-07-12 18:09:27.373294+00
685	WorkItemLocked	{"WorkItemId":98,"LockedByUserId":153,"Mode":"WRITE"}	domain-events	2026-07-12 18:09:27.441946+00
686	WorkItemUnlocked	{"WorkItemId":100,"TargetUserIds":[]}	domain-events	2026-07-12 18:09:27.471071+00
687	WorkItemLocked	{"WorkItemId":99,"LockedByUserId":154,"Mode":"WRITE"}	domain-events	2026-07-12 18:09:27.71253+00
688	UserRegistered	{"UserId":159,"Email":"playwright_188a8408f7464c0e9405c22e47f8482c@test.local"}	user-events	2026-07-12 18:09:27.846374+00
689	UserRegistered	{"UserId":160,"Email":"playwright_2d34b73f536f4e4287af969db7448278@test.local"}	user-events	2026-07-12 18:09:28.143375+00
690	CommentCreated	{"CommentId":40,"WorkItemId":98,"UserId":153,"Content":"Projekat je super!"}	domain-events	2026-07-12 18:09:28.1524+00
691	UserRegistered	{"UserId":161,"Email":"playwright_3fa3c7fa01cd47a9bb5ffb77823fbb54@test.local"}	user-events	2026-07-12 18:09:28.283165+00
692	WorkItemCreated	{"WorkItemId":101,"BoardId":147,"CreatedByUserId":160,"AssignedUserId":null,"Priority":1,"Status":0}	domain-events	2026-07-12 18:09:28.311172+00
693	UserRegistered	{"UserId":162,"Email":"playwright_35aa39d468364f57b4b82726f4796c32@test.local"}	user-events	2026-07-12 18:09:28.423735+00
694	WorkItemCreated	{"WorkItemId":102,"BoardId":150,"CreatedByUserId":162,"AssignedUserId":null,"Priority":1,"Status":0}	domain-events	2026-07-12 18:09:28.745205+00
695	SubWorkItemCreated	{"SubWorkItemId":18,"WorkItemId":99,"UserId":154,"Status":0}	domain-events	2026-07-12 18:09:28.881943+00
696	UserRegistered	{"UserId":163,"Email":"playwright_8461d33be0d447d49dfa8a38f6e31738@test.local"}	user-events	2026-07-12 18:09:28.891634+00
697	WorkItemCreated	{"WorkItemId":103,"BoardId":151,"CreatedByUserId":163,"AssignedUserId":null,"Priority":1,"Status":0}	domain-events	2026-07-12 18:09:29.187483+00
698	CommentCreated	{"CommentId":41,"WorkItemId":103,"UserId":163,"Content":"Komentar za brisanje"}	domain-events	2026-07-12 18:09:29.241823+00
699	UserLoggedIn	{"UserId":159}	user-events	2026-07-12 18:09:29.417826+00
700	UserRegistered	{"UserId":164,"Email":"playwright_a59fb646e984480b80e3045b249e7ef8@test.local"}	user-events	2026-07-12 18:09:29.788299+00
701	WorkItemCreated	{"WorkItemId":104,"BoardId":152,"CreatedByUserId":164,"AssignedUserId":null,"Priority":1,"Status":0}	domain-events	2026-07-12 18:09:29.956678+00
702	UserLoggedIn	{"UserId":160}	user-events	2026-07-12 18:09:30.024449+00
703	UserLoggedIn	{"UserId":161}	user-events	2026-07-12 18:09:30.59646+00
704	WorkItemLocked	{"WorkItemId":101,"LockedByUserId":160,"Mode":"WRITE"}	domain-events	2026-07-12 18:09:30.680885+00
705	WorkItemDeleted	{"WorkItemId":101,"BoardId":147,"DeletedByUserId":160}	domain-events	2026-07-12 18:09:31.146213+00
706	UserLoggedIn	{"UserId":162}	user-events	2026-07-12 18:09:31.2271+00
707	UserLoggedIn	{"UserId":163}	user-events	2026-07-12 18:09:31.239821+00
708	UserLoggedIn	{"UserId":164}	user-events	2026-07-12 18:09:31.801806+00
709	WorkItemLocked	{"WorkItemId":103,"LockedByUserId":163,"Mode":"WRITE"}	domain-events	2026-07-12 18:09:31.882274+00
710	UserRegistered	{"UserId":165,"Email":"playwright_7bbbfaebefdf4764a2c1bb34aa3985a2@test.local"}	user-events	2026-07-12 18:09:31.92883+00
711	WorkItemCreated	{"WorkItemId":105,"BoardId":153,"CreatedByUserId":165,"AssignedUserId":null,"Priority":1,"Status":0}	domain-events	2026-07-12 18:09:32.263868+00
712	WorkItemLocked	{"WorkItemId":104,"LockedByUserId":164,"Mode":"WRITE"}	domain-events	2026-07-12 18:09:32.628095+00
713	CommentDeleted	{"CommentId":41,"WorkItemId":103,"UserId":163}	domain-events	2026-07-12 18:09:32.68524+00
714	UserRegistered	{"UserId":166,"Email":"playwright_cb6f893948bb45ddae0c2737224c21d9@test.local"}	user-events	2026-07-12 18:09:33.266842+00
715	WorkItemCreated	{"WorkItemId":106,"BoardId":154,"CreatedByUserId":166,"AssignedUserId":null,"Priority":1,"Status":0}	domain-events	2026-07-12 18:09:33.388051+00
716	SubWorkItemCreated	{"SubWorkItemId":19,"WorkItemId":104,"UserId":164,"Status":0}	domain-events	2026-07-12 18:09:33.723605+00
717	UserLoggedIn	{"UserId":165}	user-events	2026-07-12 18:09:33.790083+00
718	WorkItemLocked	{"WorkItemId":105,"LockedByUserId":165,"Mode":"WRITE"}	domain-events	2026-07-12 18:09:34.440445+00
719	SubWorkItemUpdated	{"SubWorkItemId":19,"WorkItemId":104,"UpdatedByUserId":164}	domain-events	2026-07-12 18:09:34.520863+00
720	UserLoggedIn	{"UserId":166}	user-events	2026-07-12 18:09:35.159523+00
721	WorkItemUpdated	{"WorkItemId":105,"BoardId":153,"UpdatedByUserId":165}	domain-events	2026-07-12 18:09:35.194177+00
722	WorkItemUnlocked	{"WorkItemId":105,"TargetUserIds":[]}	domain-events	2026-07-12 18:09:35.306114+00
723	WorkItemLocked	{"WorkItemId":106,"LockedByUserId":166,"Mode":"WRITE"}	domain-events	2026-07-12 18:09:35.77825+00
724	UserRegistered	{"UserId":167,"Email":"playwright_c4dac7420c8a4139aedf31e255831d4d@test.local"}	user-events	2026-07-12 18:09:35.952273+00
725	WorkItemCreated	{"WorkItemId":107,"BoardId":155,"CreatedByUserId":167,"AssignedUserId":null,"Priority":1,"Status":0}	domain-events	2026-07-12 18:09:36.07649+00
726	CommentCreated	{"CommentId":42,"WorkItemId":106,"UserId":166,"Content":"Originalni komentar"}	domain-events	2026-07-12 18:09:36.38046+00
727	CommentUpdated	{"CommentId":42,"WorkItemId":106,"UserId":166,"Content":"Izmenjen komentar"}	domain-events	2026-07-12 18:09:36.668233+00
728	UserLoggedIn	{"UserId":167}	user-events	2026-07-12 18:09:37.090961+00
729	WorkItemLocked	{"WorkItemId":107,"LockedByUserId":167,"Mode":"WRITE"}	domain-events	2026-07-12 18:09:37.485013+00
731	WorkItemUnlocked	{"WorkItemId":99,"TargetUserIds":[]}	domain-events	2026-07-12 18:10:04.885353+00
733	WorkItemUnlocked	{"WorkItemId":104,"TargetUserIds":[]}	domain-events	2026-07-12 18:10:04.911586+00
730	WorkItemUnlocked	{"WorkItemId":98,"TargetUserIds":[]}	domain-events	2026-07-12 18:10:04.86621+00
732	WorkItemUnlocked	{"WorkItemId":103,"TargetUserIds":[]}	domain-events	2026-07-12 18:10:04.898963+00
734	WorkItemUnlocked	{"WorkItemId":106,"TargetUserIds":[]}	domain-events	2026-07-12 18:10:14.937546+00
735	WorkItemUnlocked	{"WorkItemId":107,"TargetUserIds":[]}	domain-events	2026-07-12 18:10:14.953885+00
736	UserRegistered	{"UserId":170,"Email":"playwright_691090dc47c74df48ecd0b14dd344f38@test.local"}	user-events	2026-07-12 18:19:29.35862+00
737	UserRegistered	{"UserId":175,"Email":"playwright_3ad77f0970fe4cd9937a72562a9a1edd@test.local"}	user-events	2026-07-12 18:19:29.441144+00
738	UserRegistered	{"UserId":171,"Email":"playwright_561edaa867e24c77aad9aa3cf65ac1c0@test.local"}	user-events	2026-07-12 18:19:29.45413+00
739	UserRegistered	{"UserId":173,"Email":"playwright_355074f5f72b447282cad2515f76af34@test.local"}	user-events	2026-07-12 18:19:29.463795+00
740	UserRegistered	{"UserId":174,"Email":"playwright_395bbf5e1186457887d631a656e6c9e2@test.local"}	user-events	2026-07-12 18:19:29.477825+00
741	UserRegistered	{"UserId":172,"Email":"playwright_907897a421f7485da6b62aa87cfa9f2c@test.local"}	user-events	2026-07-12 18:19:29.4875+00
742	WorkItemCreated	{"WorkItemId":112,"BoardId":157,"CreatedByUserId":171,"AssignedUserId":null,"Priority":1,"Status":0}	domain-events	2026-07-12 18:19:30.816302+00
743	WorkItemCreated	{"WorkItemId":111,"BoardId":159,"CreatedByUserId":173,"AssignedUserId":null,"Priority":1,"Status":0}	domain-events	2026-07-12 18:19:30.830425+00
744	UserLoggedIn	{"UserId":175}	user-events	2026-07-12 18:19:31.035602+00
745	UserLoggedIn	{"UserId":170}	user-events	2026-07-12 18:19:32.392202+00
746	UserLoggedIn	{"UserId":172}	user-events	2026-07-12 18:19:32.586608+00
747	UserLoggedIn	{"UserId":173}	user-events	2026-07-12 18:19:32.654298+00
748	UserRegistered	{"UserId":176,"Email":"playwright_b6858e8351544297afaada1714435501@test.local"}	user-events	2026-07-12 18:19:32.825148+00
749	UserLoggedIn	{"UserId":174}	user-events	2026-07-12 18:19:32.903903+00
750	UserLoggedIn	{"UserId":171}	user-events	2026-07-12 18:19:33.086847+00
751	WorkItemLocked	{"WorkItemId":111,"LockedByUserId":173,"Mode":"WRITE"}	domain-events	2026-07-12 18:19:33.74802+00
752	WorkItemCreated	{"WorkItemId":113,"BoardId":158,"CreatedByUserId":172,"AssignedUserId":null,"Priority":1,"Status":0}	domain-events	2026-07-12 18:19:33.853599+00
753	WorkItemLocked	{"WorkItemId":113,"LockedByUserId":172,"Mode":"WRITE"}	domain-events	2026-07-12 18:19:33.979221+00
754	WorkItemLocked	{"WorkItemId":112,"LockedByUserId":171,"Mode":"WRITE"}	domain-events	2026-07-12 18:19:34.031707+00
755	WorkItemUnlocked	{"WorkItemId":113,"TargetUserIds":[]}	domain-events	2026-07-12 18:19:34.491188+00
756	CommentCreated	{"CommentId":45,"WorkItemId":112,"UserId":171,"Content":"Projekat je super!"}	domain-events	2026-07-12 18:19:34.606978+00
757	UserLoggedIn	{"UserId":176}	user-events	2026-07-12 18:19:34.765503+00
758	SubWorkItemCreated	{"SubWorkItemId":21,"WorkItemId":111,"UserId":173,"Status":0}	domain-events	2026-07-12 18:19:34.985611+00
759	UserRegistered	{"UserId":177,"Email":"playwright_b4c4d6cf0a0f44479ee9fc999e3e3849@test.local"}	user-events	2026-07-12 18:19:35.051273+00
760	UserRegistered	{"UserId":178,"Email":"playwright_daea9d79fa7e45ff900fd0cbef937192@test.local"}	user-events	2026-07-12 18:19:35.147515+00
761	WorkItemCreated	{"WorkItemId":114,"BoardId":164,"CreatedByUserId":177,"AssignedUserId":null,"Priority":1,"Status":0}	domain-events	2026-07-12 18:19:35.185877+00
762	UserRegistered	{"UserId":179,"Email":"playwright_db1adffd2cb341f195aab693aa8bac6d@test.local"}	user-events	2026-07-12 18:19:35.200176+00
763	UserRegistered	{"UserId":180,"Email":"playwright_b981c253ff7d423ba6419238e04b546e@test.local"}	user-events	2026-07-12 18:19:35.238118+00
764	WorkItemCreated	{"WorkItemId":115,"BoardId":168,"CreatedByUserId":179,"AssignedUserId":null,"Priority":1,"Status":0}	domain-events	2026-07-12 18:19:35.452611+00
765	UserRegistered	{"UserId":181,"Email":"playwright_8c96b81703234818a85a8f80b0fedd09@test.local"}	user-events	2026-07-12 18:19:35.49789+00
766	WorkItemCreated	{"WorkItemId":116,"BoardId":167,"CreatedByUserId":180,"AssignedUserId":null,"Priority":1,"Status":0}	domain-events	2026-07-12 18:19:35.502396+00
767	CommentCreated	{"CommentId":46,"WorkItemId":116,"UserId":180,"Content":"Komentar za brisanje"}	domain-events	2026-07-12 18:19:35.545381+00
768	WorkItemCreated	{"WorkItemId":117,"BoardId":169,"CreatedByUserId":181,"AssignedUserId":null,"Priority":1,"Status":0}	domain-events	2026-07-12 18:19:35.718584+00
769	UserLoggedIn	{"UserId":177}	user-events	2026-07-12 18:19:37.014626+00
770	UserLoggedIn	{"UserId":178}	user-events	2026-07-12 18:19:37.149411+00
771	WorkItemLocked	{"WorkItemId":114,"LockedByUserId":177,"Mode":"WRITE"}	domain-events	2026-07-12 18:19:37.545962+00
772	UserLoggedIn	{"UserId":179}	user-events	2026-07-12 18:19:37.575212+00
773	UserLoggedIn	{"UserId":180}	user-events	2026-07-12 18:19:37.748979+00
774	UserLoggedIn	{"UserId":181}	user-events	2026-07-12 18:19:37.850515+00
775	WorkItemDeleted	{"WorkItemId":114,"BoardId":164,"DeletedByUserId":177}	domain-events	2026-07-12 18:19:38.215623+00
776	WorkItemLocked	{"WorkItemId":117,"LockedByUserId":181,"Mode":"WRITE"}	domain-events	2026-07-12 18:19:38.467008+00
777	WorkItemLocked	{"WorkItemId":116,"LockedByUserId":180,"Mode":"WRITE"}	domain-events	2026-07-12 18:19:38.506841+00
778	CommentDeleted	{"CommentId":46,"WorkItemId":116,"UserId":180}	domain-events	2026-07-12 18:19:39.148658+00
779	SubWorkItemCreated	{"SubWorkItemId":22,"WorkItemId":117,"UserId":181,"Status":0}	domain-events	2026-07-12 18:19:39.376489+00
780	UserRegistered	{"UserId":182,"Email":"playwright_a230c59d8e594905a8c71faa1e29deb7@test.local"}	user-events	2026-07-12 18:19:39.527137+00
781	WorkItemCreated	{"WorkItemId":118,"BoardId":170,"CreatedByUserId":182,"AssignedUserId":null,"Priority":1,"Status":0}	domain-events	2026-07-12 18:19:39.70814+00
782	UserRegistered	{"UserId":183,"Email":"playwright_b023e9bd87884ef9a0351e4235f617ab@test.local"}	user-events	2026-07-12 18:19:39.79245+00
783	WorkItemCreated	{"WorkItemId":119,"BoardId":171,"CreatedByUserId":183,"AssignedUserId":null,"Priority":1,"Status":0}	domain-events	2026-07-12 18:19:40.086968+00
784	SubWorkItemUpdated	{"SubWorkItemId":22,"WorkItemId":117,"UpdatedByUserId":181}	domain-events	2026-07-12 18:19:40.286625+00
785	UserLoggedIn	{"UserId":182}	user-events	2026-07-12 18:19:41.078247+00
786	UserLoggedIn	{"UserId":183}	user-events	2026-07-12 18:19:41.359186+00
787	WorkItemLocked	{"WorkItemId":118,"LockedByUserId":182,"Mode":"WRITE"}	domain-events	2026-07-12 18:19:41.758749+00
788	WorkItemLocked	{"WorkItemId":119,"LockedByUserId":183,"Mode":"WRITE"}	domain-events	2026-07-12 18:19:42.004067+00
789	CommentCreated	{"CommentId":47,"WorkItemId":119,"UserId":183,"Content":"Originalni komentar"}	domain-events	2026-07-12 18:19:42.412011+00
790	WorkItemUpdated	{"WorkItemId":118,"BoardId":170,"UpdatedByUserId":182}	domain-events	2026-07-12 18:19:42.45313+00
791	WorkItemUnlocked	{"WorkItemId":118,"TargetUserIds":[]}	domain-events	2026-07-12 18:19:42.532908+00
792	CommentUpdated	{"CommentId":47,"WorkItemId":119,"UserId":183,"Content":"Izmenjen komentar"}	domain-events	2026-07-12 18:19:42.850973+00
793	UserRegistered	{"UserId":184,"Email":"playwright_68b0359bd56148b48ddb366e70688248@test.local"}	user-events	2026-07-12 18:19:43.063977+00
794	WorkItemCreated	{"WorkItemId":120,"BoardId":172,"CreatedByUserId":184,"AssignedUserId":null,"Priority":1,"Status":0}	domain-events	2026-07-12 18:19:43.181204+00
795	UserLoggedIn	{"UserId":184}	user-events	2026-07-12 18:19:44.218904+00
796	WorkItemLocked	{"WorkItemId":120,"LockedByUserId":184,"Mode":"WRITE"}	domain-events	2026-07-12 18:19:44.643839+00
1093	UserLoggedIn	{"UserId":245}	user-events	2026-07-13 18:03:49.823361+00
797	WorkItemUnlocked	{"WorkItemId":111,"TargetUserIds":[]}	domain-events	2026-07-12 18:20:05.565329+00
800	WorkItemUnlocked	{"WorkItemId":116,"TargetUserIds":[]}	domain-events	2026-07-12 18:20:15.626321+00
802	WorkItemUnlocked	{"WorkItemId":120,"TargetUserIds":[]}	domain-events	2026-07-12 18:20:15.658145+00
804	WorkItemCreated	{"WorkItemId":121,"BoardId":173,"CreatedByUserId":185,"AssignedUserId":null,"Priority":1,"Status":0}	domain-events	2026-07-12 18:20:56.210097+00
805	CommentCreated	{"CommentId":48,"WorkItemId":121,"UserId":185,"Content":"API comment"}	domain-events	2026-07-12 18:20:56.266507+00
814	UserRegistered	{"UserId":188,"Email":"playwright_9ad777afbfb54658a24929617435bdda@test.local"}	user-events	2026-07-12 18:21:01.29141+00
821	UserRegistered	{"UserId":191,"Email":"playwright_3d9e6553e23549d284cf5b10f6972dde@test.local"}	user-events	2026-07-12 18:22:06.428832+00
830	UserLoggedIn	{"UserId":191}	user-events	2026-07-12 18:22:08.851406+00
833	UserLoggedIn	{"UserId":192}	user-events	2026-07-12 18:22:09.360543+00
836	WorkItemUnlocked	{"WorkItemId":126,"TargetUserIds":[]}	domain-events	2026-07-12 18:22:10.224182+00
857	UserLoggedIn	{"UserId":200}	user-events	2026-07-12 18:22:13.814961+00
865	SubWorkItemCreated	{"SubWorkItemId":24,"WorkItemId":129,"UserId":200,"Status":0}	domain-events	2026-07-12 18:22:15.281279+00
873	UserLoggedIn	{"UserId":203}	user-events	2026-07-12 18:22:16.909348+00
874	WorkItemLocked	{"WorkItemId":132,"LockedByUserId":203,"Mode":"WRITE"}	domain-events	2026-07-12 18:22:17.369993+00
879	UserLoggedIn	{"UserId":204}	user-events	2026-07-12 18:22:18.520238+00
798	WorkItemUnlocked	{"WorkItemId":112,"TargetUserIds":[]}	domain-events	2026-07-12 18:20:05.583788+00
809	UserRegistered	{"UserId":187,"Email":"playwright_c4c77869a96d47b8b7a574d19a59fb28@test.local"}	user-events	2026-07-12 18:20:59.707505+00
815	UserRegistered	{"UserId":189,"Email":"playwright_84de3426e63643df88f6ebba06431bf4@test.local"}	user-events	2026-07-12 18:22:02.991868+00
822	UserRegistered	{"UserId":192,"Email":"playwright_a499f883626b4de2abd6606b1ae8f1f7@test.local"}	user-events	2026-07-12 18:22:06.436682+00
824	UserRegistered	{"UserId":194,"Email":"playwright_1bac349815ad45b7b87f5f51b04d7d87@test.local"}	user-events	2026-07-12 18:22:06.496254+00
840	UserRegistered	{"UserId":197,"Email":"playwright_73663758aa7f4e6ab09657ee4cefb27d@test.local"}	user-events	2026-07-12 18:22:10.800144+00
846	WorkItemCreated	{"WorkItemId":128,"BoardId":187,"CreatedByUserId":199,"AssignedUserId":null,"Priority":1,"Status":0}	domain-events	2026-07-12 18:22:11.667027+00
849	WorkItemCreated	{"WorkItemId":129,"BoardId":188,"CreatedByUserId":200,"AssignedUserId":null,"Priority":1,"Status":0}	domain-events	2026-07-12 18:22:12.28283+00
853	UserLoggedIn	{"UserId":197}	user-events	2026-07-12 18:22:12.755977+00
854	UserLoggedIn	{"UserId":198}	user-events	2026-07-12 18:22:12.915101+00
855	UserLoggedIn	{"UserId":199}	user-events	2026-07-12 18:22:13.424378+00
880	WorkItemLocked	{"WorkItemId":133,"LockedByUserId":204,"Mode":"WRITE"}	domain-events	2026-07-12 18:22:18.950018+00
886	WorkItemDeleted	{"WorkItemId":134,"BoardId":194,"DeletedByUserId":206}	domain-events	2026-07-12 18:22:22.586312+00
799	WorkItemUnlocked	{"WorkItemId":117,"TargetUserIds":[]}	domain-events	2026-07-12 18:20:15.610889+00
829	UserLoggedIn	{"UserId":193}	user-events	2026-07-12 18:22:08.736836+00
844	SubWorkItemCreated	{"SubWorkItemId":23,"WorkItemId":124,"UserId":194,"Status":0}	domain-events	2026-07-12 18:22:11.368415+00
850	UserLoggedIn	{"UserId":196}	user-events	2026-07-12 18:22:12.327394+00
851	WorkItemCreated	{"WorkItemId":130,"BoardId":189,"CreatedByUserId":201,"AssignedUserId":null,"Priority":1,"Status":0}	domain-events	2026-07-12 18:22:12.627601+00
852	CommentCreated	{"CommentId":51,"WorkItemId":130,"UserId":201,"Content":"Komentar za brisanje"}	domain-events	2026-07-12 18:22:12.67969+00
861	UserRegistered	{"UserId":202,"Email":"playwright_116af9133ead495c951db1507745a1a6@test.local"}	user-events	2026-07-12 18:22:14.451742+00
864	CommentDeleted	{"CommentId":51,"WorkItemId":130,"UserId":201}	domain-events	2026-07-12 18:22:15.20455+00
876	WorkItemCreated	{"WorkItemId":133,"BoardId":192,"CreatedByUserId":204,"AssignedUserId":null,"Priority":1,"Status":0}	domain-events	2026-07-12 18:22:17.551362+00
877	CommentCreated	{"CommentId":52,"WorkItemId":132,"UserId":203,"Content":"Originalni komentar"}	domain-events	2026-07-12 18:22:17.879705+00
878	CommentUpdated	{"CommentId":52,"WorkItemId":132,"UserId":203,"Content":"Izmenjen komentar"}	domain-events	2026-07-12 18:22:18.176489+00
887	UserRegistered	{"UserId":207,"Email":"playwright_9a07d2f291be44c79dcde6edf6eb08b1@test.local"}	user-events	2026-07-12 18:22:24.310833+00
801	WorkItemUnlocked	{"WorkItemId":119,"TargetUserIds":[]}	domain-events	2026-07-12 18:20:15.6434+00
813	WorkItemDeleted	{"WorkItemId":122,"BoardId":175,"DeletedByUserId":187}	domain-events	2026-07-12 18:21:00.002141+00
823	UserRegistered	{"UserId":193,"Email":"playwright_ee8e578172984ed2beef0e9ce7a8257f@test.local"}	user-events	2026-07-12 18:22:06.461634+00
826	WorkItemCreated	{"WorkItemId":124,"BoardId":181,"CreatedByUserId":194,"AssignedUserId":null,"Priority":1,"Status":0}	domain-events	2026-07-12 18:22:06.722351+00
832	UserLoggedIn	{"UserId":194}	user-events	2026-07-12 18:22:09.042623+00
837	WorkItemLocked	{"WorkItemId":124,"LockedByUserId":194,"Mode":"WRITE"}	domain-events	2026-07-12 18:22:10.295495+00
843	UserRegistered	{"UserId":199,"Email":"playwright_93bbe65fd2a54a36ae4e3268b7e19008@test.local"}	user-events	2026-07-12 18:22:11.359458+00
845	WorkItemCreated	{"WorkItemId":127,"BoardId":185,"CreatedByUserId":198,"AssignedUserId":null,"Priority":1,"Status":0}	domain-events	2026-07-12 18:22:11.538711+00
847	UserRegistered	{"UserId":200,"Email":"playwright_0d1f37123e5944708312f3e0a64d0bc9@test.local"}	user-events	2026-07-12 18:22:12.099827+00
858	WorkItemDeleted	{"WorkItemId":127,"BoardId":185,"DeletedByUserId":198}	domain-events	2026-07-12 18:22:13.894013+00
862	WorkItemCreated	{"WorkItemId":131,"BoardId":190,"CreatedByUserId":202,"AssignedUserId":null,"Priority":1,"Status":0}	domain-events	2026-07-12 18:22:14.549204+00
863	WorkItemLocked	{"WorkItemId":130,"LockedByUserId":201,"Mode":"WRITE"}	domain-events	2026-07-12 18:22:14.620453+00
882	UserRegistered	{"UserId":206,"Email":"playwright_0058fb85938048feb1e08e064d553279@test.local"}	user-events	2026-07-12 18:22:22.284281+00
803	UserRegistered	{"UserId":185,"Email":"playwright_2f73f27a3c2c4512ba9ef9d671fdd525@test.local"}	user-events	2026-07-12 18:20:56.030128+00
808	UserRegistered	{"UserId":186,"Email":"playwright_c7238fcc71be45c4b30c2009538b2834@test.local"}	user-events	2026-07-12 18:20:58.088624+00
810	WorkItemCreated	{"WorkItemId":122,"BoardId":175,"CreatedByUserId":187,"AssignedUserId":null,"Priority":1,"Status":0}	domain-events	2026-07-12 18:20:59.823197+00
816	WorkItemCreated	{"WorkItemId":123,"BoardId":176,"CreatedByUserId":189,"AssignedUserId":null,"Priority":1,"Status":0}	domain-events	2026-07-12 18:22:03.153752+00
817	CommentCreated	{"CommentId":49,"WorkItemId":123,"UserId":189,"Content":"API comment"}	domain-events	2026-07-12 18:22:03.201732+00
820	UserRegistered	{"UserId":190,"Email":"playwright_08df20fb19314ea9a8bebcfe96fc8f2c@test.local"}	user-events	2026-07-12 18:22:06.255249+00
834	WorkItemCreated	{"WorkItemId":126,"BoardId":180,"CreatedByUserId":193,"AssignedUserId":null,"Priority":1,"Status":0}	domain-events	2026-07-12 18:22:10.026375+00
842	UserRegistered	{"UserId":198,"Email":"playwright_01d26249954041faa64cc54f10d774a1@test.local"}	user-events	2026-07-12 18:22:11.297866+00
860	WorkItemLocked	{"WorkItemId":129,"LockedByUserId":200,"Mode":"WRITE"}	domain-events	2026-07-12 18:22:14.275896+00
867	UserLoggedIn	{"UserId":202}	user-events	2026-07-12 18:22:15.698097+00
871	WorkItemUpdated	{"WorkItemId":131,"BoardId":190,"UpdatedByUserId":202}	domain-events	2026-07-12 18:22:16.777091+00
881	UserRegistered	{"UserId":205,"Email":"playwright_dec7c3127fa94984bf575922ce146511@test.local"}	user-events	2026-07-12 18:22:20.480115+00
883	WorkItemCreated	{"WorkItemId":134,"BoardId":194,"CreatedByUserId":206,"AssignedUserId":null,"Priority":1,"Status":0}	domain-events	2026-07-12 18:22:22.410306+00
806	CommentUpdated	{"CommentId":48,"WorkItemId":121,"UserId":185,"Content":"Updated API comment"}	domain-events	2026-07-12 18:20:56.383529+00
807	CommentDeleted	{"CommentId":48,"WorkItemId":121,"UserId":185}	domain-events	2026-07-12 18:20:56.42745+00
811	WorkItemLocked	{"WorkItemId":122,"LockedByUserId":187,"Mode":"WRITE"}	domain-events	2026-07-12 18:20:59.903797+00
812	WorkItemUpdated	{"WorkItemId":122,"BoardId":175,"UpdatedByUserId":187}	domain-events	2026-07-12 18:20:59.934301+00
828	UserLoggedIn	{"UserId":190}	user-events	2026-07-12 18:22:08.563173+00
831	UserLoggedIn	{"UserId":195}	user-events	2026-07-12 18:22:08.882962+00
839	UserRegistered	{"UserId":196,"Email":"playwright_b3d51d6dbc1c4144aa155e62d02654e8@test.local"}	user-events	2026-07-12 18:22:10.765253+00
841	CommentCreated	{"CommentId":50,"WorkItemId":125,"UserId":192,"Content":"Projekat je super!"}	domain-events	2026-07-12 18:22:11.297148+00
848	UserRegistered	{"UserId":201,"Email":"playwright_99fa6f4e07b44857acd7c8626b061f1d@test.local"}	user-events	2026-07-12 18:22:12.263416+00
856	WorkItemLocked	{"WorkItemId":127,"LockedByUserId":198,"Mode":"WRITE"}	domain-events	2026-07-12 18:22:13.600885+00
868	WorkItemCreated	{"WorkItemId":132,"BoardId":191,"CreatedByUserId":203,"AssignedUserId":null,"Priority":1,"Status":0}	domain-events	2026-07-12 18:22:15.699509+00
872	WorkItemUnlocked	{"WorkItemId":131,"TargetUserIds":[]}	domain-events	2026-07-12 18:22:16.854763+00
875	UserRegistered	{"UserId":204,"Email":"playwright_317266bc1f954ddaafea862b486dc7ec@test.local"}	user-events	2026-07-12 18:22:17.448497+00
818	CommentUpdated	{"CommentId":49,"WorkItemId":123,"UserId":189,"Content":"Updated API comment"}	domain-events	2026-07-12 18:22:03.289573+00
819	CommentDeleted	{"CommentId":49,"WorkItemId":123,"UserId":189}	domain-events	2026-07-12 18:22:03.327578+00
825	UserRegistered	{"UserId":195,"Email":"playwright_95cd4fa96ac7494f902815c9582591b8@test.local"}	user-events	2026-07-12 18:22:06.578342+00
827	WorkItemCreated	{"WorkItemId":125,"BoardId":179,"CreatedByUserId":192,"AssignedUserId":null,"Priority":1,"Status":0}	domain-events	2026-07-12 18:22:06.763455+00
835	WorkItemLocked	{"WorkItemId":126,"LockedByUserId":193,"Mode":"WRITE"}	domain-events	2026-07-12 18:22:10.112158+00
838	WorkItemLocked	{"WorkItemId":125,"LockedByUserId":192,"Mode":"WRITE"}	domain-events	2026-07-12 18:22:10.433635+00
859	UserLoggedIn	{"UserId":201}	user-events	2026-07-12 18:22:14.162367+00
866	UserRegistered	{"UserId":203,"Email":"playwright_9587cc6461d94bddbdb3aa01fb79cb4f@test.local"}	user-events	2026-07-12 18:22:15.599039+00
869	SubWorkItemUpdated	{"SubWorkItemId":24,"WorkItemId":129,"UpdatedByUserId":200}	domain-events	2026-07-12 18:22:16.100916+00
870	WorkItemLocked	{"WorkItemId":131,"LockedByUserId":202,"Mode":"WRITE"}	domain-events	2026-07-12 18:22:16.218505+00
884	WorkItemLocked	{"WorkItemId":134,"LockedByUserId":206,"Mode":"WRITE"}	domain-events	2026-07-12 18:22:22.477037+00
885	WorkItemUpdated	{"WorkItemId":134,"BoardId":194,"UpdatedByUserId":206}	domain-events	2026-07-12 18:22:22.510511+00
888	WorkItemUnlocked	{"WorkItemId":124,"TargetUserIds":[]}	domain-events	2026-07-12 18:22:45.993878+00
889	WorkItemUnlocked	{"WorkItemId":125,"TargetUserIds":[]}	domain-events	2026-07-12 18:22:46.007739+00
890	WorkItemUnlocked	{"WorkItemId":129,"TargetUserIds":[]}	domain-events	2026-07-12 18:22:46.020941+00
891	WorkItemUnlocked	{"WorkItemId":130,"TargetUserIds":[]}	domain-events	2026-07-12 18:22:46.034083+00
892	WorkItemUnlocked	{"WorkItemId":132,"TargetUserIds":[]}	domain-events	2026-07-12 18:22:56.052268+00
893	WorkItemUnlocked	{"WorkItemId":133,"TargetUserIds":[]}	domain-events	2026-07-12 18:22:56.067795+00
894	UserLoggedIn	{"UserId":168}	user-events	2026-07-12 18:24:17.386226+00
895	WorkItemLocked	{"WorkItemId":108,"LockedByUserId":168,"Mode":"WRITE"}	domain-events	2026-07-12 18:26:18.30819+00
896	WorkItemUnlocked	{"WorkItemId":108,"TargetUserIds":[]}	domain-events	2026-07-12 18:26:24.720968+00
897	UserLoggedIn	{"UserId":1}	user-events	2026-07-13 10:45:58.0573+00
898	UserLoggedIn	{"UserId":1}	user-events	2026-07-13 14:51:37.866822+00
899	UserRegistered	{"UserId":208,"Email":"dragisa@gmail.com"}	user-events	2026-07-13 14:52:49.686002+00
900	WorkspaceInvitation	{"TargetUserId":208,"WorkspaceId":1,"WorkspaceName":"Verta","InvitedByUserId":1}	domain-events	2026-07-13 14:53:40.6142+00
901	BoardInvitation	{"TargetUserId":3,"BoardId":2,"BoardName":"Backend","WorkspaceId":1,"WorkspaceName":"Verta","InvitedByUserId":1}	domain-events	2026-07-13 15:00:24.491204+00
902	WorkItemCreated	{"WorkItemId":135,"BoardId":2,"CreatedByUserId":1,"AssignedUserId":2,"Priority":1,"Status":0}	domain-events	2026-07-13 15:02:27.017805+00
903	WorkItemAssigned	{"TargetUserId":2,"WorkItemId":135,"Name":"Dasdasidams","BoardId":2,"AssignedByUserId":1}	domain-events	2026-07-13 15:02:27.032524+00
904	WorkItemLocked	{"WorkItemId":135,"LockedByUserId":1,"Mode":"WRITE"}	domain-events	2026-07-13 15:02:27.19401+00
905	CommentCreated	{"CommentId":53,"WorkItemId":135,"UserId":1,"Content":"Ovo se treba odradi covece"}	domain-events	2026-07-13 15:02:27.449047+00
906	WorkItemUnlocked	{"WorkItemId":135,"TargetUserIds":[]}	domain-events	2026-07-13 15:02:27.535085+00
907	UserLoggedIn	{"UserId":2}	user-events	2026-07-13 15:02:50.953663+00
908	WorkItemAssigned	{"TargetUserId":208,"WorkItemId":135,"Name":"Dasdasidams","BoardId":2,"AssignedByUserId":1}	domain-events	2026-07-13 15:03:29.149246+00
909	WorkItemUpdated	{"WorkItemId":135,"BoardId":2,"UpdatedByUserId":1}	domain-events	2026-07-13 15:03:29.182307+00
910	WorkItemAssigned	{"TargetUserId":2,"WorkItemId":135,"Name":"Dasdasidams","BoardId":2,"AssignedByUserId":1}	domain-events	2026-07-13 15:03:33.166213+00
911	WorkItemUpdated	{"WorkItemId":135,"BoardId":2,"UpdatedByUserId":1}	domain-events	2026-07-13 15:03:33.175151+00
912	WorkItemStatusChanged	{"WorkItemId":135,"BoardId":2,"Name":"Dasdasidams","Status":1,"UpdatedByUserId":2,"TargetUserId":2}	domain-events	2026-07-13 15:04:20.581823+00
913	WorkItemStatusChanged	{"WorkItemId":135,"BoardId":2,"Name":"Dasdasidams","Status":2,"UpdatedByUserId":2,"TargetUserId":2}	domain-events	2026-07-13 15:04:43.150625+00
914	WorkItemLocked	{"WorkItemId":135,"LockedByUserId":2,"Mode":"WRITE"}	domain-events	2026-07-13 15:04:56.031677+00
915	YouNowHaveWriteAccess	{"TargetUserId":1,"WorkItemId":135,"ExpiresAt":"2026-07-13T15:05:39.8962405Z"}	domain-events	2026-07-13 15:05:09.974259+00
916	WorkItemLockTransferred	{"WorkItemId":135,"NewLockedByUserId":1}	domain-events	2026-07-13 15:05:09.984763+00
917	WorkItemUnlocked	{"WorkItemId":135,"TargetUserIds":[]}	domain-events	2026-07-13 15:05:47.129913+00
918	WorkItemLocked	{"WorkItemId":135,"LockedByUserId":2,"Mode":"WRITE"}	domain-events	2026-07-13 15:06:03.119998+00
919	CommentCreated	{"CommentId":54,"WorkItemId":135,"UserId":2,"Content":"sigurno l itako treba"}	domain-events	2026-07-13 15:06:14.306168+00
920	WorkItemUpdated	{"WorkItemId":135,"BoardId":2,"UpdatedByUserId":2}	domain-events	2026-07-13 15:06:20.177489+00
921	YouNowHaveWriteAccess	{"TargetUserId":1,"WorkItemId":135,"ExpiresAt":"2026-07-13T15:06:50.2086437Z"}	domain-events	2026-07-13 15:06:20.290322+00
922	WorkItemLockTransferred	{"WorkItemId":135,"NewLockedByUserId":1}	domain-events	2026-07-13 15:06:20.300962+00
923	WorkItemUnlocked	{"WorkItemId":135,"TargetUserIds":[]}	domain-events	2026-07-13 15:06:29.171629+00
924	WorkItemLocked	{"WorkItemId":135,"LockedByUserId":1,"Mode":"WRITE"}	domain-events	2026-07-13 15:06:35.695607+00
925	WorkItemUnlocked	{"WorkItemId":135,"TargetUserIds":[]}	domain-events	2026-07-13 15:06:39.479098+00
926	WorkItemLocked	{"WorkItemId":135,"LockedByUserId":1,"Mode":"WRITE"}	domain-events	2026-07-13 15:06:51.517547+00
927	WorkItemUnlocked	{"WorkItemId":135,"TargetUserIds":[]}	domain-events	2026-07-13 15:06:58.323481+00
928	WorkItemLocked	{"WorkItemId":135,"LockedByUserId":1,"Mode":"WRITE"}	domain-events	2026-07-13 15:07:21.301673+00
929	SubWorkItemCreated	{"SubWorkItemId":25,"WorkItemId":135,"UserId":1,"Status":0}	domain-events	2026-07-13 15:07:46.25137+00
930	WorkItemUnlocked	{"WorkItemId":135,"TargetUserIds":[]}	domain-events	2026-07-13 15:09:02.484927+00
931	WorkItemLocked	{"WorkItemId":135,"LockedByUserId":1,"Mode":"WRITE"}	domain-events	2026-07-13 15:09:21.828071+00
932	YouNowHaveWriteAccess	{"TargetUserId":2,"WorkItemId":135,"ExpiresAt":"2026-07-13T15:10:42.9998059Z"}	domain-events	2026-07-13 15:10:13.038806+00
933	WorkItemLockTransferred	{"WorkItemId":135,"NewLockedByUserId":2}	domain-events	2026-07-13 15:10:13.054549+00
934	WorkItemUpdated	{"WorkItemId":135,"BoardId":2,"UpdatedByUserId":2}	domain-events	2026-07-13 15:11:05.735932+00
935	WorkItemUnlocked	{"WorkItemId":135,"TargetUserIds":[]}	domain-events	2026-07-13 15:11:05.778178+00
936	WorkItemStatusChanged	{"WorkItemId":2,"BoardId":1,"Name":"dasd","Status":1,"UpdatedByUserId":1,"TargetUserId":3}	domain-events	2026-07-13 15:13:17.048265+00
937	WorkItemStatusChanged	{"WorkItemId":2,"BoardId":1,"Name":"dasd","Status":2,"UpdatedByUserId":1,"TargetUserId":3}	domain-events	2026-07-13 15:13:25.540539+00
938	WorkItemStatusChanged	{"WorkItemId":2,"BoardId":1,"Name":"dasd","Status":1,"UpdatedByUserId":1,"TargetUserId":3}	domain-events	2026-07-13 15:13:40.940019+00
939	WorkItemStatusChanged	{"WorkItemId":2,"BoardId":1,"Name":"dasd","Status":0,"UpdatedByUserId":1,"TargetUserId":3}	domain-events	2026-07-13 15:13:45.950394+00
940	WorkItemLocked	{"WorkItemId":135,"LockedByUserId":2,"Mode":"WRITE"}	domain-events	2026-07-13 15:14:24.590359+00
941	WorkItemUnlocked	{"WorkItemId":135,"TargetUserIds":[]}	domain-events	2026-07-13 15:14:56.916645+00
942	WorkItemLocked	{"WorkItemId":135,"LockedByUserId":2,"Mode":"WRITE"}	domain-events	2026-07-13 15:19:39.400493+00
943	SubWorkItemDeleted	{"SubWorkItemId":25,"WorkItemId":135,"DeletedByUserId":2}	domain-events	2026-07-13 15:19:42.59302+00
944	WorkItemUpdated	{"WorkItemId":135,"BoardId":2,"UpdatedByUserId":2}	domain-events	2026-07-13 15:19:45.169361+00
945	WorkItemUnlocked	{"WorkItemId":135,"TargetUserIds":[]}	domain-events	2026-07-13 15:19:45.215355+00
946	UserRegistered	{"UserId":209,"Email":"playwright_47003966a1b8456cb9349e0f006e5050@test.local"}	user-events	2026-07-13 15:59:50.938259+00
947	WorkItemCreated	{"WorkItemId":136,"BoardId":195,"CreatedByUserId":209,"AssignedUserId":null,"Priority":1,"Status":0}	domain-events	2026-07-13 15:59:51.424484+00
948	CommentCreated	{"CommentId":55,"WorkItemId":136,"UserId":209,"Content":"API comment"}	domain-events	2026-07-13 15:59:51.518737+00
949	CommentUpdated	{"CommentId":55,"WorkItemId":136,"UserId":209,"Content":"Updated API comment"}	domain-events	2026-07-13 15:59:51.727116+00
950	CommentDeleted	{"CommentId":55,"WorkItemId":136,"UserId":209}	domain-events	2026-07-13 15:59:51.818086+00
951	UserRegistered	{"UserId":210,"Email":"playwright_ae1e78057f05494d9583a7e68667ccd6@test.local"}	user-events	2026-07-13 15:59:58.053857+00
952	UserRegistered	{"UserId":211,"Email":"playwright_28083e96802848c799418774077d6781@test.local"}	user-events	2026-07-13 15:59:58.117871+00
953	UserRegistered	{"UserId":212,"Email":"playwright_9fee3882a47643dc9ba6396e81c8a1c2@test.local"}	user-events	2026-07-13 15:59:58.135751+00
954	UserRegistered	{"UserId":213,"Email":"playwright_035306541d2d46489e4f5a7f2c75ee58@test.local"}	user-events	2026-07-13 15:59:58.158512+00
955	UserRegistered	{"UserId":214,"Email":"playwright_952d43e88a5a4eb79dd0b7e4fbdb2e8a@test.local"}	user-events	2026-07-13 15:59:58.237176+00
956	UserRegistered	{"UserId":215,"Email":"playwright_b4f8d52a8fcc44c2837262a93e974ec6@test.local"}	user-events	2026-07-13 15:59:58.328525+00
957	WorkItemCreated	{"WorkItemId":137,"BoardId":196,"CreatedByUserId":210,"AssignedUserId":null,"Priority":1,"Status":0}	domain-events	2026-07-13 15:59:58.662734+00
958	WorkItemCreated	{"WorkItemId":138,"BoardId":200,"CreatedByUserId":214,"AssignedUserId":null,"Priority":1,"Status":0}	domain-events	2026-07-13 15:59:58.821283+00
959	UserLoggedIn	{"UserId":215}	user-events	2026-07-13 16:00:02.926688+00
960	UserLoggedIn	{"UserId":214}	user-events	2026-07-13 16:00:02.968193+00
961	UserLoggedIn	{"UserId":211}	user-events	2026-07-13 16:00:03.083276+00
962	UserLoggedIn	{"UserId":212}	user-events	2026-07-13 16:00:03.111868+00
963	UserLoggedIn	{"UserId":213}	user-events	2026-07-13 16:00:03.174201+00
964	UserLoggedIn	{"UserId":210}	user-events	2026-07-13 16:00:03.235884+00
965	WorkItemLocked	{"WorkItemId":138,"LockedByUserId":214,"Mode":"WRITE"}	domain-events	2026-07-13 16:00:03.983928+00
966	CommentCreated	{"CommentId":56,"WorkItemId":138,"UserId":214,"Content":"Projekat je super!"}	domain-events	2026-07-13 16:00:04.885972+00
967	WorkItemLocked	{"WorkItemId":137,"LockedByUserId":210,"Mode":"WRITE"}	domain-events	2026-07-13 16:00:05.541551+00
968	UserRegistered	{"UserId":216,"Email":"playwright_5f01744fa8d24496aec8746b805f60fe@test.local"}	user-events	2026-07-13 16:00:05.664995+00
969	UserRegistered	{"UserId":217,"Email":"playwright_c432accd1e4f4365b849543daf59ef4b@test.local"}	user-events	2026-07-13 16:00:05.842957+00
970	WorkItemCreated	{"WorkItemId":139,"BoardId":198,"CreatedByUserId":213,"AssignedUserId":null,"Priority":1,"Status":0}	domain-events	2026-07-13 16:00:05.847919+00
971	UserRegistered	{"UserId":218,"Email":"playwright_7f57cb5f3865436fbc4ae9f4431e0218@test.local"}	user-events	2026-07-13 16:00:05.904131+00
972	WorkItemLocked	{"WorkItemId":139,"LockedByUserId":213,"Mode":"WRITE"}	domain-events	2026-07-13 16:00:05.977207+00
973	WorkItemUnlocked	{"WorkItemId":139,"TargetUserIds":[]}	domain-events	2026-07-13 16:00:06.090521+00
974	WorkItemCreated	{"WorkItemId":140,"BoardId":204,"CreatedByUserId":216,"AssignedUserId":null,"Priority":1,"Status":0}	domain-events	2026-07-13 16:00:06.278963+00
975	WorkItemCreated	{"WorkItemId":141,"BoardId":205,"CreatedByUserId":218,"AssignedUserId":null,"Priority":1,"Status":0}	domain-events	2026-07-13 16:00:06.322746+00
976	CommentCreated	{"CommentId":57,"WorkItemId":141,"UserId":218,"Content":"Komentar za brisanje"}	domain-events	2026-07-13 16:00:06.491047+00
977	UserRegistered	{"UserId":219,"Email":"playwright_f4a302b016ad4ee2991ff1df8f765dc5@test.local"}	user-events	2026-07-13 16:00:06.802683+00
978	UserRegistered	{"UserId":220,"Email":"playwright_6b8600cbd1fa457e913af3db921fa1f3@test.local"}	user-events	2026-07-13 16:00:07.248794+00
979	SubWorkItemCreated	{"SubWorkItemId":26,"WorkItemId":137,"UserId":210,"Status":0}	domain-events	2026-07-13 16:00:07.513335+00
980	WorkItemCreated	{"WorkItemId":142,"BoardId":207,"CreatedByUserId":220,"AssignedUserId":null,"Priority":1,"Status":0}	domain-events	2026-07-13 16:00:07.922081+00
981	UserRegistered	{"UserId":221,"Email":"playwright_8d529153ebfa47f59218dc04442dadf2@test.local"}	user-events	2026-07-13 16:00:08.626645+00
982	UserLoggedIn	{"UserId":217}	user-events	2026-07-13 16:00:08.663611+00
983	UserLoggedIn	{"UserId":216}	user-events	2026-07-13 16:00:08.729231+00
984	UserLoggedIn	{"UserId":218}	user-events	2026-07-13 16:00:08.878616+00
985	WorkItemCreated	{"WorkItemId":143,"BoardId":208,"CreatedByUserId":221,"AssignedUserId":null,"Priority":1,"Status":0}	domain-events	2026-07-13 16:00:09.300125+00
986	UserLoggedIn	{"UserId":219}	user-events	2026-07-13 16:00:09.812338+00
987	WorkItemLocked	{"WorkItemId":141,"LockedByUserId":218,"Mode":"WRITE"}	domain-events	2026-07-13 16:00:10.122999+00
988	UserLoggedIn	{"UserId":220}	user-events	2026-07-13 16:00:10.427503+00
989	CommentDeleted	{"CommentId":57,"WorkItemId":141,"UserId":218}	domain-events	2026-07-13 16:00:10.80838+00
990	WorkItemLocked	{"WorkItemId":142,"LockedByUserId":220,"Mode":"WRITE"}	domain-events	2026-07-13 16:00:10.949196+00
991	UserLoggedIn	{"UserId":221}	user-events	2026-07-13 16:00:11.177304+00
992	UserRegistered	{"UserId":222,"Email":"playwright_f61eeb56aceb462ea0539c616cf563ce@test.local"}	user-events	2026-07-13 16:00:11.329299+00
993	WorkItemDeleted	{"WorkItemId":142,"BoardId":207,"DeletedByUserId":220}	domain-events	2026-07-13 16:00:11.460128+00
994	WorkItemCreated	{"WorkItemId":144,"BoardId":209,"CreatedByUserId":222,"AssignedUserId":null,"Priority":1,"Status":0}	domain-events	2026-07-13 16:00:11.489521+00
995	WorkItemLocked	{"WorkItemId":143,"LockedByUserId":221,"Mode":"WRITE"}	domain-events	2026-07-13 16:00:12.006037+00
996	UserRegistered	{"UserId":223,"Email":"playwright_e768fb2dc66e4187abfa70d19cc14264@test.local"}	user-events	2026-07-13 16:00:12.256167+00
997	WorkItemCreated	{"WorkItemId":145,"BoardId":210,"CreatedByUserId":223,"AssignedUserId":null,"Priority":1,"Status":0}	domain-events	2026-07-13 16:00:12.623333+00
998	UserLoggedIn	{"UserId":222}	user-events	2026-07-13 16:00:13.33054+00
1181	UserLoggedIn	{"UserId":259}	user-events	2026-07-13 21:58:51.469339+00
999	SubWorkItemCreated	{"SubWorkItemId":27,"WorkItemId":143,"UserId":221,"Status":0}	domain-events	2026-07-13 16:00:13.352461+00
1010	UserLoggedIn	{"UserId":224}	user-events	2026-07-13 16:00:18.84208+00
1013	UserRegistered	{"UserId":226,"Email":"playwright_25b7ee238fa743ec8239f07a1b9d519e@test.local"}	user-events	2026-07-13 16:00:25.052051+00
1015	WorkItemLocked	{"WorkItemId":147,"LockedByUserId":226,"Mode":"WRITE"}	domain-events	2026-07-13 16:00:25.331636+00
1024	WorkItemUnlocked	{"WorkItemId":146,"TargetUserIds":[]}	domain-events	2026-07-13 16:00:54.536768+00
1029	WorkItemUnlocked	{"WorkItemId":109,"TargetUserIds":[]}	domain-events	2026-07-13 16:01:22.700507+00
1000	WorkItemLocked	{"WorkItemId":144,"LockedByUserId":222,"Mode":"WRITE"}	domain-events	2026-07-13 16:00:14.121+00
1002	UserLoggedIn	{"UserId":223}	user-events	2026-07-13 16:00:14.641097+00
1003	CommentCreated	{"CommentId":58,"WorkItemId":144,"UserId":222,"Content":"Originalni komentar"}	domain-events	2026-07-13 16:00:14.773996+00
1004	CommentUpdated	{"CommentId":58,"WorkItemId":144,"UserId":222,"Content":"Izmenjen komentar"}	domain-events	2026-07-13 16:00:15.517011+00
1006	WorkItemUpdated	{"WorkItemId":145,"BoardId":210,"UpdatedByUserId":223}	domain-events	2026-07-13 16:00:16.335009+00
1017	WorkItemDeleted	{"WorkItemId":147,"BoardId":213,"DeletedByUserId":226}	domain-events	2026-07-13 16:00:25.482437+00
1021	WorkItemUnlocked	{"WorkItemId":141,"TargetUserIds":[]}	domain-events	2026-07-13 16:00:44.450777+00
1001	SubWorkItemUpdated	{"SubWorkItemId":27,"WorkItemId":143,"UpdatedByUserId":221}	domain-events	2026-07-13 16:00:14.600872+00
1012	UserRegistered	{"UserId":225,"Email":"playwright_655287928534442f8a5854dbe74e4bb9@test.local"}	user-events	2026-07-13 16:00:22.480004+00
1023	WorkItemUnlocked	{"WorkItemId":144,"TargetUserIds":[]}	domain-events	2026-07-13 16:00:44.494988+00
1028	WorkItemLocked	{"WorkItemId":109,"LockedByUserId":168,"Mode":"WRITE"}	domain-events	2026-07-13 16:01:20.178123+00
1005	WorkItemLocked	{"WorkItemId":145,"LockedByUserId":223,"Mode":"WRITE"}	domain-events	2026-07-13 16:00:15.627717+00
1011	WorkItemLocked	{"WorkItemId":146,"LockedByUserId":224,"Mode":"WRITE"}	domain-events	2026-07-13 16:00:19.689838+00
1019	WorkItemUnlocked	{"WorkItemId":138,"TargetUserIds":[]}	domain-events	2026-07-13 16:00:34.381786+00
1026	WorkItemLocked	{"WorkItemId":108,"LockedByUserId":168,"Mode":"WRITE"}	domain-events	2026-07-13 16:01:15.326986+00
1007	WorkItemUnlocked	{"WorkItemId":145,"TargetUserIds":[]}	domain-events	2026-07-13 16:00:16.418227+00
1009	WorkItemCreated	{"WorkItemId":146,"BoardId":211,"CreatedByUserId":224,"AssignedUserId":null,"Priority":1,"Status":0}	domain-events	2026-07-13 16:00:17.380431+00
1018	UserRegistered	{"UserId":227,"Email":"playwright_dc2b6da9170b445a9a1fa8b55e58744f@test.local"}	user-events	2026-07-13 16:00:27.493455+00
1020	WorkItemUnlocked	{"WorkItemId":137,"TargetUserIds":[]}	domain-events	2026-07-13 16:00:44.42773+00
1022	WorkItemUnlocked	{"WorkItemId":143,"TargetUserIds":[]}	domain-events	2026-07-13 16:00:44.475248+00
1025	UserLoggedIn	{"UserId":168}	user-events	2026-07-13 16:01:00.969254+00
1027	WorkItemUnlocked	{"WorkItemId":108,"TargetUserIds":[]}	domain-events	2026-07-13 16:01:18.361696+00
1008	UserRegistered	{"UserId":224,"Email":"playwright_4c86446f961946db80cb06fae0121fd0@test.local"}	user-events	2026-07-13 16:00:17.204092+00
1014	WorkItemCreated	{"WorkItemId":147,"BoardId":213,"CreatedByUserId":226,"AssignedUserId":null,"Priority":1,"Status":0}	domain-events	2026-07-13 16:00:25.21913+00
1016	WorkItemUpdated	{"WorkItemId":147,"BoardId":213,"UpdatedByUserId":226}	domain-events	2026-07-13 16:00:25.376652+00
1030	UserRegistered	{"UserId":228,"Email":"playwright_e5648702e32f4239a267e87b0f4f956a@test.local"}	user-events	2026-07-13 18:03:15.968686+00
1031	WorkItemCreated	{"WorkItemId":148,"BoardId":214,"CreatedByUserId":228,"AssignedUserId":null,"Priority":1,"Status":0}	domain-events	2026-07-13 18:03:16.211265+00
1032	CommentCreated	{"CommentId":59,"WorkItemId":148,"UserId":228,"Content":"API comment"}	domain-events	2026-07-13 18:03:16.272013+00
1033	CommentUpdated	{"CommentId":59,"WorkItemId":148,"UserId":228,"Content":"Updated API comment"}	domain-events	2026-07-13 18:03:16.358466+00
1034	CommentDeleted	{"CommentId":59,"WorkItemId":148,"UserId":228}	domain-events	2026-07-13 18:03:16.393345+00
1035	UserRegistered	{"UserId":229,"Email":"playwright_679cc6a09de241f78a9e81449a2bf74e@test.local"}	user-events	2026-07-13 18:03:17.849251+00
1036	UserRegistered	{"UserId":230,"Email":"playwright_53bfa3cac4a449d4b12d8d630d4d0b08@test.local"}	user-events	2026-07-13 18:03:19.106873+00
1037	WorkItemCreated	{"WorkItemId":149,"BoardId":216,"CreatedByUserId":230,"AssignedUserId":null,"Priority":1,"Status":0}	domain-events	2026-07-13 18:03:19.221683+00
1038	WorkItemLocked	{"WorkItemId":149,"LockedByUserId":230,"Mode":"WRITE"}	domain-events	2026-07-13 18:03:19.284398+00
1039	WorkItemUpdated	{"WorkItemId":149,"BoardId":216,"UpdatedByUserId":230}	domain-events	2026-07-13 18:03:19.318084+00
1040	WorkItemDeleted	{"WorkItemId":149,"BoardId":216,"DeletedByUserId":230}	domain-events	2026-07-13 18:03:19.407084+00
1041	UserRegistered	{"UserId":231,"Email":"playwright_0e5d25cfceb34e65ba0813998e2ad873@test.local"}	user-events	2026-07-13 18:03:20.545441+00
1042	UserRegistered	{"UserId":232,"Email":"playwright_e82746465e0746f9b8ba4a1a9b6d19ab@test.local"}	user-events	2026-07-13 18:03:40.969251+00
1043	UserRegistered	{"UserId":233,"Email":"playwright_c4093e5c86b740f3aea69a9446cda1d8@test.local"}	user-events	2026-07-13 18:03:40.987715+00
1044	UserRegistered	{"UserId":234,"Email":"playwright_ef5ef3929638410b8065a0209a3826ee@test.local"}	user-events	2026-07-13 18:03:40.997829+00
1045	UserRegistered	{"UserId":235,"Email":"playwright_f53c92ec8d984f7daf1fe7e43f7aa160@test.local"}	user-events	2026-07-13 18:03:41.008119+00
1046	UserRegistered	{"UserId":236,"Email":"playwright_07f4eba9da474379b5a790124e635382@test.local"}	user-events	2026-07-13 18:03:41.027859+00
1047	UserRegistered	{"UserId":237,"Email":"playwright_933783edb45e4479a32405ce38f65202@test.local"}	user-events	2026-07-13 18:03:41.061229+00
1048	WorkItemCreated	{"WorkItemId":150,"BoardId":217,"CreatedByUserId":236,"AssignedUserId":null,"Priority":1,"Status":0}	domain-events	2026-07-13 18:03:41.210574+00
1049	WorkItemCreated	{"WorkItemId":151,"BoardId":221,"CreatedByUserId":237,"AssignedUserId":null,"Priority":1,"Status":0}	domain-events	2026-07-13 18:03:41.220285+00
1050	UserLoggedIn	{"UserId":234}	user-events	2026-07-13 18:03:42.921804+00
1051	UserLoggedIn	{"UserId":233}	user-events	2026-07-13 18:03:42.987827+00
1052	UserLoggedIn	{"UserId":236}	user-events	2026-07-13 18:03:43.014073+00
1053	UserLoggedIn	{"UserId":232}	user-events	2026-07-13 18:03:43.061963+00
1054	UserLoggedIn	{"UserId":235}	user-events	2026-07-13 18:03:43.074108+00
1055	UserLoggedIn	{"UserId":237}	user-events	2026-07-13 18:03:43.085819+00
1056	WorkItemLocked	{"WorkItemId":150,"LockedByUserId":236,"Mode":"WRITE"}	domain-events	2026-07-13 18:03:43.554387+00
1057	WorkItemLocked	{"WorkItemId":151,"LockedByUserId":237,"Mode":"WRITE"}	domain-events	2026-07-13 18:03:43.646302+00
1058	WorkItemCreated	{"WorkItemId":152,"BoardId":218,"CreatedByUserId":232,"AssignedUserId":null,"Priority":1,"Status":0}	domain-events	2026-07-13 18:03:43.977388+00
1059	WorkItemLocked	{"WorkItemId":152,"LockedByUserId":232,"Mode":"WRITE"}	domain-events	2026-07-13 18:03:44.049483+00
1060	WorkItemUnlocked	{"WorkItemId":152,"TargetUserIds":[]}	domain-events	2026-07-13 18:03:44.16667+00
1061	CommentCreated	{"CommentId":60,"WorkItemId":150,"UserId":236,"Content":"Projekat je super!"}	domain-events	2026-07-13 18:03:44.298043+00
1062	UserRegistered	{"UserId":238,"Email":"playwright_546c5346214042c788f7493eaebee920@test.local"}	user-events	2026-07-13 18:03:44.419304+00
1063	UserRegistered	{"UserId":239,"Email":"playwright_c60d0e5362454ff188713168fa2c1bb2@test.local"}	user-events	2026-07-13 18:03:44.615649+00
1064	UserRegistered	{"UserId":240,"Email":"playwright_036539b856644b87970711e2f47e827d@test.local"}	user-events	2026-07-13 18:03:44.648722+00
1065	UserRegistered	{"UserId":241,"Email":"playwright_2da5a3a089584439838b391523177765@test.local"}	user-events	2026-07-13 18:03:44.656481+00
1066	UserRegistered	{"UserId":242,"Email":"playwright_bbd7b84d8d6248a0b8d84e6e393c998f@test.local"}	user-events	2026-07-13 18:03:44.754573+00
1067	SubWorkItemCreated	{"SubWorkItemId":28,"WorkItemId":151,"UserId":237,"Status":0}	domain-events	2026-07-13 18:03:44.762489+00
1068	WorkItemCreated	{"WorkItemId":153,"BoardId":225,"CreatedByUserId":241,"AssignedUserId":null,"Priority":1,"Status":0}	domain-events	2026-07-13 18:03:44.796299+00
1069	WorkItemCreated	{"WorkItemId":154,"BoardId":227,"CreatedByUserId":240,"AssignedUserId":null,"Priority":1,"Status":0}	domain-events	2026-07-13 18:03:44.852755+00
1070	WorkItemCreated	{"WorkItemId":155,"BoardId":228,"CreatedByUserId":242,"AssignedUserId":null,"Priority":1,"Status":0}	domain-events	2026-07-13 18:03:44.911122+00
1071	CommentCreated	{"CommentId":61,"WorkItemId":155,"UserId":242,"Content":"Komentar za brisanje"}	domain-events	2026-07-13 18:03:44.96001+00
1072	UserRegistered	{"UserId":243,"Email":"playwright_a97b69fd28094951bf1a03e1b73bcb73@test.local"}	user-events	2026-07-13 18:03:45.255538+00
1073	WorkItemCreated	{"WorkItemId":156,"BoardId":229,"CreatedByUserId":243,"AssignedUserId":null,"Priority":1,"Status":0}	domain-events	2026-07-13 18:03:45.35396+00
1074	UserLoggedIn	{"UserId":238}	user-events	2026-07-13 18:03:46.096317+00
1075	UserLoggedIn	{"UserId":239}	user-events	2026-07-13 18:03:46.266688+00
1076	UserLoggedIn	{"UserId":241}	user-events	2026-07-13 18:03:46.379991+00
1077	UserLoggedIn	{"UserId":240}	user-events	2026-07-13 18:03:46.678674+00
1078	UserLoggedIn	{"UserId":242}	user-events	2026-07-13 18:03:46.859432+00
1079	WorkItemLocked	{"WorkItemId":153,"LockedByUserId":241,"Mode":"WRITE"}	domain-events	2026-07-13 18:03:46.875261+00
1080	UserLoggedIn	{"UserId":243}	user-events	2026-07-13 18:03:47.128514+00
1081	WorkItemDeleted	{"WorkItemId":153,"BoardId":225,"DeletedByUserId":241}	domain-events	2026-07-13 18:03:47.145908+00
1082	WorkItemLocked	{"WorkItemId":155,"LockedByUserId":242,"Mode":"WRITE"}	domain-events	2026-07-13 18:03:47.334729+00
1083	WorkItemLocked	{"WorkItemId":156,"LockedByUserId":243,"Mode":"WRITE"}	domain-events	2026-07-13 18:03:47.613892+00
1084	UserRegistered	{"UserId":244,"Email":"playwright_7ecac60fbc3649e1aa3371b8028873a7@test.local"}	user-events	2026-07-13 18:03:47.617214+00
1085	WorkItemCreated	{"WorkItemId":157,"BoardId":230,"CreatedByUserId":244,"AssignedUserId":null,"Priority":1,"Status":0}	domain-events	2026-07-13 18:03:47.753684+00
1086	CommentDeleted	{"CommentId":61,"WorkItemId":155,"UserId":242}	domain-events	2026-07-13 18:03:47.964001+00
1091	WorkItemLocked	{"WorkItemId":157,"LockedByUserId":244,"Mode":"WRITE"}	domain-events	2026-07-13 18:03:49.5817+00
1087	UserRegistered	{"UserId":245,"Email":"playwright_e6aa8b508b8a4600948877d4f0813f25@test.local"}	user-events	2026-07-13 18:03:48.417923+00
1097	UserRegistered	{"UserId":246,"Email":"playwright_82c1b9be46c54abc840053c9298b04ad@test.local"}	user-events	2026-07-13 18:03:50.668556+00
1099	WorkItemCreated	{"WorkItemId":159,"BoardId":232,"CreatedByUserId":246,"AssignedUserId":null,"Priority":1,"Status":0}	domain-events	2026-07-13 18:03:50.752359+00
1100	CommentUpdated	{"CommentId":62,"WorkItemId":158,"UserId":245,"Content":"Izmenjen komentar"}	domain-events	2026-07-13 18:03:50.950794+00
1108	WorkItemUnlocked	{"WorkItemId":159,"TargetUserIds":[]}	domain-events	2026-07-13 18:04:29.418961+00
1109	UserRegistered	{"UserId":247,"Email":"playwright_2548b54dd84f41438ad7ee67941c7e4c@test.local"}	user-events	2026-07-13 18:05:31.577849+00
1111	WorkItemCreated	{"WorkItemId":160,"BoardId":233,"CreatedByUserId":247,"AssignedUserId":null,"Priority":1,"Status":0}	domain-events	2026-07-13 18:05:33.928172+00
1112	WorkItemLocked	{"WorkItemId":160,"LockedByUserId":247,"Mode":"WRITE"}	domain-events	2026-07-13 18:05:33.972696+00
1088	WorkItemCreated	{"WorkItemId":158,"BoardId":231,"CreatedByUserId":245,"AssignedUserId":null,"Priority":1,"Status":0}	domain-events	2026-07-13 18:03:48.531182+00
1102	WorkItemLocked	{"WorkItemId":159,"LockedByUserId":246,"Mode":"WRITE"}	domain-events	2026-07-13 18:03:51.870365+00
1106	WorkItemUnlocked	{"WorkItemId":156,"TargetUserIds":[]}	domain-events	2026-07-13 18:04:19.351349+00
1110	UserLoggedIn	{"UserId":247}	user-events	2026-07-13 18:05:32.711969+00
1089	SubWorkItemCreated	{"SubWorkItemId":29,"WorkItemId":156,"UserId":243,"Status":0}	domain-events	2026-07-13 18:03:48.651511+00
1090	UserLoggedIn	{"UserId":244}	user-events	2026-07-13 18:03:48.988975+00
1098	CommentCreated	{"CommentId":62,"WorkItemId":158,"UserId":245,"Content":"Originalni komentar"}	domain-events	2026-07-13 18:03:50.673335+00
1104	WorkItemUnlocked	{"WorkItemId":151,"TargetUserIds":[]}	domain-events	2026-07-13 18:04:19.32119+00
1107	WorkItemUnlocked	{"WorkItemId":158,"TargetUserIds":[]}	domain-events	2026-07-13 18:04:29.403978+00
1092	SubWorkItemUpdated	{"SubWorkItemId":29,"WorkItemId":156,"UpdatedByUserId":243}	domain-events	2026-07-13 18:03:49.59662+00
1103	WorkItemUnlocked	{"WorkItemId":150,"TargetUserIds":[]}	domain-events	2026-07-13 18:04:19.304808+00
1113	WorkItemUnlocked	{"WorkItemId":160,"TargetUserIds":[]}	domain-events	2026-07-13 18:05:34.002917+00
1094	WorkItemUpdated	{"WorkItemId":157,"BoardId":230,"UpdatedByUserId":244}	domain-events	2026-07-13 18:03:50.121893+00
1101	UserLoggedIn	{"UserId":246}	user-events	2026-07-13 18:03:51.510242+00
1095	WorkItemUnlocked	{"WorkItemId":157,"TargetUserIds":[]}	domain-events	2026-07-13 18:03:50.165976+00
1096	WorkItemLocked	{"WorkItemId":158,"LockedByUserId":245,"Mode":"WRITE"}	domain-events	2026-07-13 18:03:50.197755+00
1105	WorkItemUnlocked	{"WorkItemId":155,"TargetUserIds":[]}	domain-events	2026-07-13 18:04:19.335804+00
1114	UserLoggedIn	{"UserId":168}	user-events	2026-07-13 19:15:16.618601+00
1115	UserLoggedIn	{"UserId":1}	user-events	2026-07-13 20:41:30.691036+00
1116	UserRegistered	{"UserId":248,"Email":"playwright_3bcd4f91f7de4f0a93df3dbae257a153@test.local"}	user-events	2026-07-13 21:15:26.522035+00
1117	UserRegistered	{"UserId":249,"Email":"test@verta.com"}	user-events	2026-07-13 21:55:11.417538+00
1118	WorkItemCreated	{"WorkItemId":161,"BoardId":234,"CreatedByUserId":249,"AssignedUserId":null,"Priority":1,"Status":0}	domain-events	2026-07-13 21:55:11.763266+00
1119	CommentCreated	{"CommentId":63,"WorkItemId":161,"UserId":249,"Content":"API comment"}	domain-events	2026-07-13 21:55:11.849485+00
1120	CommentUpdated	{"CommentId":63,"WorkItemId":161,"UserId":249,"Content":"Updated API comment"}	domain-events	2026-07-13 21:55:11.975637+00
1121	CommentDeleted	{"CommentId":63,"WorkItemId":161,"UserId":249}	domain-events	2026-07-13 21:55:12.022223+00
1122	UserLoggedIn	{"UserId":249}	user-events	2026-07-13 21:55:19.803614+00
1123	UserLoggedIn	{"UserId":249}	user-events	2026-07-13 21:55:19.971336+00
1124	UserLoggedIn	{"UserId":249}	user-events	2026-07-13 21:55:20.027923+00
1125	UserLoggedIn	{"UserId":249}	user-events	2026-07-13 21:55:21.300696+00
1126	UserLoggedIn	{"UserId":249}	user-events	2026-07-13 21:55:24.462099+00
1127	UserLoggedIn	{"UserId":249}	user-events	2026-07-13 21:55:24.540579+00
1128	UserLoggedIn	{"UserId":249}	user-events	2026-07-13 21:55:27.867603+00
1129	UserLoggedIn	{"UserId":249}	user-events	2026-07-13 21:55:32.103933+00
1130	UserLoggedIn	{"UserId":249}	user-events	2026-07-13 21:55:33.549662+00
1131	UserLoggedIn	{"UserId":249}	user-events	2026-07-13 21:55:33.675624+00
1132	UserLoggedIn	{"UserId":249}	user-events	2026-07-13 21:55:35.101238+00
1133	UserLoggedIn	{"UserId":249}	user-events	2026-07-13 21:55:38.264486+00
1134	UserLoggedIn	{"UserId":249}	user-events	2026-07-13 21:55:40.75407+00
1135	UserLoggedIn	{"UserId":249}	user-events	2026-07-13 21:55:42.270298+00
1136	UserLoggedIn	{"UserId":249}	user-events	2026-07-13 21:55:45.335816+00
1137	UserLoggedIn	{"UserId":249}	user-events	2026-07-13 21:56:00.570117+00
1138	UserLoggedIn	{"UserId":249}	user-events	2026-07-13 21:56:03.215815+00
1139	UserLoggedIn	{"UserId":249}	user-events	2026-07-13 21:56:05.565253+00
1140	UserLoggedIn	{"UserId":249}	user-events	2026-07-13 21:56:07.013192+00
1141	UserRegistered	{"UserId":250,"Email":"playwright_4d930a4676584323ac2fc3c13606dec5@test.local"}	user-events	2026-07-13 21:58:18.014591+00
1142	WorkItemCreated	{"WorkItemId":162,"BoardId":235,"CreatedByUserId":250,"AssignedUserId":null,"Priority":1,"Status":0}	domain-events	2026-07-13 21:58:18.499543+00
1143	CommentCreated	{"CommentId":64,"WorkItemId":162,"UserId":250,"Content":"API comment"}	domain-events	2026-07-13 21:58:18.618268+00
1144	CommentUpdated	{"CommentId":64,"WorkItemId":162,"UserId":250,"Content":"Updated API comment"}	domain-events	2026-07-13 21:58:18.804109+00
1145	CommentDeleted	{"CommentId":64,"WorkItemId":162,"UserId":250}	domain-events	2026-07-13 21:58:18.865286+00
1146	UserRegistered	{"UserId":251,"Email":"playwright_5d14808814c746dbb98cf8c4e7650f0c@test.local"}	user-events	2026-07-13 21:58:27.534429+00
1147	UserRegistered	{"UserId":252,"Email":"playwright_fb522d8080ce4c4ba19b8ac2a8db7aac@test.local"}	user-events	2026-07-13 21:58:27.770168+00
1148	UserRegistered	{"UserId":253,"Email":"playwright_2793014b76124cc8a710489efdf44a6e@test.local"}	user-events	2026-07-13 21:58:28.197121+00
1149	UserRegistered	{"UserId":254,"Email":"playwright_f91fc5fe8d3c42a88af8b9b8a54c11d7@test.local"}	user-events	2026-07-13 21:58:28.397708+00
1150	UserRegistered	{"UserId":255,"Email":"playwright_ad0ad0ae04a54ab58763b3bb9135a0a1@test.local"}	user-events	2026-07-13 21:58:28.934491+00
1151	UserRegistered	{"UserId":256,"Email":"playwright_d3e1ea6094294a9386c361c34b019095@test.local"}	user-events	2026-07-13 21:58:29.109417+00
1152	WorkItemCreated	{"WorkItemId":163,"BoardId":237,"CreatedByUserId":252,"AssignedUserId":null,"Priority":1,"Status":0}	domain-events	2026-07-13 21:58:31.116644+00
1153	WorkItemCreated	{"WorkItemId":164,"BoardId":240,"CreatedByUserId":254,"AssignedUserId":null,"Priority":1,"Status":0}	domain-events	2026-07-13 21:58:31.653225+00
1154	UserLoggedIn	{"UserId":256}	user-events	2026-07-13 21:58:36.56069+00
1155	UserLoggedIn	{"UserId":253}	user-events	2026-07-13 21:58:37.601933+00
1156	UserLoggedIn	{"UserId":255}	user-events	2026-07-13 21:58:37.761406+00
1157	UserLoggedIn	{"UserId":251}	user-events	2026-07-13 21:58:38.506115+00
1158	UserLoggedIn	{"UserId":254}	user-events	2026-07-13 21:58:38.971232+00
1159	UserLoggedIn	{"UserId":252}	user-events	2026-07-13 21:58:39.124797+00
1160	WorkItemCreated	{"WorkItemId":165,"BoardId":238,"CreatedByUserId":253,"AssignedUserId":null,"Priority":1,"Status":0}	domain-events	2026-07-13 21:58:41.333743+00
1161	WorkItemLocked	{"WorkItemId":165,"LockedByUserId":253,"Mode":"WRITE"}	domain-events	2026-07-13 21:58:41.480758+00
1162	WorkItemLocked	{"WorkItemId":164,"LockedByUserId":254,"Mode":"WRITE"}	domain-events	2026-07-13 21:58:41.570328+00
1163	WorkItemUnlocked	{"WorkItemId":165,"TargetUserIds":[]}	domain-events	2026-07-13 21:58:41.815971+00
1164	WorkItemLocked	{"WorkItemId":163,"LockedByUserId":252,"Mode":"WRITE"}	domain-events	2026-07-13 21:58:41.861507+00
1165	UserRegistered	{"UserId":257,"Email":"playwright_95e170f6f8bb4d749f10c9917fa48130@test.local"}	user-events	2026-07-13 21:58:41.870631+00
1166	UserRegistered	{"UserId":258,"Email":"playwright_b4e8ae9f32894da78c85d5b6d3660bda@test.local"}	user-events	2026-07-13 21:58:43.141651+00
1167	CommentCreated	{"CommentId":65,"WorkItemId":163,"UserId":252,"Content":"Projekat je super!"}	domain-events	2026-07-13 21:58:43.787469+00
1168	UserRegistered	{"UserId":259,"Email":"playwright_c47f106f62fe4163830e8c8b5dd70b61@test.local"}	user-events	2026-07-13 21:58:44.921044+00
1169	SubWorkItemCreated	{"SubWorkItemId":30,"WorkItemId":164,"UserId":254,"Status":0}	domain-events	2026-07-13 21:58:44.972976+00
1170	UserRegistered	{"UserId":260,"Email":"playwright_fd3bcec5fe4b4f4a939ddc92f63af9eb@test.local"}	user-events	2026-07-13 21:58:45.161717+00
1171	WorkItemCreated	{"WorkItemId":166,"BoardId":244,"CreatedByUserId":259,"AssignedUserId":null,"Priority":1,"Status":0}	domain-events	2026-07-13 21:58:45.598082+00
1172	WorkItemCreated	{"WorkItemId":167,"BoardId":246,"CreatedByUserId":260,"AssignedUserId":null,"Priority":1,"Status":0}	domain-events	2026-07-13 21:58:45.809105+00
1173	UserRegistered	{"UserId":261,"Email":"playwright_9f2cc6c62de4415cbe800008ec7c6ac3@test.local"}	user-events	2026-07-13 21:58:47.213065+00
1174	UserLoggedIn	{"UserId":257}	user-events	2026-07-13 21:58:47.454079+00
1175	UserLoggedIn	{"UserId":258}	user-events	2026-07-13 21:58:47.684419+00
1176	UserRegistered	{"UserId":262,"Email":"playwright_e3882b09cace44df924433852a2fa1ab@test.local"}	user-events	2026-07-13 21:58:48.226636+00
1177	WorkItemCreated	{"WorkItemId":168,"BoardId":247,"CreatedByUserId":261,"AssignedUserId":null,"Priority":1,"Status":0}	domain-events	2026-07-13 21:58:49.055896+00
1178	CommentCreated	{"CommentId":66,"WorkItemId":168,"UserId":261,"Content":"Komentar za brisanje"}	domain-events	2026-07-13 21:58:49.637038+00
1179	WorkItemCreated	{"WorkItemId":169,"BoardId":248,"CreatedByUserId":262,"AssignedUserId":null,"Priority":1,"Status":0}	domain-events	2026-07-13 21:58:49.987862+00
1180	UserLoggedIn	{"UserId":260}	user-events	2026-07-13 21:58:50.913186+00
1182	WorkItemLocked	{"WorkItemId":166,"LockedByUserId":259,"Mode":"WRITE"}	domain-events	2026-07-13 21:58:52.589283+00
1184	WorkItemDeleted	{"WorkItemId":166,"BoardId":244,"DeletedByUserId":259}	domain-events	2026-07-13 21:58:53.807707+00
1187	WorkItemLocked	{"WorkItemId":169,"LockedByUserId":262,"Mode":"WRITE"}	domain-events	2026-07-13 21:58:55.250103+00
1190	CommentDeleted	{"CommentId":66,"WorkItemId":168,"UserId":261}	domain-events	2026-07-13 21:58:55.706868+00
1196	WorkItemLocked	{"WorkItemId":170,"LockedByUserId":263,"Mode":"WRITE"}	domain-events	2026-07-13 21:58:59.20993+00
1198	WorkItemUpdated	{"WorkItemId":170,"BoardId":249,"UpdatedByUserId":263}	domain-events	2026-07-13 21:59:00.048076+00
1199	WorkItemUnlocked	{"WorkItemId":170,"TargetUserIds":[]}	domain-events	2026-07-13 21:59:00.14282+00
1205	UserLoggedIn	{"UserId":265}	user-events	2026-07-13 21:59:04.388081+00
1209	WorkItemCreated	{"WorkItemId":173,"BoardId":253,"CreatedByUserId":267,"AssignedUserId":null,"Priority":1,"Status":0}	domain-events	2026-07-13 21:59:09.401979+00
1214	WorkItemUnlocked	{"WorkItemId":164,"TargetUserIds":[]}	domain-events	2026-07-13 21:59:17.407681+00
1183	UserLoggedIn	{"UserId":261}	user-events	2026-07-13 21:58:53.516847+00
1188	UserRegistered	{"UserId":263,"Email":"playwright_1c6abfaf84474cf8b5dd83df59fec3c0@test.local"}	user-events	2026-07-13 21:58:55.424196+00
1193	WorkItemCreated	{"WorkItemId":171,"BoardId":250,"CreatedByUserId":264,"AssignedUserId":null,"Priority":1,"Status":0}	domain-events	2026-07-13 21:58:57.277207+00
1202	UserRegistered	{"UserId":265,"Email":"playwright_92ba03056e1948ed8af0bafd909ff020@test.local"}	user-events	2026-07-13 21:59:01.663992+00
1204	CommentUpdated	{"CommentId":67,"WorkItemId":171,"UserId":264,"Content":"Izmenjen komentar"}	domain-events	2026-07-13 21:59:02.14054+00
1207	UserRegistered	{"UserId":266,"Email":"playwright_bcb44d9a8bf34ee0ae3e4e6ccbf07bba@test.local"}	user-events	2026-07-13 21:59:07.430144+00
1211	WorkItemUpdated	{"WorkItemId":173,"BoardId":253,"UpdatedByUserId":267}	domain-events	2026-07-13 21:59:09.495857+00
1185	UserLoggedIn	{"UserId":262}	user-events	2026-07-13 21:58:53.988757+00
1186	WorkItemLocked	{"WorkItemId":168,"LockedByUserId":261,"Mode":"WRITE"}	domain-events	2026-07-13 21:58:54.933956+00
1189	WorkItemCreated	{"WorkItemId":170,"BoardId":249,"CreatedByUserId":263,"AssignedUserId":null,"Priority":1,"Status":0}	domain-events	2026-07-13 21:58:55.613096+00
1191	SubWorkItemCreated	{"SubWorkItemId":31,"WorkItemId":169,"UserId":262,"Status":0}	domain-events	2026-07-13 21:58:56.719979+00
1201	CommentCreated	{"CommentId":67,"WorkItemId":171,"UserId":264,"Content":"Originalni komentar"}	domain-events	2026-07-13 21:59:01.315272+00
1206	WorkItemLocked	{"WorkItemId":172,"LockedByUserId":265,"Mode":"WRITE"}	domain-events	2026-07-13 21:59:05.212141+00
1210	WorkItemLocked	{"WorkItemId":173,"LockedByUserId":267,"Mode":"WRITE"}	domain-events	2026-07-13 21:59:09.461176+00
1212	WorkItemDeleted	{"WorkItemId":173,"BoardId":253,"DeletedByUserId":267}	domain-events	2026-07-13 21:59:09.574173+00
1192	UserRegistered	{"UserId":264,"Email":"playwright_dae1421c37a94b7d864c6fcfb093f62b@test.local"}	user-events	2026-07-13 21:58:57.027066+00
1195	UserLoggedIn	{"UserId":263}	user-events	2026-07-13 21:58:58.306681+00
1200	WorkItemLocked	{"WorkItemId":171,"LockedByUserId":264,"Mode":"WRITE"}	domain-events	2026-07-13 21:59:00.425847+00
1208	UserRegistered	{"UserId":267,"Email":"playwright_8440ba815d2349bcae68d36908b33844@test.local"}	user-events	2026-07-13 21:59:09.272075+00
1194	SubWorkItemUpdated	{"SubWorkItemId":31,"WorkItemId":169,"UpdatedByUserId":262}	domain-events	2026-07-13 21:58:57.658085+00
1197	UserLoggedIn	{"UserId":264}	user-events	2026-07-13 21:58:59.474448+00
1203	WorkItemCreated	{"WorkItemId":172,"BoardId":251,"CreatedByUserId":265,"AssignedUserId":null,"Priority":1,"Status":0}	domain-events	2026-07-13 21:59:01.816997+00
1213	UserRegistered	{"UserId":268,"Email":"playwright_5684b59755274aebae4c11e1098c59fe@test.local"}	user-events	2026-07-13 21:59:11.31522+00
1215	WorkItemUnlocked	{"WorkItemId":163,"TargetUserIds":[]}	domain-events	2026-07-13 21:59:17.428356+00
1216	WorkItemUnlocked	{"WorkItemId":168,"TargetUserIds":[]}	domain-events	2026-07-13 21:59:27.451459+00
1217	WorkItemUnlocked	{"WorkItemId":169,"TargetUserIds":[]}	domain-events	2026-07-13 21:59:27.470013+00
1218	WorkItemUnlocked	{"WorkItemId":171,"TargetUserIds":[]}	domain-events	2026-07-13 21:59:37.477186+00
1219	WorkItemUnlocked	{"WorkItemId":172,"TargetUserIds":[]}	domain-events	2026-07-13 21:59:37.491616+00
1220	UserLoggedIn	{"UserId":169}	user-events	2026-07-13 23:10:02.326914+00
1221	UserLoggedIn	{"UserId":1}	user-events	2026-07-14 17:56:38.784826+00
1222	UserLoggedIn	{"UserId":2}	user-events	2026-07-14 17:56:46.281878+00
1223	WorkItemLocked	{"WorkItemId":135,"LockedByUserId":1,"Mode":"WRITE"}	domain-events	2026-07-14 17:56:54.472634+00
1224	WorkItemUpdated	{"WorkItemId":135,"BoardId":2,"UpdatedByUserId":1}	domain-events	2026-07-14 17:57:17.37919+00
1225	YouNowHaveWriteAccess	{"TargetUserId":2,"WorkItemId":135,"ExpiresAt":"2026-07-14T17:57:47.4239106Z"}	domain-events	2026-07-14 17:57:17.47185+00
1226	WorkItemLockTransferred	{"WorkItemId":135,"NewLockedByUserId":2}	domain-events	2026-07-14 17:57:17.507533+00
1227	WorkItemUnlocked	{"WorkItemId":135,"TargetUserIds":[]}	domain-events	2026-07-14 17:57:24.960775+00
1228	WorkItemLocked	{"WorkItemId":135,"LockedByUserId":2,"Mode":"WRITE"}	domain-events	2026-07-14 17:57:27.030738+00
1229	WorkItemUnlocked	{"WorkItemId":135,"TargetUserIds":[]}	domain-events	2026-07-14 17:57:30.613186+00
1230	WorkItemLocked	{"WorkItemId":135,"LockedByUserId":1,"Mode":"WRITE"}	domain-events	2026-07-14 17:57:33.374173+00
1231	WorkItemLocked	{"WorkItemId":135,"BoardId":2,"LockedByUserId":2,"Mode":"WRITE"}	domain-events	2026-07-14 17:59:56.694147+00
1232	CommentDeleted	{"CommentId":54,"WorkItemId":135,"BoardId":2,"UserId":2}	domain-events	2026-07-14 18:00:10.456589+00
1233	SubWorkItemCreated	{"SubWorkItemId":32,"WorkItemId":135,"BoardId":2,"UserId":2,"Status":0}	domain-events	2026-07-14 18:00:22.635862+00
1234	CommentCreated	{"CommentId":68,"WorkItemId":135,"BoardId":2,"UserId":2,"Content":"dadsa"}	domain-events	2026-07-14 18:00:54.619446+00
1235	YouNowHaveWriteAccess	{"TargetUserId":1,"WorkItemId":135,"BoardId":2,"ExpiresAt":"2026-07-14T18:02:46.2050559Z"}	domain-events	2026-07-14 18:02:16.318308+00
1236	WorkItemLockTransferred	{"WorkItemId":135,"BoardId":2,"NewLockedByUserId":1}	domain-events	2026-07-14 18:02:16.331183+00
1237	WorkItemUnlocked	{"WorkItemId":135,"BoardId":2,"TargetUserIds":[]}	domain-events	2026-07-14 18:04:06.41688+00
1238	WorkItemLocked	{"WorkItemId":135,"BoardId":2,"LockedByUserId":2,"Mode":"WRITE"}	domain-events	2026-07-14 18:06:23.69354+00
1239	CommentDeleted	{"CommentId":53,"WorkItemId":135,"BoardId":2,"UserId":1}	domain-events	2026-07-14 18:06:36.788327+00
1240	WorkItemUpdated	{"WorkItemId":135,"BoardId":2,"UpdatedByUserId":2,"Name":"Promenadas","Description":"dasodmaosdmasodk","Status":"PR","Priority":1,"AssignedUserId":2,"SprintId":38}	domain-events	2026-07-14 18:07:06.635476+00
1241	WorkItemUpdated	{"WorkItemId":135,"BoardId":2,"UpdatedByUserId":2,"Name":"Promenadasdas","Description":"dasodmaosdmasodk","Status":"PR","Priority":1,"AssignedUserId":2,"SprintId":38}	domain-events	2026-07-14 18:07:08.716471+00
1242	SubWorkItemCreated	{"SubWorkItemId":33,"WorkItemId":135,"BoardId":2,"UserId":2,"Status":0}	domain-events	2026-07-14 18:07:17.843009+00
1243	SubWorkItemDeleted	{"SubWorkItemId":33,"WorkItemId":135,"BoardId":2,"DeletedByUserId":2}	domain-events	2026-07-14 18:07:22.603434+00
1244	SubWorkItemDeleted	{"SubWorkItemId":32,"WorkItemId":135,"BoardId":2,"DeletedByUserId":1}	domain-events	2026-07-14 18:07:25.82887+00
1245	YouNowHaveWriteAccess	{"TargetUserId":1,"WorkItemId":135,"BoardId":2,"ExpiresAt":"2026-07-14T18:09:13.4884101Z"}	domain-events	2026-07-14 18:08:43.58012+00
1246	WorkItemLockTransferred	{"WorkItemId":135,"BoardId":2,"NewLockedByUserId":1}	domain-events	2026-07-14 18:08:43.591626+00
1247	WorkItemUnlocked	{"WorkItemId":135,"BoardId":2,"TargetUserIds":[]}	domain-events	2026-07-14 18:09:13.779427+00
1248	WorkItemLocked	{"WorkItemId":135,"BoardId":2,"LockedByUserId":1,"Mode":"WRITE"}	domain-events	2026-07-14 18:16:57.728806+00
1249	WorkItemUpdated	{"WorkItemId":135,"BoardId":2,"UpdatedByUserId":1,"Name":"Promenadasdas","Description":"dasodmaosdmasodk","Status":"PR","Priority":1,"AssignedUserId":2,"SprintId":38}	domain-events	2026-07-14 18:21:29.518272+00
1250	YouNowHaveWriteAccess	{"TargetUserId":2,"WorkItemId":135,"BoardId":2,"ExpiresAt":"2026-07-14T18:21:59.5989109Z"}	domain-events	2026-07-14 18:21:29.661267+00
1251	WorkItemLockTransferred	{"WorkItemId":135,"BoardId":2,"NewLockedByUserId":2}	domain-events	2026-07-14 18:21:29.670999+00
1252	WorkItemUnlocked	{"WorkItemId":135,"BoardId":2,"TargetUserIds":[]}	domain-events	2026-07-14 18:21:32.001348+00
1253	WorkItemLocked	{"WorkItemId":135,"BoardId":2,"LockedByUserId":1,"Mode":"WRITE"}	domain-events	2026-07-14 18:21:34.243327+00
1254	WorkItemUnlocked	{"WorkItemId":135,"BoardId":2,"TargetUserIds":[]}	domain-events	2026-07-14 18:22:18.233317+00
1255	WorkItemLocked	{"WorkItemId":135,"BoardId":2,"LockedByUserId":1,"Mode":"WRITE"}	domain-events	2026-07-14 18:23:29.075342+00
1256	WorkItemUnlocked	{"WorkItemId":135,"BoardId":2,"TargetUserIds":[]}	domain-events	2026-07-14 18:23:53.207074+00
1257	UserLoggedIn	{"UserId":208}	user-events	2026-07-14 18:24:32.180827+00
1258	WorkItemLocked	{"WorkItemId":135,"BoardId":2,"LockedByUserId":1,"Mode":"WRITE"}	domain-events	2026-07-14 18:24:37.087838+00
1259	WorkItemUpdated	{"WorkItemId":135,"BoardId":2,"UpdatedByUserId":1,"Name":"Neki task","Description":"dasodmaosdmasodk","Status":"PR","Priority":1,"AssignedUserId":2,"SprintId":38}	domain-events	2026-07-14 18:25:28.177669+00
1260	WorkItemUpdated	{"WorkItemId":135,"BoardId":2,"UpdatedByUserId":1,"Name":"Neki task","Description":"dasodmaosdmasodk","Status":"PR","Priority":1,"AssignedUserId":2,"SprintId":38}	domain-events	2026-07-14 18:25:32.665495+00
1261	YouNowHaveWriteAccess	{"TargetUserId":208,"WorkItemId":135,"BoardId":2,"ExpiresAt":"2026-07-14T18:26:02.6915915Z"}	domain-events	2026-07-14 18:25:32.707754+00
1262	WorkItemLockTransferred	{"WorkItemId":135,"BoardId":2,"NewLockedByUserId":208}	domain-events	2026-07-14 18:25:32.713582+00
1263	WorkItemUnlocked	{"WorkItemId":135,"BoardId":2,"TargetUserIds":[]}	domain-events	2026-07-14 18:25:37.970915+00
1264	WorkItemLocked	{"WorkItemId":135,"BoardId":2,"LockedByUserId":208,"Mode":"WRITE"}	domain-events	2026-07-14 18:25:41.392942+00
1265	WorkItemUnlocked	{"WorkItemId":135,"BoardId":2,"TargetUserIds":[]}	domain-events	2026-07-14 18:25:44.56805+00
\.


--
-- Data for Name: invitations; Type: TABLE DATA; Schema: public; Owner: -
--

COPY public.invitations ("Id", "WorkspaceId", "UserId", "Role", "IsAccepted") FROM stdin;
1	1	4	Member	t
2	1	5	Member	t
3	1	208	Member	t
\.


--
-- Data for Name: messages; Type: TABLE DATA; Schema: public; Owner: -
--

COPY public.messages ("Id", "Content", "SenderId", "ConversationId", "CreatedAt", "DeletedAt", "EditedAt", "IsDeleted", "IsEdited") FROM stdin;
1	deeste	1	4	2026-07-02 19:06:42.64232+00	\N	\N	f	f
2	dada	1	4	2026-07-02 19:20:44.80818+00	\N	\N	f	f
3	evvvoo	4	4	2026-07-02 19:20:57.324731+00	\N	\N	f	f
4	tu sam i ja	2	4	2026-07-02 19:23:08.027504+00	\N	\N	f	f
5	cao	3	17	2026-07-02 20:33:17.14918+00	\N	\N	f	f
6	eee	3	17	2026-07-02 20:33:34.335436+00	\N	\N	f	f
7	luka je	3	17	2026-07-02 20:34:00.280054+00	\N	\N	f	f
8	si	1	17	2026-07-02 20:41:45.461259+00	\N	\N	f	f
9	dada	3	17	2026-07-02 20:42:06.190638+00	\N	\N	f	f
10	dasdsa	1	4	2026-07-02 20:42:37.647228+00	\N	\N	f	f
11	ja sam mata	3	17	2026-07-02 20:44:35.35291+00	\N	\N	f	f
12	ja sam luka	1	17	2026-07-02 20:44:40.427689+00	\N	\N	f	f
13	dada	1	4	2026-07-03 13:49:57.851026+00	\N	\N	f	f
14	ee	1	16	2026-07-03 13:50:25.004908+00	\N	\N	f	f
15	e miki	2	16	2026-07-03 13:50:44.774119+00	\N	\N	f	f
16	ddd	1	4	2026-07-03 13:52:38.114743+00	\N	\N	f	f
17	ej treba mi nesto hitno	1	16	2026-07-13 15:15:16.998532+00	\N	\N	f	f
18	kekvo	2	16	2026-07-13 15:15:22.392911+00	\N	\N	f	f
19	e momcetica	2	4	2026-07-13 15:15:43.580141+00	\N	\N	f	f
20	o peco	1	4	2026-07-13 15:15:47.649562+00	\N	\N	f	f
21	kekvo	1	4	2026-07-13 15:15:51.443445+00	\N	\N	f	f
22	dadasasd	2	16	2026-07-13 15:17:09.342253+00	\N	\N	f	f
\.


--
-- Data for Name: sprints; Type: TABLE DATA; Schema: public; Owner: -
--

COPY public.sprints ("Id", "Name", "BoardId", "StartDate", "EndDate", "CreatedAt", "UpdatedAt") FROM stdin;
1	Sprint1	1	2026-07-03 00:00:00+00	2026-07-17 00:00:00+00	2026-07-03 13:39:35.354743+00	\N
2	Sprint2	1	2026-08-03 00:00:00+00	2026-08-31 00:00:00+00	2026-07-03 13:40:01.504746+00	\N
3	Playwright Sprint	4	2026-07-09 00:00:00+00	2026-07-16 00:00:00+00	2026-07-09 17:06:42.606052+00	\N
5	E2E Playwright Sprint	11	2026-07-09 00:00:00+00	2026-07-23 00:00:00+00	2026-07-09 17:09:48.049377+00	\N
6	E2E Playwright Sprint	18	2026-07-09 00:00:00+00	2026-07-23 00:00:00+00	2026-07-09 17:10:48.547043+00	\N
7	E2E Playwright Sprint	21	2026-07-09 00:00:00+00	2026-07-23 00:00:00+00	2026-07-09 17:11:38.012496+00	\N
9	Sprint 1	27	2026-07-09 17:23:08.709136+00	2026-07-23 17:23:08.718963+00	2026-07-09 17:23:08.742001+00	\N
10	E2E Playwright Sprint	31	2026-07-09 00:00:00+00	2026-07-23 00:00:00+00	2026-07-09 17:23:44.252346+00	\N
12	E2E Playwright Sprint	40	2026-07-09 00:00:00+00	2026-07-23 00:00:00+00	2026-07-09 17:33:03.248459+00	\N
14	E2E Playwright Sprint	47	2026-07-11 00:00:00+00	2026-07-25 00:00:00+00	2026-07-11 21:27:35.949186+00	\N
16	E2E Playwright Sprint	51	2026-07-11 00:00:00+00	2026-07-25 00:00:00+00	2026-07-11 21:28:04.452521+00	\N
18	E2E Playwright Sprint	58	2026-07-11 00:00:00+00	2026-07-25 00:00:00+00	2026-07-11 21:29:33.336901+00	\N
20	E2E Playwright Sprint	64	2026-07-11 00:00:00+00	2026-07-25 00:00:00+00	2026-07-11 21:41:09.069178+00	\N
22	E2E Existing Sprint 01b9e279fad14b6c880b7793ddc218a1	82	2026-07-12 00:00:00+00	2026-07-19 00:00:00+00	2026-07-12 17:34:37.970857+00	\N
23	E2E Playwright Sprint	88	2026-07-12 00:00:00+00	2026-07-26 00:00:00+00	2026-07-12 17:35:52.761856+00	\N
24	E2E Existing Sprint 14375a7366b14910a08d971fb145d281	93	2026-07-12 00:00:00+00	2026-07-19 00:00:00+00	2026-07-12 17:35:53.488593+00	\N
25	E2E Playwright Sprint	105	2026-07-12 00:00:00+00	2026-07-26 00:00:00+00	2026-07-12 17:38:59.558341+00	\N
26	E2E Existing Sprint 82cf5b46c60648d0a4fad470c235bf9e	110	2026-07-12 00:00:00+00	2026-07-19 00:00:00+00	2026-07-12 17:39:00.530125+00	\N
27	E2E Playwright Sprint	127	2026-07-12 00:00:00+00	2026-07-26 00:00:00+00	2026-07-12 17:42:26.194738+00	\N
28	E2E Existing Sprint ec8ef7f23af14761b980ed3c91df46c2	131	2026-07-12 00:00:00+00	2026-07-19 00:00:00+00	2026-07-12 17:42:26.903805+00	\N
29	E2E Playwright Sprint	144	2026-07-12 00:00:00+00	2026-07-26 00:00:00+00	2026-07-12 18:09:27.578145+00	\N
30	E2E Existing Sprint 675912c1ef9741fe98252fa3a77620d4	148	2026-07-12 00:00:00+00	2026-07-19 00:00:00+00	2026-07-12 18:09:28.50909+00	\N
31	Sprint 1	156	2026-07-12 00:00:00+00	2026-07-26 00:00:00+00	2026-07-12 18:18:52.8745+00	\N
32	E2E Playwright Sprint	161	2026-07-12 00:00:00+00	2026-07-26 00:00:00+00	2026-07-12 18:19:33.858263+00	\N
33	E2E Existing Sprint 7102b5c2e018453e8891d9692d81daf9	165	2026-07-12 00:00:00+00	2026-07-19 00:00:00+00	2026-07-12 18:19:35.307668+00	\N
35	E2E Playwright Sprint	177	2026-07-12 00:00:00+00	2026-07-26 00:00:00+00	2026-07-12 18:22:09.81165+00	\N
36	E2E Existing Sprint d5b56875480c47f287ab2d734036603c	184	2026-07-12 00:00:00+00	2026-07-19 00:00:00+00	2026-07-12 18:22:11.040723+00	\N
38	Sprint1	2	2026-07-15 00:00:00+00	2026-07-26 00:00:00+00	2026-07-13 15:00:57.037718+00	\N
39	E2E Playwright Sprint	199	2026-07-13 00:00:00+00	2026-07-27 00:00:00+00	2026-07-13 16:00:05.226634+00	\N
40	E2E Existing Sprint 6ea1d4bc39f741ba86abd2c7456d2255	206	2026-07-13 00:00:00+00	2026-07-20 00:00:00+00	2026-07-13 16:00:07.340127+00	\N
43	E2E Playwright Sprint	220	2026-07-13 00:00:00+00	2026-07-27 00:00:00+00	2026-07-13 18:03:44.038938+00	\N
44	E2E Existing Sprint 10fe3e30efab44ce9e9f0fe695d28f1b	224	2026-07-13 00:00:00+00	2026-07-20 00:00:00+00	2026-07-13 18:03:44.781805+00	\N
45	E2E Playwright Sprint	239	2026-07-13 00:00:00+00	2026-07-27 00:00:00+00	2026-07-13 21:58:40.823187+00	\N
46	E2E Existing Sprint 765f4a0987b447eeb1294f055e85a6f3	243	2026-07-13 00:00:00+00	2026-07-20 00:00:00+00	2026-07-13 21:58:43.815139+00	\N
\.


--
-- Data for Name: sub_work_items; Type: TABLE DATA; Schema: public; Owner: -
--

COPY public.sub_work_items ("Id", "Name", "Description", "Status", "WorkItemId", "UserId", "CreatedAt", "UpdatedAt", "AssignedUserId", "Priority") FROM stdin;
1	dadas	dasdsadas	ToDo	2	1	2026-07-05 13:36:15.985671+00	\N	\N	
2	Playwright Subtask	Subtask from Playwright	ToDo	5	8	2026-07-09 17:06:42.928168+00	\N	\N	
4	E2E Subtask	Subtask from Playwright E2E	ToDo	12	18	2026-07-09 17:10:49.264753+00	\N	\N	Medium
5	E2E Subtask	Subtask from Playwright E2E	ToDo	16	25	2026-07-09 17:11:38.577264+00	\N	\N	Medium
7	Demo Subtask	Podzadatak za demonstraciju CRUD operacija.	ToDo	21	30	2026-07-09 17:23:08.813274+00	\N	\N	High
8	E2E Subtask	Subtask from Playwright E2E	ToDo	24	35	2026-07-09 17:23:44.91512+00	\N	\N	Medium
10	E2E Subtask	Subtask from Playwright E2E	ToDo	29	41	2026-07-09 17:33:03.558998+00	\N	\N	Medium
12	E2E Subtask Create	Subtask created from Playwright	ToDo	61	102	2026-07-12 17:35:53.128163+00	\N	\N	Medium
13	E2E Subtask After	Initial subtask description	ToDo	66	111	2026-07-12 17:35:56.65144+00	2026-07-12 17:35:57.538505+00	\N	Medium
14	E2E Subtask Create	Subtask created from Playwright	ToDo	74	122	2026-07-12 17:39:00.649503+00	\N	\N	Medium
15	E2E Subtask After	Initial subtask description	ToDo	80	130	2026-07-12 17:39:03.785238+00	2026-07-12 17:39:04.58147+00	\N	Medium
16	E2E Subtask Create	Subtask created from Playwright	ToDo	89	143	2026-07-12 17:42:26.787642+00	\N	\N	Medium
17	E2E Subtask After	Initial subtask description	ToDo	94	149	2026-07-12 17:42:29.884774+00	2026-07-12 17:42:30.655007+00	\N	Medium
18	E2E Subtask Create	Subtask created from Playwright	ToDo	99	154	2026-07-12 18:09:28.85642+00	\N	\N	Medium
19	E2E Subtask After	Initial subtask description	ToDo	104	164	2026-07-12 18:09:33.708966+00	2026-07-12 18:09:34.497155+00	\N	Medium
20	Add password hashing	Use PBKDF2 for stored passwords.	Done	109	168	2026-07-12 18:18:52.8745+00	\N	168	Medium
21	E2E Subtask Create	Subtask created from Playwright	ToDo	111	173	2026-07-12 18:19:34.908932+00	\N	\N	Medium
22	E2E Subtask After	Initial subtask description	ToDo	117	181	2026-07-12 18:19:39.336776+00	2026-07-12 18:19:40.232927+00	\N	Medium
23	E2E Subtask Create	Subtask created from Playwright	ToDo	124	194	2026-07-12 18:22:11.298257+00	\N	\N	Medium
24	E2E Subtask After	Initial subtask description	ToDo	129	200	2026-07-12 18:22:15.267959+00	2026-07-12 18:22:16.083378+00	\N	Medium
26	E2E Subtask Create	Subtask created from Playwright	ToDo	137	210	2026-07-13 16:00:07.36158+00	\N	\N	Medium
27	E2E Subtask After	Initial subtask description	ToDo	143	221	2026-07-13 16:00:13.30471+00	2026-07-13 16:00:14.450892+00	\N	Medium
28	E2E Subtask Create	Subtask created from Playwright	ToDo	151	237	2026-07-13 18:03:44.725162+00	\N	\N	Medium
29	E2E Subtask After	Initial subtask description	ToDo	156	243	2026-07-13 18:03:48.629416+00	2026-07-13 18:03:49.558937+00	\N	Medium
30	E2E Subtask Create	Subtask created from Playwright	ToDo	164	254	2026-07-13 21:58:44.862062+00	\N	\N	Medium
31	E2E Subtask After	Initial subtask description	ToDo	169	262	2026-07-13 21:58:56.698757+00	2026-07-13 21:58:57.605871+00	\N	Medium
\.


--
-- Data for Name: users; Type: TABLE DATA; Schema: public; Owner: -
--

COPY public.users ("Id", "FirstName", "LastName", "Email", "Password", "Status", "CreatedAt", "UpdatedAt", "IsOnline", "LastSeenAt") FROM stdin;
8	Play	wright	playwright_f8ebdce0cf524fa690060e79609971c5@test.local	oS9wkp+d+owXF2wDXfSwTQ==.fSdejhLHjD52XcKdDNHfz5lUUs+MN2hy2KWKnKQV48k=	Active	2026-07-09 17:06:42.81484+00	\N	f	\N
9	Play	wright	playwright_9b3a54c973ee40a99e28add89823d8ac@test.local	sW9rXpsymjQhS7MEtg7Jyg==.2qqASvbxV0ouaT28CBEoXwr+sjIF8Ypoxz9bc9gEYJQ=	Active	2026-07-09 17:06:43.05297+00	\N	f	\N
10	Play	wright	playwright_1c649902e03f4d48a4975c478dc5dbb2@test.local	KakEsxzzp2B5GoQkwtkRVg==.JyqSGwhzMHRntRvwf4RSh+heu9HzO1G8Ywjk7Ot75F8=	Active	2026-07-09 17:09:10.542911+00	\N	f	\N
11	Play	wright	playwright_925e5994ed52483c86fe6d19379beaba@test.local	amDZzrf/mIhIzjoOG3EyRw==.PViuWqBnwe6ST1o9UlaaOqwed780Zq8okOwG02zHvOA=	Active	2026-07-09 17:09:13.048243+00	\N	f	\N
12	Play	wright	playwright_9c1f6d20682e4ce18a4be95c20f7d1ac@test.local	sjUtFkfDnswBnIkkQFHdFA==.Vsp0uOhRuGGEnUybNpCIhlnY55cvyXF/FEOszQqTSaI=	Active	2026-07-09 17:09:13.554879+00	\N	f	\N
13	Play	wright	playwright_3ac1402839b24463b60fdc8c76e0f02e@test.local	w8u/niDxgin8GQmlha6x3A==.g8CXWi3uKq3EQahj/Y0FnxHB5TcDtppoToYAYmZl614=	Active	2026-07-09 17:09:14.102187+00	\N	f	\N
4	Vladimir	Madic	vlada@gmail.com	hk5cIcfbdVlIQr+UDuhvzA==.rx8gR4UkAWGFdg+bMtXyPDSxgdMCHsajxOhKOqC3pw8=	Active	2026-07-02 19:04:54.299364+00	\N	f	2026-07-03 12:34:39.42126+00
18	Play	wright	playwright_9cf69a66d4f04d3ab23430cb6b4a249c@test.local	0PXQ4CBE2daxOWvnk2Nt/w==.YQrDC1xugC6bTarsk5Fehmz6tZAfuChCgrF3sH7cYoQ=	Active	2026-07-09 17:10:46.338438+00	\N	f	2026-07-09 17:10:49.343638+00
22	Play	wright	playwright_20a490da3a914347b6487ed2b3d18c42@test.local	J6rLL5xWnSaUl+D39WyEFA==.QqUpaOZjjYUKZeQk2A0aT7Q/0SGELOMxfNVDJJtiSM0=	Active	2026-07-09 17:11:33.058487+00	\N	f	\N
15	Play	wright	playwright_9b8222ed02804478a4b3ef55504f4fc0@test.local	wfTXajC94PitrccBXF/BQA==.g1+PolNlSF7QA2mjv+ee1ofn6UsZ70diPXYZIzO23Fc=	Active	2026-07-09 17:09:45.188609+00	\N	f	2026-07-09 17:09:47.752543+00
16	Play	wright	playwright_f429ff0796c848d0ab404e933aafadf8@test.local	aLAEIT42+y5ceF4lqnLD9g==.QHLf/qzNRCLghuhPpF/p9SgkBcFKG8n8NFTDHkMC+u4=	Active	2026-07-09 17:09:45.210265+00	\N	f	2026-07-09 17:09:48.269185+00
17	Play	wright	playwright_ed537c5026ef4a0baa3bd7ba2b892e4c@test.local	uZczORbUgYWt3WoGrcirxg==.0Ccahfowoa1CihHGRQqxfTX8o/u0vA0rNzPcvyVwxrg=	Active	2026-07-09 17:09:45.21148+00	\N	f	2026-07-09 17:09:48.589925+00
3	Mata	Ilic	mata@gmail.com	BmPXsa4RZhLGNyCI5VHvxQ==.7w577wLoFBYmc8TlUqyyRJVttAeYM1y7TAsd1j8zWaU=	Active	2026-07-01 13:53:25.565048+00	\N	f	2026-07-02 21:04:06.350857+00
14	Play	wright	playwright_8c8bf462f9cd4e29ad7afa487e668f44@test.local	gPjmwwwtPhesDwprnd4KXQ==.4O6L8zqqdG5SlAXu88TaPhbnV5cJZl+evM4brRiW1TE=	Active	2026-07-09 17:09:45.188258+00	\N	f	2026-07-09 17:09:48.721479+00
28	Play	wright	playwright_dfce9b452acb4944967f3f35de0379eb@test.local	xYMPt72d7+5KR2Hd90d++Q==.JYfQ62TmB9RoU1upONn6UJAJCpFd36tFQ78S7+bcEFc=	Active	2026-07-09 17:11:39.089384+00	\N	f	\N
29	Play	wright	playwright_933816dacbfa49daace46c7d1016518b@test.local	7QjHHtdxto1rXxPNNNQ+PQ==.E28f9M5iwUHN4tel94mj0qWs2uHU49aQJ3ctkMZmzcQ=	Active	2026-07-09 17:11:39.421462+00	\N	f	\N
21	Play	wright	playwright_5d9c5662246741759a4430dc7920ab30@test.local	5brakgfoyyxnNX2A9Wn2Iw==.ONyoYK2faDXPyrGE5lUC+IHv4OYe3Lqor98m47DqaCA=	Active	2026-07-09 17:10:46.359842+00	\N	f	2026-07-09 17:10:48.714692+00
20	Play	wright	playwright_ba941010b7e4418d99866b42d1e3bf63@test.local	rNNrMu018urBYT5tvFil3A==.Dqf3+SNrHjc2uq6Ly+rhWc1vK8w8ZdBvGoKJodCIKSQ=	Active	2026-07-09 17:10:46.343505+00	\N	f	2026-07-09 17:10:48.956965+00
19	Play	wright	playwright_2a92810cb44148e49c73c16b3e241943@test.local	M7tIu7WUFz238+Rysye5sg==.Dvujal11llRdi6ObnDOiQgxNII92zJ3qILfxLpnoXHs=	Active	2026-07-09 17:10:46.339458+00	\N	f	2026-07-09 17:10:49.111845+00
30	Demo	User	demo@verta.local	rP/yi6OJpwms0KlSCMs4CQ==.WRTtB6lLjU7zyAkknegmAYjB/R7wdLhgYIwfomcIwY8=	Active	2026-07-09 17:23:08.544044+00	\N	f	\N
31	Play	wright	playwright_a1b49b6ed4b341d58ad88c0ebcb25292@test.local	T8JApb/LCqKPC0tbOyMYoQ==.OC7JK9fOZb7Hu5J908jsFgMyxYBfyZMhN3UdK8Qp39k=	Active	2026-07-09 17:23:40.290462+00	\N	f	\N
5	Djordje	Mladenovic	djole@gmail.com	X6ciKaH9VDIOTCz51KPSRw==.Z9qQ3HaKohjR6atm3hw8zBjS7M9AhRXSov+PKqCrEV8=	Active	2026-07-03 12:34:58.511491+00	\N	f	2026-07-03 13:07:35.750674+00
24	Play	wright	playwright_f1c05ace0b48447cb03e9856b6302b94@test.local	LW1KyxWdu/SWQrsXRkRrUQ==.QAfnow22p4QjKbKF2h1ftM8iCOldfUmup5KaFmSrblE=	Active	2026-07-09 17:11:35.300772+00	\N	f	2026-07-09 17:11:38.162563+00
23	Play	wright	playwright_c6ebc6ba2712424cba8e5c3071f1bc85@test.local	r/m8mF9FVzGR++pMUJYe7Q==.s+jHUzgtpCCYmA2i4UwpP6NGRTZNkZaFPfgFvFUOe8g=	Active	2026-07-09 17:11:35.286122+00	\N	f	2026-07-09 17:11:38.501794+00
2	Petar	Nikolic	pera@gmail.com	4LsKk/kvfVmLxB0khDK/fw==.y5aBILdnr1JQOKgUOWHoYkyPMql82zRl9TAsxCf/LkM=	Active	2026-07-01 13:50:24.389721+00	\N	f	2026-07-14 19:04:24.491108+00
6	Play	wright	playwright_ee71c1b821294b0ab584f246576cabce@test.local	4BMivHNPxmBse0hr4PmKRw==.Y5QJJ3JV1uY+HROIvZxT83/OTNUBJfnaxKVb00u3Lic=	Active	2026-07-09 17:06:41.569701+00	\N	f	\N
7	Play	wright	playwright_45df7dca315249bfbe48569d313b872c@test.local	1EStrYtn4hMHxgNCUB7sHQ==.qqjuce0F9UI75oKLRyZaklRSXOQ7FIRziDE6R5UC7kw=	Active	2026-07-09 17:06:42.523484+00	\N	f	\N
26	Play	wright	playwright_3aacbd23e433461fb8176fbfdb960f9e@test.local	4yy6Ru938peQYoj3wWUoxw==.K34x0BJY0FtRsokJgazOoYyBR8aNaL1gc8mHRsUuDOc=	Active	2026-07-09 17:11:35.339393+00	\N	f	2026-07-09 17:11:38.512289+00
25	Play	wright	playwright_d39ca78da8dc4e7db9c8b30688e38099@test.local	GXTJbUaP3wEczxnH1gpMpQ==.pKYANTZ8PKlT5i/bVgCnjuO6Gxejd6VbUFvI52zHGSo=	Active	2026-07-09 17:11:35.325751+00	\N	f	2026-07-09 17:11:38.661497+00
27	Play	wright	playwright_387d3a9ab49e41d4a6369029d4420134@test.local	MLRVX5nuh5/wGLNXg+aS3g==.zMbGOu4Ig9Ytd/gvWFvMR6BUXsxtROT538IWSBYXhFI=	Active	2026-07-09 17:11:38.756115+00	\N	f	\N
33	Play	wright	playwright_9d488f1a25074a12aff46450343dfbc8@test.local	1hi3J6oehJL+IUy5SRr5+Q==.GLWlp/P7663F7RnLG6qCFgM6qJloLSydYQzbLfkbaN8=	Active	2026-07-09 17:23:42.215162+00	\N	f	2026-07-09 17:23:44.536779+00
35	Play	wright	playwright_89fb70eb1c274e2081364b4a9345f2f0@test.local	5a8/90LiRzRUYSqO3dt3nw==.oncuGx3RhXmqP04x2D0U6JleZp1t+w++iJ0XQQaBrQE=	Active	2026-07-09 17:23:42.260543+00	\N	f	2026-07-09 17:23:45.00307+00
32	Play	wright	playwright_0e69a8d137974bb2ba810f1054bb3734@test.local	1XHd6+9MVBZd2s6Knn0YzA==.I9w8niSxrKATCDsJNIQKjenuE6cILnOPaGlV5De6hH0=	Active	2026-07-09 17:23:42.193916+00	\N	f	2026-07-09 17:23:44.50807+00
36	Play	wright	playwright_378c6ffcca3a456bbae069ba2045d4ef@test.local	Qht4gTM8W/gQKysBT+FVUw==.0V/FsQ/6I8effRRwBGrPu2FgemYP9laX1Asulvbp7ws=	Active	2026-07-09 17:23:45.108258+00	\N	f	\N
34	Play	wright	playwright_6eab222d7d1a4807b0c5b4162028e1de@test.local	pxSPlJ1yWU1VdfDJBGeTxg==.wX1XnCf1eNb0dkk5QmOLwxNy3JBwnhxfqJO7u02AD/Q=	Active	2026-07-09 17:23:42.231258+00	\N	f	2026-07-09 17:23:44.371378+00
37	Play	wright	playwright_e5175a157143401fbebe35c83126d2ad@test.local	6x5lMIxftAyT8B1faTUi9g==.fVDCpCLjPVmbgbh8ovQ9w9mYwr5cajhfPgLDaedZmwM=	Active	2026-07-09 17:23:45.374923+00	\N	f	\N
38	Play	wright	playwright_1e64f2fd4ff74205998fb9f1643d6441@test.local	Of2TokAQtW6UPuQ0jq053A==.QkoEW9PPxYaQxWqEnFyYPRPjpRny7EyC8ZuUFOo3uPw=	Active	2026-07-09 17:23:45.649888+00	\N	f	\N
39	Play	wright	playwright_837cfeaec8a04c648c129eba7048bc06@test.local	srCGT4c3jiK2tH7Rqirmyg==.t5NYtf0k2oE1MTrifI0o9tFQECcl89gN18btlzgGh+g=	Active	2026-07-09 17:32:58.284378+00	\N	f	\N
169	Team	Member	member@verta.com	HgRjww+qJFH0FegU083c9w==.0b+TVW+pvQ2pk3qlQRcRpCIY+Z082bMSnUdwBcLgwRI=	Active	2026-07-12 18:18:52.8745+00	\N	f	2026-07-14 00:13:01.112789+00
40	Play	wright	playwright_57ecb6406e1a46dcaf554c2f65deab1c@test.local	RlS29OV/VFBAJA6M+9E70w==.jKuY/rpJjXManq9rqRBRpzSRyhTCtSIMK5thBFmLkfk=	Active	2026-07-09 17:33:00.499713+00	\N	f	2026-07-09 17:33:03.370425+00
42	Play	wright	playwright_210d7a76d4734244b4ce4ce266c63cfb@test.local	rpxDWthBXyyl+UkILoUn5w==.Aex5nnYiFnrFLPhJl4L/V6ImPoq/Vhmz8ODJ99dpLt4=	Active	2026-07-09 17:33:00.560029+00	\N	f	2026-07-09 17:33:03.397317+00
43	Play	wright	playwright_8e1edf50f7a84e1880c7cb95a0ef74cf@test.local	786yZQoHB4udgS4HHVabVg==.QOHWqO4H8+YlXyeywUOo3d6Ry79/u3DyK4ce2Xg8wtY=	Active	2026-07-09 17:33:00.602488+00	\N	f	2026-07-09 17:33:03.403668+00
41	Play	wright	playwright_7d4543860560462a96bff76a61c7a0c9@test.local	LU5NucB8CQlBxu/T5Yh91Q==.VjSwU7jfRhiJ9l3QdM4ruMdVUVB86iCJUuC1C6cB1ds=	Active	2026-07-09 17:33:00.513143+00	\N	f	2026-07-09 17:33:03.65004+00
44	Play	wright	playwright_437109040c604e12b2c6eac540c05d27@test.local	JpKOwgRFqGDyQREfr7fs/A==.hjpaD0QoD/339NHHM8mkTWoRuzuxZggyZwvTFzmfexs=	Active	2026-07-09 17:33:03.735972+00	\N	f	\N
45	Play	wright	playwright_6f4853842c954a0f8bc00233fb0e6e9e@test.local	ThN5KpzPi9SeBB16JrNNIA==.NyB36EBJUavpzlTiYYC2iaxu9Irrot1xj8kcAQUmklI=	Active	2026-07-09 17:33:03.957845+00	\N	f	\N
46	Play	wright	playwright_b1637ff347db4fd8946ada33efe2a049@test.local	juWeQdO6ETAgSNzVWIF1/Q==.Wgy68Q6X36GPUCG6sXKNPsUuUQap2EZ1uhwK5bDwdvY=	Active	2026-07-09 17:33:04.258062+00	\N	f	\N
47	Play	wright	playwright_df515e6811054331833e8c8075df2475@test.local	eGt3EdjvJXlHvqcwptHhnw==.LPImfR1vKtveQ5XhwR9K/kgosoAHIRPhT8n/0KmMTfg=	Active	2026-07-11 21:25:08.40935+00	\N	f	\N
48	Play	wright	playwright_4b27a25f02fc45469e99af77c39a5852@test.local	RF1jusJV8wF0zc15PDiozQ==.1L5Gq7MPJ2X4WlN0qKbh/CXty6cZpKg9jA+nwG4xvMg=	Active	2026-07-11 21:25:18.290767+00	\N	f	2026-07-11 21:25:25.416879+00
49	Play	wright	playwright_8141c21a107c494288083852a3861554@test.local	DJVO7oDA4ap9+yMcXq8Qew==.bStMaH/WcCBYfbfiBLbLuHo8GtU8FDpWUC5dV/ZREdE=	Active	2026-07-11 21:27:27.346816+00	\N	f	\N
66	Play	wright	playwright_9950afab3a48403b95e1ef5ac230e97c@test.local	1QhnhNKmOFCJ6nQrfczTGw==.wQMPwrQj9gEWf40EqORHJp/MjdfXIZkpSmcWtpF2bgU=	Active	2026-07-11 21:29:30.696939+00	\N	f	2026-07-11 21:29:33.781867+00
72	Play	wright	playwright_f86dd1f2b41d4785870ed281e6e55dab@test.local	dZAHv342LATS0xx5ka3PnQ==.T1Yizmp2eymIjAw9mLog2Xk/JVt9TF1Q/Qo5bfNdtws=	Active	2026-07-11 21:29:34.653985+00	\N	f	\N
58	Play	wright	playwright_372e8dd6845a44ce9c56eb12b4d4082d@test.local	UMPf2U5Q5UOLmfQIRgORFg==.7CvfbnhtbCIPzZ8mTI23OUBQM1Rzjky3SO8WSau7nAM=	Active	2026-07-11 21:28:01.996188+00	\N	f	2026-07-11 21:28:04.658399+00
53	Play	wright	playwright_26c9510f73354036886d21f97c8e029a@test.local	cKRTdxgYSaOmSSZ3KLfEAg==.JypMXJTxi8TRT4JyT9rXMrtbJhO1xz5PF2Q4JC3KdoM=	Active	2026-07-11 21:27:33.238651+00	\N	f	2026-07-11 21:27:36.239669+00
51	Play	wright	playwright_e8b73a2f6d384d028cc88ad283ac2ab9@test.local	B3qYyV58FmbTTgU4GsCE5Q==.vD9b+6RB7z6qsJyvaoebsl8LHqU2leCXz1RIWCyV6Jw=	Active	2026-07-11 21:27:33.124914+00	\N	f	2026-07-11 21:27:36.384907+00
50	Play	wright	playwright_4f2b33efe254458f9d30ff0af2262d3d@test.local	dumtyo8GuoJMXfIf3yjkfw==.BaMd+onjBNiuqWpf77Gw8gohnKDwahghADtVLQTd948=	Active	2026-07-11 21:27:33.116904+00	\N	f	2026-07-11 21:27:36.630145+00
52	Play	wright	playwright_0bcfaf2f8a38453298febccca97a03ac@test.local	WmA5w7HyCHlFxxbkn0Zs3Q==.gGMxhFqrIkpVypNAT9uV/c6vK7seciBsHuoX0RLQV9o=	Active	2026-07-11 21:27:33.174734+00	\N	f	2026-07-11 21:27:40.547114+00
54	Play	wright	playwright_2c58fd00b4064676b6ae8b4dbacfebd2@test.local	+t8P1MR5V2+dPdKcmy7fCg==.Nj/4rsQw8/FNqCy1d6vb3GUJxC+2SVWQ8vw8Q0UQmNY=	Active	2026-07-11 21:27:40.76174+00	\N	f	\N
55	Play	wright	playwright_2d9c9a330e3b43179cb60d9b791b5b52@test.local	cf2t/fKWpkOJnTp7ymPF8g==.4dpLKIoesOgKkVVasrOZqscfRsfsf0xYoDOtL9cb2Bc=	Active	2026-07-11 21:27:41.151319+00	\N	f	\N
56	Play	wright	playwright_1601d53a43c0488c80d2a1e3c6522fc9@test.local	Z5CuYrwAKD2tYCBR9P5kuA==.bsNwmA/EyAEAQvX3bvLrPZHvwSpbMw9Oo69PHXmu0SY=	Active	2026-07-11 21:27:41.678303+00	\N	f	\N
57	Play	wright	playwright_acb1b505060243e2902ae78f2e8e81f8@test.local	+MlrmU7Fg4EenzemC/K5zQ==.xvVQqOKWvB9gHWr/xQVGYiFIkZwS6VhuRg9eZYWo67Y=	Active	2026-07-11 21:27:58.586522+00	\N	f	\N
60	Play	wright	playwright_3fb4e49b70ac415a933c4331ea7fa7fd@test.local	2QMjcXx1yq+/Cb6nqfUO+w==.2NEv4r2xh813cKkd8tlfNtXWG7BBOCr4CUC1WkGq3MQ=	Active	2026-07-11 21:28:02.024947+00	\N	f	2026-07-11 21:28:04.689727+00
59	Play	wright	playwright_0e12a84616be4952b8cbf3c9ebef095b@test.local	zFZ+5DPHU7R/m24IDHhD+A==.QC42SiFS/7Gqqh1VjByPPnXmeomqm0ASXKZ1fpifMxQ=	Active	2026-07-11 21:28:01.999087+00	\N	f	2026-07-11 21:28:04.889006+00
61	Play	wright	playwright_8273b643856e4f39847ee1be318810de@test.local	TAasrrKFKKMHuxHrI3pbGg==.r9c0XhxzoIM3ApPgNcVh38C3mQSfodUBShiH14Iz0V8=	Active	2026-07-11 21:28:02.037915+00	\N	f	2026-07-11 21:28:09.197988+00
62	Play	wright	playwright_65b35a3cd5cc41a18ba425bb61fa8a42@test.local	xl9iTW15EKtlD7wcHh0BIg==.xbnMRRju/qjsVsvmDBABy0geFg9+LMlbmTaEauGn0N0=	Active	2026-07-11 21:28:09.503382+00	\N	f	\N
63	Play	wright	playwright_eceb27bdd65340e48b791e94778fedf0@test.local	9tBLannQ84WWpOkQafPK2A==.Z0DB19d2ALz0LYRNlkZd3d72P8sQDumveOwcmefXQpw=	Active	2026-07-11 21:28:09.726902+00	\N	f	\N
64	Play	wright	playwright_0a7af5f55a1f41c08262024ab3ce2eeb@test.local	2Fd+xABwpEp6BPO5FdajCw==.Kciq2SPiPcn4Tf5x+21b30Hf+U6DiM2kIBY7K4tV1Dw=	Active	2026-07-11 21:28:10.032078+00	\N	f	\N
65	Play	wright	playwright_274d458780f5446c8412f2eb8a61cd44@test.local	p7K3CHJ01vV+RjUVtfiTbg==.ogseeJ81PcnWvH9atn2vgAAb2T/aozF4vwCKAkkB0FI=	Active	2026-07-11 21:29:27.750733+00	\N	f	\N
73	Play	wright	playwright_a36f97653df0465d8475d9ec14cc0a29@test.local	/u+0+Tv9mP9kDfVAlfI9ag==.5XdjyKl/C7d3+vcqdOign79/4Nn8J8QR1JujENr3qbk=	Active	2026-07-11 21:30:13.035614+00	\N	f	\N
68	Play	wright	playwright_970339e26f2d46209ed782361d3d6720@test.local	Ay8udkM3cVDTuGcR6TSMdQ==.A7Q1kx2r7jV80YZwsgOQl+71aTJdaZRmpsg/GVhp8T4=	Active	2026-07-11 21:29:30.711756+00	\N	f	2026-07-11 21:29:33.066439+00
67	Play	wright	playwright_7910eea09932419faedbb3a900fdbdc7@test.local	VRuZoobv871EPesM0JjRjQ==.XEqEYXuc9cIGe3iCtBPqAJPAcavDUifVdb6i/inJEZc=	Active	2026-07-11 21:29:30.698967+00	\N	f	2026-07-11 21:29:33.48255+00
69	Play	wright	playwright_9dd0ca5e5ce148df8fa53a2025f28126@test.local	svA32/b3HsSeUtUBzzqtlw==.aP1u/zo/HopYpWTxBgt2sKRHhSqomMNwZ3vfcQi9Who=	Active	2026-07-11 21:29:30.825791+00	\N	f	2026-07-11 21:29:33.825406+00
70	Play	wright	playwright_1ea4712f4f9a4a77834408da7fe7d4c7@test.local	K0So9jxwtZYyEWOPkSmS3Q==.8zSopAplpTm2r2VoqKoEgbCVfyekfH1VPRUGy/gA+JA=	Active	2026-07-11 21:29:33.933888+00	\N	f	\N
71	Play	wright	playwright_e1f199a2fbf44be8a52e3d0d91bedba6@test.local	xZhIKEuV6USpHtnBskcvgQ==.6A+OMBJ/ZqpL+Rwdzn737r7hajBkDS3ALKBj4VaQdDc=	Active	2026-07-11 21:29:34.215334+00	\N	f	\N
75	Play	wright	playwright_0475cf6058734740b93e2794e30a39d1@test.local	0JvXwAexLroq4c+/ij2vqA==.T+ARGpuqN5kVckExDhdMwAQnIfAUc5hHpbkxXZDeo04=	Active	2026-07-11 21:41:03.523583+00	\N	f	\N
74	Play	wright	playwright_0183a5a3e8724efdb570608389bdb392@test.local	WObWz6KgXJPN6LGO4Bo62g==.S2AB3nYazAeSogGVHUeft9POiXQbngbmQKYj4z4uhnI=	Active	2026-07-11 21:30:14.924551+00	\N	f	2026-07-11 21:30:16.377044+00
82	Play	wright	playwright_df3ebc7ad69649cba851184c903474c3@test.local	lIxjBJsFXaiU4m786IRumg==.jwQlQ9qMHvo4THpaaGvYU8mEnZitZQRSKmRpfsFCLEI=	Active	2026-07-11 21:41:10.911446+00	\N	f	\N
76	Play	wright	playwright_66b0d071693d4bc98e1e67097058fa82@test.local	CpIuC/OcyzpobnyDWAJrMw==.59WZThNSEvs/7tygZDICKNCbZZpzW40WzlDN/q50b3k=	Active	2026-07-11 21:41:06.386781+00	\N	f	2026-07-11 21:41:09.915498+00
94	Play	wright	playwright_3de03391542e4fda8eb1eed935bb03f7@test.local	ewJT8ZOg02qkXhf3FHe3pA==.zR295YjlIFgSPrLfb2n5EKPi8EXs3FAuVBcOqJSjhLU=	Active	2026-07-12 17:34:09.542782+00	\N	f	2026-07-12 17:34:11.441375+00
77	Play	wright	playwright_ef15e1b0b34b40b0a94c8d0833350d88@test.local	zfUts5bMqeCbv7lTbypJDA==.NNFDGBjigazTD3xHEkJhSpF+QJU0YK4dsNbowXdUe/E=	Active	2026-07-11 21:41:06.390602+00	\N	f	2026-07-11 21:41:09.059204+00
79	Play	wright	playwright_df5918f3e4d3479dbd424eb25b2c83f1@test.local	301zmLeW/YNQ3K28ZTfEDA==.YXuzF++QWJGzFG5LucZesV5WdlmkhZ7QWaxf5tIy2HA=	Active	2026-07-11 21:41:06.413577+00	\N	f	2026-07-11 21:41:09.337537+00
78	Play	wright	playwright_f11ce29590dc40fcb9762c7b6d1a8598@test.local	fHX4T6lQL5qmOjP79z5Vjw==.xkyk5j4+JZFU92kjWwwNjcS1QscOKc2E2sbblrvGEAQ=	Active	2026-07-11 21:41:06.404567+00	\N	f	2026-07-11 21:41:09.822618+00
80	Play	wright	playwright_9f1339b6e4504ee280f720fd55cfddb1@test.local	f7QPrreHg9haekhQQArp/A==.ox+uixDe+icfmoqEqKMVsXHsK8Qu4YCOWYK8woPPLsQ=	Active	2026-07-11 21:41:10.123543+00	\N	f	\N
81	Play	wright	playwright_aa2b7bfd8b6b41b4b778c9de499876a1@test.local	venzBSaUFYVLWDxS14jYLg==.GTc/4CQDo2i1NOxs5s0djzsbgdO7SfGe0Okb4Am2kWc=	Active	2026-07-11 21:41:10.563768+00	\N	f	\N
83	T	T	test@test.com	8ezks57pHhLzMedwzQEOFw==.Gq1RU+w3nOj/Wk/jMmXHDy+spmGEIVAJFqYtTUdeoaw=	Active	2026-07-12 17:32:44.763511+00	\N	f	\N
84	Play	wright	playwright_6ee51313b35646419079f5b53ae807e4@test.local	op4PLs0hF82tPAqaj8UmdA==.fczke4FbKXId1q1pC3glSFRjQotGnR+Fp5PZKG1D7n4=	Active	2026-07-12 17:33:47.460424+00	\N	f	\N
85	Play	wright	playwright_72bfa3bb9ba64fc0b5a4cc6982c55f53@test.local	AWZVNZelfNPCSbQOuR2WGw==.W89wd1ZxbpCfp5GcNMY6N8r/skLANmHWZnSUQAftH90=	Active	2026-07-12 17:34:05.044766+00	\N	f	2026-07-12 17:34:23.065469+00
89	Play	wright	playwright_e6861f7a8b014477a3adaa848c8dad22@test.local	QrFdoQtU4nUIyhL4FBU2rw==.yEJ0B1n0c7ocZszsE989aRnATn7u7MpxkJ/ektp34SI=	Active	2026-07-12 17:34:05.184594+00	\N	f	2026-07-12 17:34:07.568487+00
91	Play	wright	playwright_b4a907397b794c3eb3a5f4571e824492@test.local	+Jg7gFprezB3Qnva8wspaQ==.LSvRnLy2KnNK4Ib04CliDR1e3TKxEt6PySREMQmpaUY=	Active	2026-07-12 17:34:08.082294+00	\N	f	\N
87	Play	wright	playwright_95e01ca88fda4a18b38724fdae45c5ca@test.local	i9ADE65fZBVUQM+llUL6/Q==.MJek/k80OUdU29DVThKeeVnVxSNKsi/xr5csH7z/u30=	Active	2026-07-12 17:34:05.070401+00	\N	f	2026-07-12 17:34:08.090268+00
90	Play	wright	playwright_6034ab8a377e4f32b275c7e6fc9107c0@test.local	TUNck25Foz5gwo7AzWtW9g==.AESIwmIWVplVvCLLgJVPzccZJaxd8A53p/KaTvtDEco=	Active	2026-07-12 17:34:05.185434+00	\N	f	2026-07-12 17:34:08.436224+00
86	Play	wright	playwright_2057bafb77e544108fa30f7d9f206375@test.local	POlSfxvFynoAAgK7rTqhEw==.ly4m7MKuMqHrKghmHKDLxER1FB8OBBKtDbw3xBjDe5Y=	Active	2026-07-12 17:34:05.04519+00	\N	f	2026-07-12 17:34:08.460707+00
96	Play	wright	playwright_e59bd7ad8f09430190304df30fcf1c35@test.local	SewkKJbKO0e2RECdENdtJA==./4/l/jKhhTO/18ANOMYRwZc/XfkHaozfNBq0acJ7pMA=	Active	2026-07-12 17:34:23.330805+00	\N	f	2026-07-12 17:34:24.346813+00
93	Play	wright	playwright_25f943e9fb1141e5b43676d96ae7ee7b@test.local	Ho0RU/Jw0PpNtNMlHi3AMQ==.qRPPNJVsXAXL7pYmfFmgMLAqnvpiPjgFAimxSWySO54=	Active	2026-07-12 17:34:08.727497+00	\N	f	2026-07-12 17:34:10.811698+00
92	Play	wright	playwright_b09c48450f66457eb94cd54d569596b8@test.local	iiQ6ehpCBLmFGdt70p+MzA==.pV30FyBdVo6Ktjgm6gsOFjImOVO6l6FwAI2EJuFTP+0=	Active	2026-07-12 17:34:08.439328+00	\N	f	2026-07-12 17:34:25.16927+00
88	Play	wright	playwright_497b44fec7f34eb8897000c0a65e519e@test.local	sEMYy1g21VVzX3Y6h3S/kQ==.MhB8yNix0+Sw6kUtP3zpZjBXgzFvR/fOlg935KZYg3U=	Active	2026-07-12 17:34:05.120873+00	\N	f	2026-07-12 17:34:37.347963+00
100	Play	wright	playwright_96e6f22c09fa4e408814be1b7af4d4ee@test.local	hK4kxtOZK0VAmuqP5I1Jdg==.bpfhG7JyeX5E3SfjGLFcL+D+l1KrInoNYXv9+cYObcs=	Active	2026-07-12 17:35:49.144036+00	\N	f	2026-07-12 17:35:52.643351+00
98	Play	wright	playwright_b66d80ecd7a04429afc8b147751ad59d@test.local	Y5rQa/4Qx7Wr0Va1DJpQSQ==.JegDUFDAIL7DLhmpOGsgNw8r+YklH8aClAbQc0puQOU=	Active	2026-07-12 17:34:37.885614+00	\N	f	2026-07-12 17:34:39.046468+00
97	Play	wright	playwright_cb2be1a1c1ef455e91acf61a6fb61a3b@test.local	x2NS+F3v+sBdpIuFhbJn6A==.0tFVFyXsEteR+S/e7DB7/vAVrlS5KeB8ewqlVS11pAU=	Active	2026-07-12 17:34:25.787507+00	\N	f	2026-07-12 17:34:42.356495+00
95	Play	wright	playwright_7653af00a8c44831afa489b4c7d44f0a@test.local	Hd0pZc6z4UlTrVkmqeITmg==.GMfQ3smPoJN2Fj7s5r6IVp5d6hAu3Rlue2HX89acVQc=	Active	2026-07-12 17:34:11.007617+00	\N	f	2026-07-12 17:34:42.581279+00
99	Play	wright	playwright_4e9a29f15a3f4abba679b0349cde4b91@test.local	JDPGlcUWO/Mjjih+Xb8SxQ==.R4TZ2tIpe+f9HLRiuJ+UeJ7MdK6ERSttcR+qawdJhjM=	Active	2026-07-12 17:34:42.650118+00	\N	f	2026-07-12 17:34:43.64947+00
102	Play	wright	playwright_ff9fa4ab63b141a9b80fb3f6067d1889@test.local	JXj0sJrmw0e8BRwHTJ/y7A==.jk7I0KmLJPB+Yz5vjuN2WxGVECr64HdfWl970aMa5pw=	Active	2026-07-12 17:35:49.778949+00	\N	f	2026-07-12 17:35:53.456664+00
110	Play	wright	playwright_ed1c8123d92d4c9f8bcb13d3dd0767d6@test.local	H4NalsuQI0taWAG6hFPtqw==.ETiwjuKLMQBBffzDrtl1sGOS8xGpyau9HaUeLdeHXWs=	Active	2026-07-12 17:35:53.379511+00	\N	f	2026-07-12 17:35:55.678925+00
103	Play	wright	playwright_41f802fa3a064b4cb8440f560bc4120a@test.local	foUVD2UOIlZMfooktJeynw==.MFk1y+fHK+M3Ks2Z92XB56NcaUbMtjDZ4nr0e47Ztng=	Active	2026-07-12 17:35:49.800263+00	\N	f	2026-07-12 17:35:52.40182+00
104	Play	wright	playwright_f58b8bd7f1a343728e0d4c6a87fa138d@test.local	2jSt/UKlzxiVOVOFVJSVWw==.QXh3F7dr1HpJcLMHePG7rPDjh0vX9Fgq8QneJHW73l0=	Active	2026-07-12 17:35:49.802665+00	\N	f	2026-07-12 17:35:52.811554+00
105	Play	wright	playwright_74f9cbea146e498586e2d012372cb804@test.local	O8ZllBOyy74jPQSfswHhSQ==.0QGs1vAAyLHbZAXyN/ZeMGV8N8KTeYbXd7f6NotDw3U=	Active	2026-07-12 17:35:49.824852+00	\N	f	2026-07-12 17:35:52.994079+00
101	Play	wright	playwright_4304f4aad58948d6985178bd4310985f@test.local	BppVmoYjLcPKsebRaymJ6g==.jf0vqu6fhw4wqC6nUSkdaCJwtbx1yiDnX/U/etLbm84=	Active	2026-07-12 17:35:49.767216+00	\N	f	2026-07-12 17:35:53.011825+00
107	Play	wright	playwright_18db0dbff9ae47c48cf313afaf0e530e@test.local	ip4UMrdxcGRQMt/uVY9/2Q==.LWCj+9QR92+YOyAdK9StnoD4pe9/2b2SuXbyFRELcZs=	Active	2026-07-12 17:35:53.158086+00	\N	f	2026-07-12 17:35:54.794196+00
106	Play	wright	playwright_f6cebaae970246ae8d3afd2d96f97d5e@test.local	qazZgM0jJ3InhY5QPCnS9g==.J05vm+T4s/fWfmCorwS8JfGYd8Rp/ZoxFCFcw3FtM4c=	Active	2026-07-12 17:35:53.107454+00	\N	f	2026-07-12 17:35:55.611013+00
112	Play	wright	playwright_2fb805e15c8947dfa45f153c502cf8af@test.local	xW9uIjz8c9RQyQIGK2TAsg==.rwOVx7RLRn4fGOwl2zCEy58l0tWScYclfdS/h85+pDM=	Active	2026-07-12 17:35:55.87656+00	\N	f	2026-07-12 17:35:57.836488+00
109	Play	wright	playwright_650a87870c57403c97f56f268b3a8d2d@test.local	G8/7OVH5we1FJOWMfnbnDQ==.d4z13NLaE5oxv9WFHUXOwtyop1jPwhNIXmdirVpRwTI=	Active	2026-07-12 17:35:53.339826+00	\N	f	2026-07-12 17:35:55.369323+00
108	Play	wright	playwright_870d35b94fea48e1af6fdc913b0365b5@test.local	RyZkaQZzSMWyY2ykO5Te/w==.ne2IBrALa70m1xajKkvUW92gRA0pk6rN5JEGeaA4ZW4=	Active	2026-07-12 17:35:53.286793+00	\N	f	2026-07-12 17:35:55.526236+00
111	Play	wright	playwright_f1ba8c7aa1d4484896994372b3a24f1d@test.local	eMTDmW+cIAPt6tiCvIkYnA==.wJlw6bW9rVkyIGEzozyPLHHnDDvCTQEWbdG2jcBlx1E=	Active	2026-07-12 17:35:53.717273+00	\N	f	2026-07-12 17:35:57.720357+00
113	Play	wright	playwright_e3735e07bd85401fa0b9941c90a7e0a5@test.local	FC5tCbfITf5qoL9xWFtU7g==.+G7uGjYK4wvAqKN2LrTBx8UCUrTGXOkrZp34hwXOiVY=	Active	2026-07-12 17:35:55.949727+00	\N	f	2026-07-12 17:36:27.958236+00
114	Play	wright	playwright_c3a61bacb31e4d30a88240ad11b6d27e@test.local	6g8hbOxJTKQx8Sfh6tXxHw==.tS7aaLSwuCoi1VCeMvgJQqw9VcJQZP3mKWK5ykDD2Uk=	Active	2026-07-12 17:35:58.151442+00	\N	f	2026-07-12 17:35:59.293777+00
117	Play	wright	playwright_fd163484fd014c17abe77370a0cadead@test.local	WlGqLm7fOj6Jap9CwJvHOQ==.g1y/OUakTy8ACLKF5O9lPmV+n9Vw0y8Spk2Me1+Rf1o=	Active	2026-07-12 17:37:59.365414+00	\N	f	\N
116	Play	wright	playwright_c8099a33414a44fcaf241323a9a8d883@test.local	h2EXwPQiU1egfc3EgoiN3w==.B83KPXzC5jHFIPUVYruEFrhYhYRPLFdm0HB2+8umcHs=	Active	2026-07-12 17:36:59.857939+00	\N	f	2026-07-12 17:37:17.225093+00
120	Play	wright	playwright_42958fef62ba413b9247276d31f9aec5@test.local	Rvbx27/mv590Ol848kvxQA==.8lbTSl6uLG1zPvr/8upCb+fdzgGG017ucr2Ee2n+7B0=	Active	2026-07-12 17:38:56.619162+00	\N	f	2026-07-12 17:38:59.473885+00
132	Play	wright	playwright_563ec4642aa34e2f80aa0f64391a52ea@test.local	eTm/jku9p3X1Z8caJPX2vQ==.Yl+6N+Hmu5AF5APY6ibwdgSAokJLaj8oyE8axnvc/0s=	Active	2026-07-12 17:39:03.589093+00	\N	f	2026-07-12 17:39:35.376723+00
115	Play	wright	playwright_9c655701f53943cc9780ff09b4669e19@test.local	ZKV5iANPZh8Gw9Ep3axTLQ==.1wwXTY8fa+D2XQIQRx3vZYLi934MJIKkRHFbW0e9f0I=	Active	2026-07-12 17:36:59.857193+00	\N	f	2026-07-12 17:37:16.977362+00
123	Play	wright	playwright_9d7dd8d986514351a11d8a5b8986a1e9@test.local	pzet6/p8oO2u8F4UuNgDXQ==.TqshUGBeEfq1TuwialsPEub5qDC3yXGvPckvXAtHaqw=	Active	2026-07-12 17:38:56.681328+00	\N	f	2026-07-12 17:39:00.190654+00
128	Play	wright	playwright_5bed868b0b5340369c60be979105edf5@test.local	Nwe6ZxxvUUYOsZOwzhsXWg==.7dUn5pWRQIbX7bpfVsDs/E4kYIQ11ZpJxbWExgN7wQQ=	Active	2026-07-12 17:39:00.620716+00	\N	f	2026-07-12 17:39:03.371395+00
133	Play	wright	playwright_389c09f0becb400ebcb0f2081f36b437@test.local	HOqvCS7XkWO6z204+o7NbQ==.MBxltQdDX98tdB6ojvbuzPy6xdPJg0bbJ3TXWThHOn8=	Active	2026-07-12 17:39:10.377167+00	\N	f	2026-07-12 17:39:11.703555+00
118	Play	wright	playwright_ce2a927388dd440bb91f6794eba8f6fe@test.local	cIvjk0Kleeuy17MRGqiH8g==.+5vTtnkEVPGwpzjwZMJ/g6KeIc1c8i8XQSmfpnIIp9o=	Active	2026-07-12 17:37:59.373442+00	\N	f	2026-07-12 17:38:31.15619+00
121	Play	wright	playwright_223de2a1dc364201b05f9880edf208f2@test.local	jeEI7uELKcPEPMlfSwLlkg==.DSyQjDPr9dMd6rAF8dGBi3ILM6dOwr2owtdGkinQbCA=	Active	2026-07-12 17:38:56.628187+00	\N	f	2026-07-12 17:38:59.794202+00
119	Play	wright	playwright_fbaf85bb447c42e3bd54f5b3e7b5ccc5@test.local	d+81HpddRMlIcXKulcTNiQ==.6zndv5gOg2g7CNm9VbRj5UlSrSJtlNGK2gLOXahem/Q=	Active	2026-07-12 17:38:56.611997+00	\N	f	2026-07-12 17:38:59.869094+00
122	Play	wright	playwright_916e0c5acb354f20ace89d468572e3d1@test.local	bK+gr7hiYRJrPsE+DSddTA==.xQfGKstwCEOu4bZtF1th+Ilrd5fnrGovgNbTn7887mg=	Active	2026-07-12 17:38:56.676908+00	\N	f	2026-07-12 17:39:00.958033+00
127	Play	wright	playwright_bd42f1e193324008ba344180e1c2e02a@test.local	pRJeEmiFQdHEDeK2Dz9+jg==.6T2+b/gcjW/+nouv9q7KPMP2iIM7dxJusqoasKglYbQ=	Active	2026-07-12 17:39:00.344905+00	\N	f	2026-07-12 17:39:02.695915+00
124	Play	wright	playwright_dd962a5012d745ca997d2f86dfe52903@test.local	dObiQQkzEdcPw4laesahow==./ERydVQ6LC5n86ksUZal5pCvVDxknBjRqCmaBzsRp08=	Active	2026-07-12 17:38:56.684078+00	\N	f	2026-07-12 17:39:00.133314+00
126	Play	wright	playwright_1f3226fc90f24d819d1b3ad8f8ddad47@test.local	s+P2m8tNQBl5yTjm08zT6g==.MAF7qDgOWnq3cV5YwAx4MgMJsBvT7wLByTzz0jXMK34=	Active	2026-07-12 17:39:00.268025+00	\N	f	\N
129	Play	wright	playwright_9bfdeae04b0d4f97aeb1e6d770f22956@test.local	31VQGXkW0ZLxlCIohDATjA==.qZPEoWazUy+QnXH60UcU30cNyKdy8kGR1+eaJkYUN9s=	Active	2026-07-12 17:39:00.633199+00	\N	f	2026-07-12 17:39:02.911096+00
131	Play	wright	playwright_99bcbac974784c128ebbe5aa181fe6ff@test.local	TLx1ZAJDwQunMfNLt4S5Nw==.jk2/Vjup8xV1SQIsIhHrnsHsVSDeUuHYbUAOdxp6rZ0=	Active	2026-07-12 17:39:02.996596+00	\N	f	2026-07-12 17:39:10.102264+00
125	Play	wright	playwright_107515ede54c4ac4b9ee229576b7dcef@test.local	WXpoy8wv3Dn+A0vJ2FSFXQ==.LJHCh2opYtHOa100YMATIk/M6B0u55pQ5R9UJZPab+A=	Active	2026-07-12 17:39:00.274432+00	\N	f	2026-07-12 17:39:02.303611+00
143	Play	wright	playwright_bba6a9e080be4d0cac650f7a5ca8497c@test.local	m9gBp5zxNhZVU5ExNWDzZQ==.9XrGEbFfGPTPLLbtqzazvlmp76kQHPFy6XPN0Ak2gRE=	Active	2026-07-12 17:42:23.745929+00	\N	f	2026-07-12 17:42:26.884856+00
130	Play	wright	playwright_748f90bf91ce4b85a8bdf2c9fdd52c44@test.local	byjvb5XM/DeT/4EZ+/qVag==.9PugezsDto3413yuGWNo13qD0NeOLWT9eQBj3lY64HU=	Active	2026-07-12 17:39:01.287527+00	\N	f	2026-07-12 17:39:04.644354+00
135	Play	wright	playwright_cfab0697e0b2409ea6f0fc2e69454740@test.local	d847E9ulRwvoZXkzfbk/ZQ==.4Zo681tzncnbdDNZKiIc56P4dAaeCpJV4NkLN/qimDE=	Active	2026-07-12 17:39:56.661755+00	\N	f	2026-07-12 17:39:58.977933+00
134	Play	wright	playwright_4b5ba15678e24178964d7720d55248e1@test.local	HEzY29iiesFFtSOfEK1h7Q==.oZ8OyaigYIJWf0t8s6XdnmnLkKPgaemsDm0tfyaaUAc=	Active	2026-07-12 17:39:56.662098+00	\N	f	2026-07-12 17:40:28.815102+00
136	Play	wright	playwright_5d1bfb31b09c4917b437f5df2450cdad@test.local	H+StPV9hl0e+DvRNEnL6wQ==.1Hx/CHq9dvDJfWlUzzRmwR3nQknZp2YY1dzEzoMQLHg=	Active	2026-07-12 17:41:08.587362+00	\N	f	2026-07-12 17:41:40.534083+00
151	Play	wright	playwright_385260b270524aff85c22b7c5d75b96c@test.local	6PD8DSLmzioTPDyOv8Evkg==./S3fOKleBi+Rd9wDYacllN2TOLrvHOYTay/do0orI50=	Active	2026-07-12 17:42:29.473589+00	\N	f	2026-07-12 17:42:31.57039+00
137	Play	wright	playwright_0dd9f9542cf045c281b384b6fee007ac@test.local	vJbsFQe6P0F6vPIzoc10Nw==.vwXs/jFUk4/j+75Ka3G0IbPWh+d9kgyUFDtEGhnEEmI=	Active	2026-07-12 17:42:01.027106+00	\N	f	2026-07-12 17:42:02.924848+00
145	Play	wright	playwright_0d3aba366f5043f397c610abbe1bf389@test.local	kjHX31rPQn5ba5Y/l/os3A==.N6Oh8ieQW01VGeoDTJnsLfjFK4B9SK5k9JTzg9bAkjY=	Active	2026-07-12 17:42:26.76197+00	\N	f	2026-07-12 17:42:28.328484+00
152	Play	wright	playwright_e3d2ad25e28941d6a7dedcba76681714@test.local	pXInu8y9VdvHoa9OZOMdeA==.2Zqchsvty+ivLY9X624ByeHA6S9GttAcWLL2TDFEj5Y=	Active	2026-07-12 17:42:31.204875+00	\N	f	2026-07-12 17:42:32.566855+00
139	Play	wright	playwright_1c1c9ae09f364c7aaec3bae78dafca66@test.local	+fOBNAIroXZSeupiPe1vVA==.DHrDrR9WAktZ101YQyz3OUc2YXcTxiGjGyU1l/D+UA0=	Active	2026-07-12 17:42:23.721325+00	\N	f	2026-07-12 17:42:25.900591+00
144	Play	wright	playwright_85045287396144f98967e3b0edd0ea1b@test.local	8m6TznWz02NnVA+6Y1pyzg==.tjVXJkMdLaBZyoNdAT720D4Jt4avI7hMrDBwRqyamC0=	Active	2026-07-12 17:42:26.329467+00	\N	f	\N
138	Play	wright	playwright_a3e7b57fd4c04b9da5a6b8c9aa66ec7a@test.local	5CYCR8udryE7kosH820ftg==.o0dNKxxftffcHlMcMRhe7MYDlvICSWmHA27Fsi49aCU=	Active	2026-07-12 17:42:23.72019+00	\N	f	2026-07-12 17:42:26.366621+00
141	Play	wright	playwright_3bf6f5a6e651409e9b3fb7ce2ee6979d@test.local	2Ih/dhcX89eE5IKfbM6KSw==.SJOKSK+vKwBgw/dNgW2qoBQAOltbO2/qzWiMHMF/GNQ=	Active	2026-07-12 17:42:23.736775+00	\N	f	2026-07-12 17:42:26.406993+00
142	Play	wright	playwright_30c7600075534e6bbd0cde80ae91f80f@test.local	d1Mkhil8uQC4UOF7kQ4w+A==.gh63egW77bWIbHapeCWNfDTRBOp4YqevV7A8TwgGMlw=	Active	2026-07-12 17:42:23.743007+00	\N	f	2026-07-12 17:42:26.535315+00
140	Play	wright	playwright_8952fe6a3b8149cab0322242e7c641db@test.local	JRQk669Jv6FGUgDYG30zXA==.OJB/VxUVcxk6tvG8nv3uBUqIBiAnSHNELz4RybwKsxw=	Active	2026-07-12 17:42:23.735507+00	\N	f	2026-07-12 17:42:26.601456+00
147	Play	wright	playwright_bce70b9f6f0b4bafa1813f1ccfefe48b@test.local	2a3NfE2IWPTT1gwTnU2sFw==.Vw32KcKlqJYQGeLWZNli59C3J1+CghNiKgmuQTjvSv4=	Active	2026-07-12 17:42:26.902505+00	\N	f	2026-07-12 17:42:28.813655+00
146	Play	wright	playwright_96d4e497e83944ad8465f522243b77d5@test.local	A28ybTY5RwYDVeN2pU6sDA==.fT6LRJ2dkzGwPrXNwrlldmB1mGHHBCFUb7xiC8OFKAg=	Active	2026-07-12 17:42:26.849882+00	\N	f	2026-07-12 17:42:28.836392+00
148	Play	wright	playwright_36b1d92449434595b3aab6bee1b01388@test.local	s8gUpFGFvfABRlXAnJfkkw==.5OSGC29d90wTVXFuj+yvJ36lGnR5QBzxNVWiOgSlfRs=	Active	2026-07-12 17:42:27.012563+00	\N	f	2026-07-12 17:42:29.310191+00
163	Play	wright	playwright_8461d33be0d447d49dfa8a38f6e31738@test.local	jj6Yz9tviCHQ6DUicxoD5w==.OEZuahBboqBkzuIojEfkcYXjxlFB6MPxGnLfXMDnzX8=	Active	2026-07-12 18:09:28.866151+00	\N	f	2026-07-12 18:09:32.756759+00
149	Play	wright	playwright_0966591ad4984335b471089704d578d1@test.local	sX0bT9cFschb430EewOBAA==.b+/1KFK32A+s0nsdxTDIPLl3yIGHQiuLEe5pL0OU2yE=	Active	2026-07-12 17:42:27.211809+00	\N	f	2026-07-12 17:42:30.741454+00
150	Play	wright	playwright_cd5d9018ba1b44418457ff0ade5ffd41@test.local	2SpmSpDzCq53egT9qZ+24A==.tGI2rlomdIaJxziExf76cxGQT5VxcAIbN886hd8I+fM=	Active	2026-07-12 17:42:29.032708+00	\N	f	2026-07-12 17:42:31.019552+00
153	Play	wright	playwright_588f3b6065d348f892e8f4fe9b638b14@test.local	FxzyDUIrqGIQg0HgZ2k4Pw==.lMWKsYXQpcUtVt0TC4H+aBTk13sNh4Wyq/NbPKMFds0=	Active	2026-07-12 18:09:23.894237+00	\N	f	2026-07-12 18:09:28.312334+00
155	Play	wright	playwright_ff99387b9b2e4ca29c1dcee58a206599@test.local	8UNMyW1WHpyG1QUVJa673Q==./asvXa3G8qOdv909mGG79thyEF6xeqfX6hlQ2FiRx+U=	Active	2026-07-12 18:09:23.916489+00	\N	f	2026-07-12 18:09:27.27518+00
158	Play	wright	playwright_87dde4d81f8f40398cbb301ef14df166@test.local	EHtWjyGqY12+XBtvoQrhoQ==.iUELk6BaOzF5KxhqtenOq6LN8h5MvgHVURyPm2T86PA=	Active	2026-07-12 18:09:24.117653+00	\N	f	2026-07-12 18:09:27.588571+00
157	Play	wright	playwright_22f55f9147e74c61a1fde6b6e56c31a7@test.local	tvoa95P0f9361NkRy/+Wdw==.7rZoAQn64+12mO6G9piyWx5ZHFBwKbWmboZQw/zG/1c=	Active	2026-07-12 18:09:24.087957+00	\N	f	2026-07-12 18:09:27.744832+00
159	Play	wright	playwright_188a8408f7464c0e9405c22e47f8482c@test.local	qZTexFGZM1J1ApmS02wAWw==.7XnQRgzgl20SDTu53/gn9XuRBT4R9v72x1d6FJf7ORY=	Active	2026-07-12 18:09:27.823715+00	\N	f	\N
156	Play	wright	playwright_c598c2dbe2fb4442867012b88cc4ba41@test.local	vPt/4Dajlqq057GTR1aGxA==.n662j7E7kOhemej7Z6IfnxZwBR7HJb/JF6K6mI1vkmg=	Active	2026-07-12 18:09:24.070651+00	\N	f	2026-07-12 18:09:27.920469+00
154	Play	wright	playwright_789bcd4da0eb46c7aae58d055af043c8@test.local	AvcFu/WGeV9vcbWQEtEzUQ==.wsCzOsjTe/vNfLKEZqqc7Be1TPk/GUYlzG6rQpDnV6I=	Active	2026-07-12 18:09:23.907326+00	\N	f	2026-07-12 18:09:29.080104+00
161	Play	wright	playwright_3fa3c7fa01cd47a9bb5ffb77823fbb54@test.local	pl7jkfCSZSShP5HU28X0WA==.S35YubFtYqRyjPlKSRmFHhTsY+5hS5FUOAiGRgIu0zg=	Active	2026-07-12 18:09:28.267398+00	\N	f	2026-07-12 18:09:31.167324+00
160	Play	wright	playwright_2d34b73f536f4e4287af969db7448278@test.local	PjEqkbXM6or7BmEJM7NbDQ==.m9JFb3TSFhAda5KwgFx/Ej7BPt+DadPhZIEMSG1dFxM=	Active	2026-07-12 18:09:28.126425+00	\N	f	2026-07-12 18:09:31.292367+00
162	Play	wright	playwright_35aa39d468364f57b4b82726f4796c32@test.local	rAMV53griFnkoQZiGLIw4g==.5JIZn19c4DK/YS3agrmlFPed7FgUXC2VPsPD3nUREaU=	Active	2026-07-12 18:09:28.408497+00	\N	f	2026-07-12 18:09:32.294871+00
164	Play	wright	playwright_a59fb646e984480b80e3045b249e7ef8@test.local	EWxeC1LAvJGIdt8vex2gIA==.hthcfds0X7LKP+kvV4p/lhnAhIqvFik+X1olvkSfMas=	Active	2026-07-12 18:09:29.758984+00	\N	f	2026-07-12 18:09:34.663419+00
165	Play	wright	playwright_7bbbfaebefdf4764a2c1bb34aa3985a2@test.local	VEOqEkcUbNZHkeHlzbkgFg==.2zzLCJC+UTw6LhxtWPTcFcJvXC0qVp0+k9dL8wzjll4=	Active	2026-07-12 18:09:31.884693+00	\N	f	2026-07-12 18:09:35.547023+00
166	Play	wright	playwright_cb6f893948bb45ddae0c2737224c21d9@test.local	0PFsXmCDKRDzAsy8Czh3+Q==.Eed0ZSZM5GBDv2veag07qoJrWs1ydGjRqr8/9/EFMLA=	Active	2026-07-12 18:09:33.25076+00	\N	f	2026-07-12 18:09:36.704208+00
167	Play	wright	playwright_c4dac7420c8a4139aedf31e255831d4d@test.local	jY3eUErS/Htn8A+mLkKFRg==./jIjFQEh6fGAGYDIAjhnTniihepn6F9A5mf6fEedCKo=	Active	2026-07-12 18:09:35.926643+00	\N	f	2026-07-12 18:09:37.6591+00
168	Demo	User	demo@verta.com	rgKlm1bg5OEtbY/+Ibxl/w==.7IIHeaSlTvM7U8wO9fIpSH31y5DtgXaWjfxz03ytQ6Q=	Active	2026-07-12 18:18:52.8745+00	\N	f	2026-07-13 20:41:13.693029+00
195	Play	wright	playwright_95cd4fa96ac7494f902815c9582591b8@test.local	jyZIJ6AXayqRzGqUKiqdVQ==.vHq53bYhwqW6+k33SWSJJKG13XC3QWLtKuezc13Nvf0=	Active	2026-07-12 18:22:06.552255+00	\N	f	2026-07-12 18:22:10.073249+00
175	Play	wright	playwright_3ad77f0970fe4cd9937a72562a9a1edd@test.local	5L48MnwW1esMFoPIKxJI0Q==.UsRDlr6OenizDeFPCNKSxgsxvahPwXM+tjLSIt00UAw=	Active	2026-07-12 18:19:29.192479+00	\N	f	2026-07-12 18:19:32.041148+00
176	Play	wright	playwright_b6858e8351544297afaada1714435501@test.local	tMBu8eqs0pCybi8y3LgYkQ==.InI2zzpq/fAeV5V3n/nc2mpgu26JENQ+JUWvyVgbM3s=	Active	2026-07-12 18:19:32.761766+00	\N	f	\N
196	Play	wright	playwright_b3d51d6dbc1c4144aa155e62d02654e8@test.local	nEX1NeCTV7TtbF3k3OWc1g==.WlVLBqn88vERqw/sX7WW54JsecsH2Ew7KJQMitDAQ20=	Active	2026-07-12 18:22:10.747038+00	\N	f	2026-07-12 18:22:12.624106+00
182	Play	wright	playwright_a230c59d8e594905a8c71faa1e29deb7@test.local	HhYjZylIgJj0WShISRLFaA==.YarYpjzuj9cWSYNB11DNRsHHkwjLpV93NSLnUVxkObk=	Active	2026-07-12 18:19:39.506917+00	\N	f	2026-07-12 18:19:42.728808+00
183	Play	wright	playwright_b023e9bd87884ef9a0351e4235f617ab@test.local	j1fZxndoX55ByRrcghVF7g==.HuSqkR2K93k3d2+oKJsGM6F77nSjvzHgGf/9N+LCrps=	Active	2026-07-12 18:19:39.737886+00	\N	f	2026-07-12 18:19:42.916861+00
190	Play	wright	playwright_08df20fb19314ea9a8bebcfe96fc8f2c@test.local	wEO5e6/G/3/0gNP04cKuSg==.Q3L1MOoKaELtRjUXHaViyYyWiUtEGozuQwyMQ43HUrI=	Active	2026-07-12 18:22:06.227259+00	\N	f	2026-07-12 18:22:10.138127+00
172	Play	wright	playwright_907897a421f7485da6b62aa87cfa9f2c@test.local	j54HQnrSzA94//Jm71/CXg==.oc1boJYrsyup18tfAlEtTQ/KAGNo8NJMdyq/iJ3cPBg=	Active	2026-07-12 18:19:29.20283+00	\N	f	2026-07-12 18:19:34.296682+00
174	Play	wright	playwright_395bbf5e1186457887d631a656e6c9e2@test.local	80ci1QLy8zmQ+vDfGWF4lQ==.J/iTFDn4oyVi0Lf6z8LJnorBio8BZICbls4CDSxHUnM=	Active	2026-07-12 18:19:29.216962+00	\N	f	2026-07-12 18:19:34.588916+00
170	Play	wright	playwright_691090dc47c74df48ecd0b14dd344f38@test.local	Ot4aj7ga+8hHYGT0xx7VsA==./xt5txVgTWn4oQv4CTO1rk6bC3jEoUwhE6twWHLm7oA=	Active	2026-07-12 18:19:29.220074+00	\N	f	2026-07-12 18:19:34.626101+00
171	Play	wright	playwright_561edaa867e24c77aad9aa3cf65ac1c0@test.local	ndf0xnjzvVekpo75/V1RoA==.WBLBCIcvgw6rAyCQz/BKQ+6cY89HIzI/hDhtS8Xc4/M=	Active	2026-07-12 18:19:29.217749+00	\N	f	2026-07-12 18:19:34.738308+00
173	Play	wright	playwright_355074f5f72b447282cad2515f76af34@test.local	no8vVHkn/8/mar9wLUA1EA==.XfqM6u6yq7ZTW99pOuNgm9XqDJU+q0Ji5h9D56gLx7U=	Active	2026-07-12 18:19:29.221259+00	\N	f	2026-07-12 18:19:35.088821+00
184	Play	wright	playwright_68b0359bd56148b48ddb366e70688248@test.local	8nw90T9ihUz7xqc/+iwOrA==.gUtRm3E/jBHOUad1FFomfP9xOuqWl2sHKHyW2wr7pDY=	Active	2026-07-12 18:19:43.049539+00	\N	f	2026-07-12 18:19:44.813927+00
185	Play	wright	playwright_2f73f27a3c2c4512ba9ef9d671fdd525@test.local	q+w+8HaI5g6DHOHlVJe5+Q==.R6pV08DXjH/VUtJu+M8XMMnG+VZD80rwa7N6J0XtD1c=	Active	2026-07-12 18:20:56.016171+00	\N	f	\N
186	Play	wright	playwright_c7238fcc71be45c4b30c2009538b2834@test.local	yJjLjbFRgZ04qY0XkTEteA==.d1NAyAlpcQwZpYjFxz47NpPLP5Nr3tcc+PecCsrHiY0=	Active	2026-07-12 18:20:58.042064+00	\N	f	\N
178	Play	wright	playwright_daea9d79fa7e45ff900fd0cbef937192@test.local	RhwbBCi0BVLwY98MHt7oxQ==.go49vh0pIzbPCj3H/2g57zzJU2chPC3JudfHQxQY9fE=	Active	2026-07-12 18:19:35.123892+00	\N	f	2026-07-12 18:19:37.837854+00
187	Play	wright	playwright_c4c77869a96d47b8b7a574d19a59fb28@test.local	xO6amByE7qG3F26eFvbq2g==.8QDZNvzbiVG4EZzgYkyvQjaaT9cbo6MMPjh+oERDJA0=	Active	2026-07-12 18:20:59.693344+00	\N	f	\N
188	Play	wright	playwright_9ad777afbfb54658a24929617435bdda@test.local	LwZkYfJtzgC/w3dOp8r8hg==.h1KdKwk+8l2FMyO/AzFKAnEFtaKGWZ3hvQChqEsZoZk=	Active	2026-07-12 18:21:01.275822+00	\N	f	\N
179	Play	wright	playwright_db1adffd2cb341f195aab693aa8bac6d@test.local	aFU5Y76x3/LZQpsN4PgzZQ==.Mw1C6Z+If1aI0rgzrPbaO0aRa1NdZCXflxRU0BQcakM=	Active	2026-07-12 18:19:35.179278+00	\N	f	2026-07-12 18:19:38.459662+00
177	Play	wright	playwright_b4c4d6cf0a0f44479ee9fc999e3e3849@test.local	C7d4YFOeSaLHPRKVMBouPQ==.RqgDqHV8wI0IKTx2RdW68dZMNqBrMF0YuXGmniLgBEc=	Active	2026-07-12 18:19:34.964709+00	\N	f	2026-07-12 18:19:38.85923+00
180	Play	wright	playwright_b981c253ff7d423ba6419238e04b546e@test.local	/x8bGnfGWJjlg3WdQaYjcQ==.xxjMEEQoAUUgH5ziFUWIGVbBfBgBhyW+sE+3s1JRNEc=	Active	2026-07-12 18:19:35.219138+00	\N	f	2026-07-12 18:19:39.256823+00
181	Play	wright	playwright_8c96b81703234818a85a8f80b0fedd09@test.local	sjww1J1kio2LexcDzEDZtw==.rYLGhPm8d7FrZiA9MHRbOfN/noJ84/yXb0v5Q+07/Q8=	Active	2026-07-12 18:19:35.447537+00	\N	f	2026-07-12 18:19:40.467066+00
189	Play	wright	playwright_84de3426e63643df88f6ebba06431bf4@test.local	qC8wbFf8tW1s7YcbTbFgBA==.pbifw4acTRevn+cD2RMV/f3aFhlrQ1O1smJNeLEr2Vw=	Active	2026-07-12 18:22:02.981013+00	\N	f	\N
192	Play	wright	playwright_a499f883626b4de2abd6606b1ae8f1f7@test.local	f9qncVZaKYM8yrQ+zDGboA==.mKYxS9iSADeTto8E9hkkKC2xeIpBrK3DCuLeWVMNulo=	Active	2026-07-12 18:22:06.413466+00	\N	f	2026-07-12 18:22:11.454652+00
194	Play	wright	playwright_1bac349815ad45b7b87f5f51b04d7d87@test.local	zFEHBO3DeGkMv5ALhYnffw==.emqmeBALkWC3g7GEcnv5ph5U0Dc1+BFUpSf7lL63UYc=	Active	2026-07-12 18:22:06.437757+00	\N	f	2026-07-12 18:22:11.507922+00
201	Play	wright	playwright_99fa6f4e07b44857acd7c8626b061f1d@test.local	/EPi6Nn82upt917cRuB/2Q==.wejmSHeWbDnYtlJfl4Fj/sWaokh9PO9wLtNqStbwAkQ=	Active	2026-07-12 18:22:12.238054+00	\N	f	2026-07-12 18:22:15.24978+00
193	Play	wright	playwright_ee8e578172984ed2beef0e9ce7a8257f@test.local	13j/CkjL0WiXmZTzxTgJ+Q==.oDJBtFCm/hI0V4rt8PtDHCpDt0NTf7LDqdVVXCAro+g=	Active	2026-07-12 18:22:06.435994+00	\N	f	2026-07-12 18:22:10.354621+00
191	Play	wright	playwright_3d9e6553e23549d284cf5b10f6972dde@test.local	V3MywNcT9qiePqA/GFcOjQ==.CacUgv9vqFbW+L9GTi4hxAHaSWJs0IKPOOLYNI+QuEI=	Active	2026-07-12 18:22:06.403363+00	\N	f	2026-07-12 18:22:10.679618+00
197	Play	wright	playwright_73663758aa7f4e6ab09657ee4cefb27d@test.local	g6o0SQoyVGroI1j3D2muPw==.N4znVIjOpV17OK6o8HBdU0jNXKayEGly1rC94uFqnSY=	Active	2026-07-12 18:22:10.776593+00	\N	f	2026-07-12 18:22:13.36853+00
202	Play	wright	playwright_116af9133ead495c951db1507745a1a6@test.local	8p01atZK4SOAdFqtnp+PDg==.W+q/iMoriJ4TjY4cv30iN24/aFm1Q8NJwXdmFMQpSYY=	Active	2026-07-12 18:22:14.439245+00	\N	f	2026-07-12 18:22:17.102273+00
198	Play	wright	playwright_01d26249954041faa64cc54f10d774a1@test.local	YIChukg1ttNo6tWgwqi7Gw==.IlULObi6h8wcirofb5mKqL3m/GxahHVGXsXHIBlZooQ=	Active	2026-07-12 18:22:11.01739+00	\N	f	2026-07-12 18:22:13.991973+00
199	Play	wright	playwright_93bbe65fd2a54a36ae4e3268b7e19008@test.local	w90+gRVl0AX75HyOQMDsyg==.9ftN66aNe15ANVwmlD03o90Rb7OsrEKhqOfGlYkOdXc=	Active	2026-07-12 18:22:11.287372+00	\N	f	2026-07-12 18:22:14.114427+00
206	Play	wright	playwright_0058fb85938048feb1e08e064d553279@test.local	+lylV/v7vcrdGvYiH+HuFg==.s9yvaBwOFPW1oIOz1I90w3HDb5O6VX3c4DTIeMqonjk=	Active	2026-07-12 18:22:22.263021+00	\N	f	\N
200	Play	wright	playwright_0d1f37123e5944708312f3e0a64d0bc9@test.local	Z7eJLp+jp/DY49YjYcR33w==.19kPCoX3+d3ze6qunZyv7RHUmJQJ5c1uzOZsXFbBPwA=	Active	2026-07-12 18:22:12.064323+00	\N	f	2026-07-12 18:22:16.138408+00
203	Play	wright	playwright_9587cc6461d94bddbdb3aa01fb79cb4f@test.local	Gw5L3Gvyl9zuX38EvziI8A==.1RZROG3mU46PPuYmPECgzwc3EgTNie15IBb1wfbK420=	Active	2026-07-12 18:22:15.587507+00	\N	f	2026-07-12 18:22:18.218758+00
204	Play	wright	playwright_317266bc1f954ddaafea862b486dc7ec@test.local	MM889M2AGqIa7qFiyZOr9g==.MGYObwmaDleHsbVneiRv8pBEsr9BWhveDELcZMrHjlw=	Active	2026-07-12 18:22:17.438338+00	\N	f	2026-07-12 18:22:19.134227+00
205	Play	wright	playwright_dec7c3127fa94984bf575922ce146511@test.local	LiYhDjXwd+fNQWX+WlbBsA==.YaDCDyQzzUfHm1m3ndZ6Me5wI69SPdXufDqaMG+B+KA=	Active	2026-07-12 18:22:20.462345+00	\N	f	\N
207	Play	wright	playwright_9a07d2f291be44c79dcde6edf6eb08b1@test.local	33jriPRUltRIcMVAF9pjqA==.TRcOW2LuHdBPRdD7Tux2YYtcRx6SN8kBa8zJcNmd3sU=	Active	2026-07-12 18:22:24.300827+00	\N	f	\N
236	Play	wright	playwright_07f4eba9da474379b5a790124e635382@test.local	a03JZ4fo4+Kgi0DPElq+Wg==.oBwYwcw8HV7SpN5F8F/HmHDimma+X8XwROdiuXkWa7M=	Active	2026-07-13 18:03:40.979859+00	\N	f	2026-07-13 18:03:44.392261+00
221	Play	wright	playwright_8d529153ebfa47f59218dc04442dadf2@test.local	NAq4yue/IifUv1/7sMvJqA==./mYKQiAdpsjRaEer3l4Becwj8iTy7KcdgyOlR6abMdc=	Active	2026-07-13 16:00:08.601232+00	\N	f	2026-07-13 16:00:14.670166+00
222	Play	wright	playwright_f61eeb56aceb462ea0539c616cf563ce@test.local	G0Ft15Om1cuD2NFd2EDbyA==.C9+ZljwDd4V0nAJ0Hpi+QIbrNiNRpBcQA9zBv009tYk=	Active	2026-07-13 16:00:11.309548+00	\N	f	2026-07-13 16:00:15.589204+00
223	Play	wright	playwright_e768fb2dc66e4187abfa70d19cc14264@test.local	k913R3gYlPOuBCvsn+oFRg==.t/rDCkIbnbralYeUiw0W2KgV7JyFF/V5JvVZx9IIr/4=	Active	2026-07-13 16:00:12.195619+00	\N	f	2026-07-13 16:00:16.707969+00
211	Play	wright	playwright_28083e96802848c799418774077d6781@test.local	AD19A2O2dCtAJUuuMtcwnA==.oZsPcb9NK8WTxTfrVHHH9ZJvv64Ld6q+h4cGcpH3Lek=	Active	2026-07-13 15:59:58.027673+00	\N	f	2026-07-13 16:00:05.014812+00
214	Play	wright	playwright_952d43e88a5a4eb79dd0b7e4fbdb2e8a@test.local	iJRGMG1p1EzRS++JCRRfkg==.0MZGdYPnwCBOT/IoBNUDnjfOkJ758xPYCK3m55VVPZs=	Active	2026-07-13 15:59:58.078748+00	\N	f	2026-07-13 16:00:05.135918+00
217	Play	wright	playwright_c432accd1e4f4365b849543daf59ef4b@test.local	uotFi5HQXjvPtVSesMNP6Q==.0J7QG+5AxfEYs2JeqKlkWneEIj9IiPVKlhXVhsDCyzs=	Active	2026-07-13 16:00:05.701135+00	\N	f	\N
215	Play	wright	playwright_b4f8d52a8fcc44c2837262a93e974ec6@test.local	0uUgE8dF5EmHYnkejG0CBQ==.AhlETO2ld3QoJMaSY51LykWRAv7JCKnEEWldWhtgX8k=	Active	2026-07-13 15:59:58.080737+00	\N	f	2026-07-13 16:00:06.038073+00
213	Play	wright	playwright_035306541d2d46489e4f5a7f2c75ee58@test.local	5HMN+ruQHSdlmkB80fBPEw==.V5H8GXQ1PF79u/ykiNl2Qv2Pty39I1tcqcwSYivLVRg=	Active	2026-07-13 15:59:58.074536+00	\N	f	2026-07-13 16:00:06.345792+00
208	Dragisa	Cvetkovic	dragisa@gmail.com	qPrxRIOuNWHR5nHfdTIySA==.suu0qb3w+3xuG4GPLx7/+/SqW0dXu70wHn9xvWOm+p8=	Active	2026-07-13 14:52:49.573517+00	\N	f	2026-07-13 14:57:27.732984+00
210	Play	wright	playwright_ae1e78057f05494d9583a7e68667ccd6@test.local	UvJoVowsTv9F8LeFWfRJRw==.2qizkuD4chJxCGXMb/31dWsVogV5CNgPyCyJEiCuEvI=	Active	2026-07-13 15:59:58.028903+00	\N	f	2026-07-13 16:00:07.730999+00
216	Play	wright	playwright_5f01744fa8d24496aec8746b805f60fe@test.local	AB7FYgVQEjuskg5tm0Ru0A==.ssSr/W7OG3z9AOEeXWhYxtOrfUruWMoV4i2bbFn3Vvk=	Active	2026-07-13 16:00:05.642176+00	\N	f	2026-07-13 16:00:10.242404+00
224	Play	wright	playwright_4c86446f961946db80cb06fae0121fd0@test.local	Mk5Huk3wA7ITchHv8ApvFA==.8tI9MVJrksspaoeo4GRGn8jofdI3tI60lxqNXn8O0BE=	Active	2026-07-13 16:00:17.182277+00	\N	f	2026-07-13 16:00:20.000222+00
219	Play	wright	playwright_f4a302b016ad4ee2991ff1df8f765dc5@test.local	7ZTOtzA0Q95lqPRk9ni9CA==.6Gjgugh96CDXVWyxIqokf+Mq6IR7Y3ZhUoJqXed20Ec=	Active	2026-07-13 16:00:06.692068+00	\N	f	2026-07-13 16:00:10.508375+00
225	Play	wright	playwright_655287928534442f8a5854dbe74e4bb9@test.local	CcF2kQBvtqotU73CLkANMQ==.JUKMlnUzsTYObe6YsWMexU03f4l7Ko+cpTY2y5bfvyo=	Active	2026-07-13 16:00:22.455073+00	\N	f	\N
218	Play	wright	playwright_7f57cb5f3865436fbc4ae9f4431e0218@test.local	JuQVKAf1ZgchMq1BOB/bTg==.FbKX6OTRJo7+iix5e988USEEbIXa65TLYd/T1P3AEeQ=	Active	2026-07-13 16:00:05.849636+00	\N	f	2026-07-13 16:00:10.880318+00
238	Play	wright	playwright_546c5346214042c788f7493eaebee920@test.local	O4I92ErlmbfF8Z8bAxSUuw==.NNgeRVgZMj1JofVaUEUuM/i4Dsg6YhkGSYOl0E2WmHo=	Active	2026-07-13 18:03:44.392037+00	\N	f	\N
220	Play	wright	playwright_6b8600cbd1fa457e913af3db921fa1f3@test.local	03Dm/lTsCqZN3WSHszUWXQ==.zpBIyBik0f7VSZ79A3Xwx9nTWj17i3+COh3h4bhJ+38=	Active	2026-07-13 16:00:07.174666+00	\N	f	2026-07-13 16:00:11.586245+00
226	Play	wright	playwright_25b7ee238fa743ec8239f07a1b9d519e@test.local	MhTuQJHTp0nYaRsL+KvAzw==.1Cw2bMkxdl9gqoD0Zik5xaaSH9UDLO2ZCoB+f24l4b8=	Active	2026-07-13 16:00:25.031883+00	\N	f	\N
227	Play	wright	playwright_dc2b6da9170b445a9a1fa8b55e58744f@test.local	ws4afLxfZEYe5Zfb5A2I3w==.b+1ggNeCM/ba0QjmQTVPaTZsmxQPr+EEnaXRaNPDtVU=	Active	2026-07-13 16:00:27.476542+00	\N	f	\N
228	Play	wright	playwright_e5648702e32f4239a267e87b0f4f956a@test.local	q5JmtxGSb0tGnwDG4hkyWQ==.M8SRC2PqpedJj4PVd95ALFwKo6pn+ViXGyiEyjUyW5E=	Active	2026-07-13 18:03:15.834733+00	\N	f	\N
237	Play	wright	playwright_933783edb45e4479a32405ce38f65202@test.local	iHmLLrbicU0S5kTTDaRzVA==.ygq9kIW5AHB6XDWIzJHwCc7cfoE9lYHIrMuUPnhfhfo=	Active	2026-07-13 18:03:41.042326+00	\N	f	2026-07-13 18:03:44.905255+00
209	Play	wright	playwright_47003966a1b8456cb9349e0f006e5050@test.local	H8xk0szjVuyKifkRf1nJ0A==.CN3UhkKi50oasTy1NpUICq2z7Gg2pXFqNg8j36Yhn3s=	Active	2026-07-13 15:59:50.735059+00	\N	f	\N
212	Play	wright	playwright_9fee3882a47643dc9ba6396e81c8a1c2@test.local	mxyiovlgcR0cD+aJ1TZDJg==./r+v4qfJ4+rrVdMNAHmNqlV6BaYeq6S9LV3R1/LaTyQ=	Active	2026-07-13 15:59:58.057469+00	\N	f	\N
229	Play	wright	playwright_679cc6a09de241f78a9e81449a2bf74e@test.local	JFaBe5GoaFOSHq0SWVOOoQ==.MCBdcd+bAXGeaMGKsS+1/h7F2WZLprsYmIgnE3U92Pg=	Active	2026-07-13 18:03:17.828406+00	\N	f	\N
230	Play	wright	playwright_53bfa3cac4a449d4b12d8d630d4d0b08@test.local	mBGvOEWwu7zFz7OWW3cHQQ==.tZImg7KMprVjVVwPRDLOLw9/CwvshZt5RfDArtBCIUs=	Active	2026-07-13 18:03:19.094897+00	\N	f	\N
231	Play	wright	playwright_0e5d25cfceb34e65ba0813998e2ad873@test.local	RYCHQQUAvfQ7i6fxuShG3Q==.pJt4XkSSW71Cq/m4eVtRxjIHIIgMx0s5vYsBEZIfXSE=	Active	2026-07-13 18:03:20.492146+00	\N	f	\N
234	Play	wright	playwright_ef5ef3929638410b8065a0209a3826ee@test.local	BxB2XLDZy8XFgiWlRlDtwQ==.0owieT6FWq0YSduPCySUVqrGx+Tnnhp+C8RHZrA+4e4=	Active	2026-07-13 18:03:40.954578+00	\N	f	2026-07-13 18:03:43.841208+00
235	Play	wright	playwright_f53c92ec8d984f7daf1fe7e43f7aa160@test.local	BtcLLpShla9PXQwMvQkTVg==.JSjr3aXdkoY0ylL0kGnX/ZJ5SztJ3oQoEWfzrN20cYo=	Active	2026-07-13 18:03:40.973537+00	\N	f	2026-07-13 18:03:44.24084+00
232	Play	wright	playwright_e82746465e0746f9b8ba4a1a9b6d19ab@test.local	LfU4zFD8O0aJWOyBQZRiEw==.YUvwrasd5SzISuvxtWRZ3qHCJ+q1LOvy8FmAdKL1o/A=	Active	2026-07-13 18:03:40.909059+00	\N	f	2026-07-13 18:03:44.275628+00
233	Play	wright	playwright_c4093e5c86b740f3aea69a9446cda1d8@test.local	Id56TSbQ1XSUIZGbM2/V2w==.QlSEP7w35nC4OQvlionpuruLjZET52TLXpGOj8KyFic=	Active	2026-07-13 18:03:40.916424+00	\N	f	2026-07-13 18:03:44.275585+00
244	Play	wright	playwright_7ecac60fbc3649e1aa3371b8028873a7@test.local	JZWsYbWNH9DkmxdDqQXW2Q==.cRONoP4ADzINmaJcbBH7ywi5XmsjcgY2sG3+39yvEOg=	Active	2026-07-13 18:03:47.60022+00	\N	f	2026-07-13 18:03:50.443099+00
240	Play	wright	playwright_036539b856644b87970711e2f47e827d@test.local	XySKoJPi8o5IEx61tvR7hw==.YbDpMayMFm9rw4792kjAZ+ma3paKxLCTvXLRRm+NOzo=	Active	2026-07-13 18:03:44.63529+00	\N	f	2026-07-13 18:03:47.369361+00
239	Play	wright	playwright_c60d0e5362454ff188713168fa2c1bb2@test.local	CaUOCmzyNBT2uk8Bf9qbmw==.lTlcNjXSIH1NYpYvHeAITTXlpnc1+Cmdujjps3QdJq4=	Active	2026-07-13 18:03:44.602241+00	\N	f	2026-07-13 18:03:46.725562+00
1	Luka	Dimic	dimicluka@gmail.com	tgvu8xCIkFZe32pLuZaiJg==.JAaIriV/4oGNTDEzA9pCtMO7CTbDO5Ss+teb72hbfCc=	Active	2026-07-01 13:36:28.482546+00	\N	f	2026-07-14 20:01:40.887557+00
241	Play	wright	playwright_2da5a3a089584439838b391523177765@test.local	Eq7LXRxXm/iJMbQDcohGlQ==.Z9p4/Z2zLcen8rr1/NVoPpxp/2scER3Tsdn4PVxo3kI=	Active	2026-07-13 18:03:44.636299+00	\N	f	2026-07-13 18:03:47.239457+00
243	Play	wright	playwright_a97b69fd28094951bf1a03e1b73bcb73@test.local	sxpkuWGo+FZ4ic9VzXV8vg==.Y8KSzwyfkRNBIyZe5xA9BfOLdRqk3KTHZC8ORirSO74=	Active	2026-07-13 18:03:45.24071+00	\N	f	2026-07-13 18:03:49.636382+00
242	Play	wright	playwright_bbd7b84d8d6248a0b8d84e6e393c998f@test.local	tK/YTMMZgCE+m0KB5LBS1Q==.IJVyMbUI2F/IgZzVgQzsnDVXOvhjliUufmJxqQjgGGo=	Active	2026-07-13 18:03:44.720309+00	\N	f	2026-07-13 18:03:48.00369+00
245	Play	wright	playwright_e6aa8b508b8a4600948877d4f0813f25@test.local	vHjb8wjuYg/rtDVHwxLKTA==.27l5fRggIP1o1ReNh6z9d9joelRqbJCr9B+2AGQx7uQ=	Active	2026-07-13 18:03:48.367785+00	\N	f	2026-07-13 18:03:51.000643+00
258	Test	Test	playwright_b4e8ae9f32894da78c85d5b6d3660bda@test.local	vWUOITDP681ox2dnGDRiVw==.2Hw5OnfnPlyLa6sYdruRYLhk0U/a6lBTwOKOT8uH81g=	Active	2026-07-13 21:58:43.083302+00	\N	f	2026-07-13 21:58:50.879319+00
246	Play	wright	playwright_82c1b9be46c54abc840053c9298b04ad@test.local	Oy8G2Xb5F3dtR2nPjHzjfA==.tcSi26o84K3DU65VFulR86OE8Wk/Q/bbo3YV1WsItwM=	Active	2026-07-13 18:03:50.65411+00	\N	f	2026-07-13 18:03:51.991622+00
267	Test	Test	playwright_8440ba815d2349bcae68d36908b33844@test.local	4OISm6SzKN2mOZZ2vnUkaw==.mFQVTXgWpTbRDofShRKnJvE287MyRgmxOccKQ0nM7pc=	Active	2026-07-13 21:59:09.257474+00	\N	f	\N
247	Play	wright	playwright_2548b54dd84f41438ad7ee67941c7e4c@test.local	GmYAwdthz5JRTu8OYWJoJA==.w46Mufw0m/ngKjl+zZBnzVdh1dWgzGd6eglXCWPGU3w=	Active	2026-07-13 18:05:31.562564+00	\N	f	2026-07-13 18:05:34.183772+00
248	Play	wright	playwright_3bcd4f91f7de4f0a93df3dbae257a153@test.local	KQWgoEDpsDdw+Y6GPoISlw==.fgaF7Xh1qa/PoMXz0O1x5qIYFZJLBT66aC3zfNmLsKU=	Active	2026-07-13 21:15:26.455881+00	\N	f	\N
268	Test	Test	playwright_5684b59755274aebae4c11e1098c59fe@test.local	SamsGrdBXgvUspzsGNf7iQ==.cXbrHhm1JYTBtQ5lnoip82Ozru9fxwgpuIURAgzQCGI=	Active	2026-07-13 21:59:11.300799+00	\N	f	\N
249	Test	Test	test@verta.com	pLrDgZypeZL4d/lwXH74Vw==.ALbNSlv+15z6sxKKj5EtguBkbZzBGma5t2CnYdUbZkc=	Active	2026-07-13 21:55:11.287989+00	\N	f	2026-07-13 21:55:58.089259+00
250	Test	Test	playwright_4d930a4676584323ac2fc3c13606dec5@test.local	aiFokEH64PcBa73a+spIRg==.eIcHHKSnxdVbjDB+RJ7JREttrcWMxwLoc+hw35nhc2k=	Active	2026-07-13 21:58:17.992873+00	\N	f	\N
260	Test	Test	playwright_fd3bcec5fe4b4f4a939ddc92f63af9eb@test.local	2wsSQjycu/VPJx3N1EvrBw==.cRD8uWX9sAAwAvKfm5aEYZTNseBOsSCU0Xyb1QkVUIw=	Active	2026-07-13 21:58:44.955053+00	\N	f	2026-07-13 21:58:53.489324+00
259	Test	Test	playwright_c47f106f62fe4163830e8c8b5dd70b61@test.local	EYc7yucyljT5YIR6wCKXdA==.vNDdR3IoIkGe27Jp0m5OWmaDadW+eu2JRBZMr+YHZ5c=	Active	2026-07-13 21:58:44.876677+00	\N	f	2026-07-13 21:58:54.355592+00
256	Test	Test	playwright_d3e1ea6094294a9386c361c34b019095@test.local	XZvxRK12tmT3tMRSEFtV9Q==.5pRrTOwMahpW3KIfit7uq+xH5gnZFj89tuOk4aeceZM=	Active	2026-07-13 21:58:28.354799+00	\N	f	2026-07-13 21:58:40.204131+00
261	Test	Test	playwright_9f2cc6c62de4415cbe800008ec7c6ac3@test.local	7bLmz+x1tEsUjv+X37RJDA==.HnaGZ+k4r0CbQ9guMGxWb5cTWuGqWQ/VRV+7KXVISZ8=	Active	2026-07-13 21:58:46.96446+00	\N	f	2026-07-13 21:58:56.013265+00
255	Test	Test	playwright_ad0ad0ae04a54ab58763b3bb9135a0a1@test.local	lvYtv6dPnscJn10YFjkYDA==.bjxzVLfDPkW3jxLDUS3GZ5wUXHA3Dzo/0SAWSO2Chn8=	Active	2026-07-13 21:58:27.852906+00	\N	f	2026-07-13 21:58:41.533959+00
257	Test	Test	playwright_95e170f6f8bb4d749f10c9917fa48130@test.local	IUHnFMf9WU6/6fa+9l98UQ==.lAQVW9FcY1hzdTpFKMLxHXH/eD0TZp8L8GwZayHoChE=	Active	2026-07-13 21:58:41.773355+00	\N	f	\N
253	Test	Test	playwright_2793014b76124cc8a710489efdf44a6e@test.local	qSoPYQWJBWz6l2ilZGujuA==.4fciDRXS1RGqSw4UMKjdD92AovSy4R9E4hoF/jNghA0=	Active	2026-07-13 21:58:27.568085+00	\N	f	2026-07-13 21:58:42.395412+00
251	Test	Test	playwright_5d14808814c746dbb98cf8c4e7650f0c@test.local	i+789F1nDta3oFS5a3TVaQ==.al+XbvCmBdhRtkiMKq0fw4Pw3ZYck1dM2XZttSduMLg=	Active	2026-07-13 21:58:27.252244+00	\N	f	2026-07-13 21:58:42.628689+00
252	Test	Test	playwright_fb522d8080ce4c4ba19b8ac2a8db7aac@test.local	9eXyjsqpPlptV0k49PJpng==.lNQC/MVho7eOY53XtRZWylXxT3rSkHqVOyYm4N0ZoVg=	Active	2026-07-13 21:58:27.452071+00	\N	f	2026-07-13 21:58:45.086086+00
254	Test	Test	playwright_f91fc5fe8d3c42a88af8b9b8a54c11d7@test.local	LB2ApMC142Bb6aWbg6PFQw==.6ZoXDiE8q5TTAh3bpoSeS1CrdE7mWmMtYaUaEA5RyCc=	Active	2026-07-13 21:58:27.845743+00	\N	f	2026-07-13 21:58:45.658665+00
262	Test	Test	playwright_e3882b09cace44df924433852a2fa1ab@test.local	5lPKvC+KHnXM2FHNmqbSJw==.EJiHVk4AN2HvXvUMqR5M4GAx4MldHsLn2bfdANjbNls=	Active	2026-07-13 21:58:48.166153+00	\N	f	2026-07-13 21:58:58.014717+00
263	Test	Test	playwright_1c6abfaf84474cf8b5dd83df59fec3c0@test.local	sK0QBRM8CC5Eu6bEoV3jQA==.+5AEgH5LudzzMsM6m1a0qE/DOHzJt4RZzMneZ+EhPKw=	Active	2026-07-13 21:58:55.40642+00	\N	f	2026-07-13 21:59:00.547925+00
264	Test	Test	playwright_dae1421c37a94b7d864c6fcfb093f62b@test.local	/Jkhm6jovl6c4eZPruujRw==.DxfjpdppV1i3xi/yUwDriteo46fH6dNRZDRg5tmxgMs=	Active	2026-07-13 21:58:57.000371+00	\N	f	2026-07-13 21:59:02.454215+00
265	Test	Test	playwright_92ba03056e1948ed8af0bafd909ff020@test.local	JgDcMIbOOnyk+eqnDdkiBw==.Z0hSFdYExjxKDykntJSW1BMN+JeEecuUOdxDpPh1YUQ=	Active	2026-07-13 21:59:01.645669+00	\N	f	2026-07-13 21:59:05.643765+00
266	Test	Test	playwright_bcb44d9a8bf34ee0ae3e4e6ccbf07bba@test.local	Xv3+uDTqNKwEBENWqbZXqA==.2asBJJ9LEmegOBzvdyYLXUvcqczJmLoopJCF6lHFQTQ=	Active	2026-07-13 21:59:07.411778+00	\N	f	\N
\.


--
-- Data for Name: work_item_files; Type: TABLE DATA; Schema: public; Owner: -
--

COPY public.work_item_files ("Id", "WorkItemId", "FileName", "FileType", "FileSize", "FileUrl", "FileThumbnailUrl", "CreatedAt", "SubWorkItemId") FROM stdin;
1	1	verta.png	image/png	73511	/uploads/work-items/1/5cdfdfb4d62b4f0c8dcd7b160a7f8097_verta.png	/uploads/work-items/1/5cdfdfb4d62b4f0c8dcd7b160a7f8097_verta.png	2026-07-03 11:52:46.712683+00	\N
2	1	8.jpg	image/jpeg	344756	/uploads/work-items/1/1b781d8c54cb493bb60c15d72c3e624d_8.jpg	/uploads/work-items/1/1b781d8c54cb493bb60c15d72c3e624d_8.jpg	2026-07-03 11:53:40.937157+00	\N
3	1	7.jpg	image/jpeg	394374	/uploads/work-items/1/3a4f6d0002274901a4bac75af67fa404_7.jpg	/uploads/work-items/1/3a4f6d0002274901a4bac75af67fa404_7.jpg	2026-07-03 11:53:43.581005+00	\N
4	1	4.jpg	image/jpeg	273264	/uploads/work-items/1/78cc25d7c5484fe88b1dee77d0105f32_4.jpg	/uploads/work-items/1/78cc25d7c5484fe88b1dee77d0105f32_4.jpg	2026-07-03 11:53:45.737255+00	\N
6	3	Pregled - APR 26.pdf	application/pdf	126073	/uploads/work-items/3/b416ab0fc997417b85ddf14e19b4c4db_Pregled - APR 26.pdf	\N	2026-07-03 13:41:00.451638+00	\N
\.


--
-- Data for Name: work_item_lock_interests; Type: TABLE DATA; Schema: public; Owner: -
--

COPY public.work_item_lock_interests ("Id", "WorkItemId", "UserId", "RegisteredAt") FROM stdin;
\.


--
-- Data for Name: work_item_locks; Type: TABLE DATA; Schema: public; Owner: -
--

COPY public.work_item_locks ("Id", "WorkItemId", "LockedByUserId", "LockedAt", "ExpiresAt") FROM stdin;
\.


--
-- Data for Name: work_items; Type: TABLE DATA; Schema: public; Owner: -
--

COPY public.work_items ("Id", "Name", "Description", "Status", "Priority", "BoardId", "CreatedByUserId", "AssignedUserId", "CreatedAt", "UpdatedAt", "SprintId") FROM stdin;
43	E2E Comment Task 3dd6b1622eba4b79b402e631807e42a5	Task for comment E2E	ToDo	Medium	59	69	\N	2026-07-11 21:29:30.912708+00	\N	\N
44	E2E Playwright Task	Created from Playwright E2E test	ToDo	Medium	57	66	\N	2026-07-11 21:29:33.498511+00	\N	\N
63	E2E Delete Comment Task 25a9b7df47294abd8de695012107ecf5	Task for delete comment	ToDo	Medium	90	106	\N	2026-07-12 17:35:53.220672+00	\N	\N
3	dkoasdkpsa	dlasdp[saldp	ToDo	Medium	1	1	3	2026-07-03 13:41:00.29446+00	\N	2
46	Playwright Task	Created by Playwright API test	ToDo	Medium	62	75	\N	2026-07-11 21:41:03.666323+00	\N	\N
47	E2E Comment Task 1d2fc09e09304bb49e4ec4ecd581f38c	Task for comment E2E	ToDo	Medium	63	76	\N	2026-07-11 21:41:06.510291+00	\N	\N
48	E2E Playwright Task	Created from Playwright E2E test	ToDo	Medium	65	78	\N	2026-07-11 21:41:09.441198+00	\N	\N
1	Primer	odaskdosakdosak	InProgress	Medium	1	1	4	2026-07-01 14:43:17.18715+00	2026-07-03 13:44:40.587701+00	\N
4	Playwright Task	Created by Playwright API test	ToDo	Medium	3	6	\N	2026-07-09 17:06:42.14704+00	\N	\N
5	Playwright Task	Created by Playwright API test	ToDo	Medium	5	8	\N	2026-07-09 17:06:42.891161+00	\N	\N
7	Playwright Task	Created by Playwright API test	ToDo	Medium	7	10	\N	2026-07-09 17:09:12.064896+00	\N	\N
8	Playwright Task	Created by Playwright API test	ToDo	Medium	9	12	\N	2026-07-09 17:09:13.639864+00	\N	\N
10	E2E Subtask Parent ef837d1257214a19a1a829abe84d4557	Parent task for subtask E2E	ToDo	Medium	13	17	\N	2026-07-09 17:09:45.335506+00	\N	\N
11	E2E Comment Task abc19c85afba4fefb4df9adb040d5658	Task for comment E2E	ToDo	Medium	14	14	\N	2026-07-09 17:09:45.333882+00	\N	\N
12	E2E Subtask Parent fbbad4dfd6894e91802471f32ffcca08	Parent task for subtask E2E	ToDo	Medium	16	18	\N	2026-07-09 17:10:46.463869+00	\N	\N
13	E2E Comment Task ccafeedd6c8e45f9bf35f92714a3a05b	Task for comment E2E	ToDo	Medium	15	20	\N	2026-07-09 17:10:46.463875+00	\N	\N
14	E2E Playwright Task	Created from Playwright E2E test	ToDo	Medium	17	19	\N	2026-07-09 17:10:48.79353+00	\N	\N
15	Playwright Task	Created by Playwright API test	ToDo	Medium	19	22	\N	2026-07-09 17:11:33.181375+00	\N	\N
16	E2E Subtask Parent 22064b84e09841aa8ff012ca7777e5cc	Parent task for subtask E2E	ToDo	Medium	22	25	\N	2026-07-09 17:11:35.467033+00	\N	\N
17	E2E Comment Task afe97277091a45ae98cedf285213584f	Task for comment E2E	ToDo	Medium	23	26	\N	2026-07-09 17:11:35.476+00	\N	\N
18	E2E Playwright Task	Created from Playwright E2E test	ToDo	Medium	20	23	\N	2026-07-09 17:11:38.191054+00	\N	\N
19	Playwright Task	Created by Playwright API test	ToDo	Medium	25	28	\N	2026-07-09 17:11:39.149146+00	\N	\N
50	E2E Comment Task b0cc51b47029420998529a70be953bbb	Task for comment E2E	ToDo	Medium	73	90	\N	2026-07-12 17:34:05.341688+00	\N	\N
21	Demo Task	Glavni demo zadatak za odbranu projekta.	ToDo	Medium	27	30	\N	2026-07-09 17:23:08.76863+00	\N	9
22	Playwright Task	Created by Playwright API test	ToDo	Medium	28	31	\N	2026-07-09 17:23:40.38267+00	\N	\N
23	E2E Comment Task 28d7e5b4a6c2423fbfeafa2f42730779	Task for comment E2E	ToDo	Medium	29	33	\N	2026-07-09 17:23:42.309306+00	\N	\N
24	E2E Subtask Parent 4f156e2f3cea4841bedef8141da65f9f	Parent task for subtask E2E	ToDo	Medium	32	35	\N	2026-07-09 17:23:42.370426+00	\N	\N
25	E2E Playwright Task	Created from Playwright E2E test	ToDo	Medium	30	32	\N	2026-07-09 17:23:44.291893+00	\N	\N
26	Playwright Task	Created by Playwright API test	ToDo	Medium	34	37	\N	2026-07-09 17:23:45.432238+00	\N	\N
51	E2E Subtask Parent 44757bd8bdd3453aa1184c7af5e3d9da	Parent task for subtask E2E	ToDo	Medium	71	86	\N	2026-07-12 17:34:05.344109+00	\N	\N
28	Playwright Task	Created by Playwright API test	ToDo	Medium	36	39	\N	2026-07-09 17:32:58.402101+00	\N	\N
29	E2E Subtask Parent c650575737ec4cbaa079f2e3566e49e0	Parent task for subtask E2E	ToDo	Medium	38	41	\N	2026-07-09 17:33:00.598886+00	\N	\N
30	E2E Comment Task 145e1d12697142518f62fba142857fa7	Task for comment E2E	ToDo	Medium	39	42	\N	2026-07-09 17:33:00.625069+00	\N	\N
31	E2E Playwright Task	Created from Playwright E2E test	ToDo	Medium	37	40	\N	2026-07-09 17:33:03.070707+00	\N	\N
32	Playwright Task	Created by Playwright API test	ToDo	Medium	42	45	\N	2026-07-09 17:33:04.008713+00	\N	\N
52	E2E Playwright Task	Created from Playwright E2E test	ToDo	Medium	69	87	\N	2026-07-12 17:34:07.753093+00	\N	\N
34	Playwright Task	Created by Playwright API test	ToDo	Medium	44	49	\N	2026-07-11 21:27:29.604095+00	\N	\N
35	E2E Comment Task 9c27668c9069491aad0c4e33dcfa773e	Task for comment E2E	ToDo	Medium	46	50	\N	2026-07-11 21:27:33.246752+00	\N	\N
36	E2E Playwright Task	Created from Playwright E2E test	ToDo	Medium	45	51	\N	2026-07-11 21:27:36.059946+00	\N	\N
53	E2E Delete Task cf15c09c25934d60b44fabe64745a197	Task to delete	ToDo	Medium	75	92	\N	2026-07-12 17:34:08.553698+00	\N	\N
38	Playwright Task	Created by Playwright API test	ToDo	Medium	50	57	\N	2026-07-11 21:27:59.160926+00	\N	\N
39	E2E Comment Task 21011301501f457d9de78126f8283052	Task for comment E2E	ToDo	Medium	52	59	\N	2026-07-11 21:28:02.128282+00	\N	\N
40	E2E Playwright Task	Created from Playwright E2E test	ToDo	Medium	53	60	\N	2026-07-11 21:28:04.414801+00	\N	\N
54	E2E Delete Comment Task 822674e6b511423cb45ca0faa19ff54b	Task for delete comment	ToDo	Medium	76	93	\N	2026-07-12 17:34:08.839083+00	\N	\N
42	Playwright Task	Created by Playwright API test	ToDo	Medium	56	65	\N	2026-07-11 21:29:27.923138+00	\N	\N
55	E2E Subtask Parent 71436c87a0594c0eb31a08adc3635ea6	Parent task for subtask E2E	ToDo	Medium	77	94	\N	2026-07-12 17:34:09.676917+00	\N	\N
56	E2E Edit Comment Task a728525f378d4d36b19e8ab737f8511b	Task for edit comment	ToDo	Medium	78	95	\N	2026-07-12 17:34:11.08328+00	\N	\N
57	E2E Board Task 64459bae587f42969df98af76c457c38	Task on secondary board	ToDo	Medium	80	96	\N	2026-07-12 17:34:23.458117+00	\N	\N
58	E2E Update Task 4e23eeb9455d48e8856f0f56fef56a96	Before update	ToDo	Medium	81	97	\N	2026-07-12 17:34:25.851577+00	\N	\N
59	E2E View Task 52a74d79519f4089a002f7c3c0ecc962	Task prepared for view E2E	ToDo	Medium	83	99	\N	2026-07-12 17:34:42.70893+00	\N	\N
60	E2E Comment Task bec2dcf6d7aa4aa0928da0a87deeebe3	Task for comment E2E	ToDo	Medium	84	100	\N	2026-07-12 17:35:49.248763+00	\N	\N
61	E2E Subtask Parent bc1d43bfbd3c4b18ac938b621655dd0b	Parent task for subtask E2E	ToDo	Medium	85	102	\N	2026-07-12 17:35:49.902817+00	\N	\N
62	E2E Playwright Task	Created from Playwright E2E test	ToDo	Medium	87	104	\N	2026-07-12 17:35:52.337293+00	\N	\N
65	Board backlog task	Task on secondary board	ToDo	Medium	95	110	\N	2026-07-12 17:35:53.535049+00	\N	\N
66	E2E Subtask Parent 45da22266c114228bf9e6bb6b0eabfbc	Parent task for subtask E2E	ToDo	Medium	96	111	\N	2026-07-12 17:35:53.893708+00	\N	\N
67	E2E Update Task 67eaabbd78324953a7382fc268296cee	Before update	ToDo	Medium	97	112	\N	2026-07-12 17:35:55.966921+00	\N	\N
68	E2E Edit Comment Task 18321b9b675146888ebb328899f17c60	Task for edit comment	ToDo	Medium	98	113	\N	2026-07-12 17:35:56.091362+00	\N	\N
69	E2E View Task f4fed6cfb011446aa5d4b2cf2df6f0b3	Task prepared for view E2E	ToDo	Medium	99	114	\N	2026-07-12 17:35:58.22603+00	\N	\N
70	E2E Update Task fc03dc9d6ba64bbe8cf3e4ce01616639	Before update	ToDo	Medium	101	116	\N	2026-07-12 17:37:00.357855+00	\N	\N
71	E2E Edit Comment Task 4e49d729ed9148358150290edb829756	Task for edit comment	ToDo	Medium	100	115	\N	2026-07-12 17:37:00.357862+00	\N	\N
72	E2E Update Task 22e4cbfb5e57414986cfbf051b382831	Before update	ToDo	Medium	103	117	\N	2026-07-12 17:37:59.537124+00	\N	\N
73	E2E Edit Comment Task baa39d0a5b5c48c5ac9853160c46f9b3	Task for edit comment	ToDo	Medium	102	118	\N	2026-07-12 17:37:59.537238+00	\N	\N
74	E2E Subtask Parent 2b012c56d4ed4c44a7c8dfab23648bdd	Parent task for subtask E2E	ToDo	Medium	108	122	\N	2026-07-12 17:38:56.851301+00	\N	\N
75	E2E Comment Task 61dbf3da9359418cbe6b6a69d693b7dc	Task for comment E2E	ToDo	Medium	104	123	\N	2026-07-12 17:38:56.856176+00	\N	\N
76	E2E Playwright Task	Created from Playwright E2E test	ToDo	Medium	106	119	\N	2026-07-12 17:38:59.49101+00	\N	\N
83	E2E View Task 0dfe7188ec9049eeb911f505e5d0d4ab	Task prepared for view E2E	ToDo	Medium	119	133	\N	2026-07-12 17:39:10.45808+00	\N	\N
82	E2E Edit Comment Task 6d1cb6a597cc44c2b1e33468fef45a3c	Task for edit comment	ToDo	Medium	118	132	\N	2026-07-12 17:39:03.669455+00	\N	\N
78	E2E Delete Comment Task 92859715c4ac4f5fb7e1a956327d3350	Task for delete comment	ToDo	Medium	114	128	\N	2026-07-12 17:39:00.885984+00	\N	\N
80	E2E Subtask Parent 28098e08ab434266a31c47202066cd56	Parent task for subtask E2E	ToDo	Medium	116	130	\N	2026-07-12 17:39:01.475937+00	\N	\N
81	E2E Update Task 17bcd2261226445282d7196956f1b1e3 Updated	After update	ToDo	Medium	117	131	\N	2026-07-12 17:39:03.086676+00	2026-07-12 17:39:04.752535+00	\N
79	Board backlog task	Task on secondary board	ToDo	Medium	115	129	\N	2026-07-12 17:39:00.903592+00	\N	\N
84	E2E Edit Comment Task 09bc0d2fcb02427ea79e4a75a9f7f2e0	Task for edit comment	ToDo	Medium	120	134	\N	2026-07-12 17:39:56.797692+00	\N	\N
85	E2E Update Task 5e316ae658174d8ebbb25626e8460165 Updated	After update	ToDo	Medium	121	135	\N	2026-07-12 17:39:56.802759+00	2026-07-12 17:39:58.637487+00	\N
86	E2E Edit Comment Task bcfe26b6884043e3b1f3bd3805262894	Task for edit comment	ToDo	Medium	122	136	\N	2026-07-12 17:41:08.738294+00	\N	\N
87	E2E Edit Comment Task 5342b3c1581244d2af7e8ab4a301ced1	Task for edit comment	ToDo	Medium	123	137	\N	2026-07-12 17:42:01.184442+00	\N	\N
88	E2E Comment Task dc2876658d2b467eacc58f46aeb642d6	Task for comment E2E	ToDo	Medium	128	140	\N	2026-07-12 17:42:23.897784+00	\N	\N
89	E2E Subtask Parent deaef6af93be4298910adc43c8bae2aa	Parent task for subtask E2E	ToDo	Medium	125	143	\N	2026-07-12 17:42:23.897784+00	\N	\N
90	E2E Playwright Task	Created from Playwright E2E test	ToDo	Medium	124	141	\N	2026-07-12 17:42:26.160557+00	\N	\N
92	Board backlog task	Task on secondary board	ToDo	Medium	134	147	\N	2026-07-12 17:42:27.032352+00	\N	\N
93	E2E Delete Comment Task 8ee99a2d2bbc434a9763e58352b16301	Task for delete comment	ToDo	Medium	135	148	\N	2026-07-12 17:42:27.115857+00	\N	\N
94	E2E Subtask Parent 7000cfbe606344648fc6145f048df425	Parent task for subtask E2E	ToDo	Medium	136	149	\N	2026-07-12 17:42:27.300643+00	\N	\N
96	E2E Edit Comment Task 333d8767fc01487791da7bca4cbeee3b	Task for edit comment	ToDo	Medium	138	151	\N	2026-07-12 17:42:29.548005+00	\N	\N
95	E2E Update Task d34138a015734f81b701ecb1fa8f736e Updated	After update	ToDo	Medium	137	150	\N	2026-07-12 17:42:29.106997+00	2026-07-12 17:42:30.686224+00	\N
97	E2E View Task 576bd690954f4ee99125539ea0c24bfd	Task prepared for view E2E	ToDo	Medium	139	152	\N	2026-07-12 17:42:31.281189+00	\N	\N
98	E2E Comment Task 4a01912e63b2404c8e7143561964c8d9	Task for comment E2E	ToDo	Medium	140	153	\N	2026-07-12 18:09:24.325258+00	\N	\N
99	E2E Subtask Parent b78eb5cdca504b4a9571cbfe6a7560a1	Parent task for subtask E2E	ToDo	Medium	141	154	\N	2026-07-12 18:09:24.329028+00	\N	\N
100	E2E Playwright Task	Created from Playwright E2E test	ToDo	Medium	143	158	\N	2026-07-12 18:09:27.284493+00	\N	\N
102	Board backlog task	Task on secondary board	ToDo	Medium	150	162	\N	2026-07-12 18:09:28.729014+00	\N	\N
103	E2E Delete Comment Task b8a6e2b31d874ef69617ba0280dbc076	Task for delete comment	ToDo	Medium	151	163	\N	2026-07-12 18:09:29.172255+00	\N	\N
104	E2E Subtask Parent 02b990c5ce754179804df94cb4bc1879	Parent task for subtask E2E	ToDo	Medium	152	164	\N	2026-07-12 18:09:29.93438+00	\N	\N
106	E2E Edit Comment Task b2c7bb41ad444cc69ba262c22a787e53	Task for edit comment	ToDo	Medium	154	166	\N	2026-07-12 18:09:33.368089+00	\N	\N
105	E2E Update Task 9e37a256b0bd4200be32e06d828f94dc Updated	After update	ToDo	Medium	153	165	\N	2026-07-12 18:09:32.20084+00	2026-07-12 18:09:35.161327+00	\N
107	E2E View Task 591beb333dd14a5482da766f4f1d8a61	Task prepared for view E2E	ToDo	Medium	155	167	\N	2026-07-12 18:09:36.062305+00	\N	\N
108	Setup project	Initialize repository and CI pipeline.	Done	High	156	168	168	2026-07-12 18:18:52.8745+00	\N	31
109	Implement authentication	Add login, registration and JWT handling.	InProgress	Medium	156	168	169	2026-07-12 18:18:52.8745+00	\N	31
110	Write E2E tests	Cover main user flows with Playwright.	ToDo	Low	156	168	\N	2026-07-12 18:18:52.8745+00	\N	\N
111	E2E Subtask Parent 1317a7dafae74bdcb7ac2d6749cdde26	Parent task for subtask E2E	ToDo	Medium	159	173	\N	2026-07-12 18:19:30.676143+00	\N	\N
112	E2E Comment Task ea90d8d11cf14d928ad15f05d4d8c84d	Task for comment E2E	ToDo	Medium	157	171	\N	2026-07-12 18:19:30.672467+00	\N	\N
113	E2E Playwright Task	Created from Playwright E2E test	ToDo	Medium	158	172	\N	2026-07-12 18:19:33.771942+00	\N	\N
115	Board backlog task	Task on secondary board	ToDo	Medium	168	179	\N	2026-07-12 18:19:35.421316+00	\N	\N
116	E2E Delete Comment Task 37d5666a576b41eea0f3c998b486eda5	Task for delete comment	ToDo	Medium	167	180	\N	2026-07-12 18:19:35.428079+00	\N	\N
117	E2E Subtask Parent cf678e5df5304d709d0a2679e1c91d0f	Parent task for subtask E2E	ToDo	Medium	169	181	\N	2026-07-12 18:19:35.652568+00	\N	\N
119	E2E Edit Comment Task efeed83889ba4bd1be2395329839b9fa	Task for edit comment	ToDo	Medium	171	183	\N	2026-07-12 18:19:40.027979+00	\N	\N
118	E2E Update Task 92b04d6b7b22447cbddfe6199a870780 Updated	After update	ToDo	Medium	170	182	\N	2026-07-12 18:19:39.679941+00	2026-07-12 18:19:42.423201+00	\N
120	E2E View Task 312f80da937444f6a14e7c8ab95a9138	Task prepared for view E2E	ToDo	Medium	172	184	\N	2026-07-12 18:19:43.157039+00	\N	\N
121	Playwright Task	Created by Playwright API test	ToDo	Medium	173	185	\N	2026-07-12 18:20:56.195204+00	\N	\N
132	E2E Edit Comment Task 01775a0025bc40cb9fd560bcfd255276	Task for edit comment	ToDo	Medium	191	203	\N	2026-07-12 18:22:15.683314+00	\N	\N
123	Playwright Task	Created by Playwright API test	ToDo	Medium	176	189	\N	2026-07-12 18:22:03.141233+00	\N	\N
124	E2E Subtask Parent 312e53a03d0c47158b68a13e3a7c390e	Parent task for subtask E2E	ToDo	Medium	181	194	\N	2026-07-12 18:22:06.680359+00	\N	\N
125	E2E Comment Task 3f9581914f60418ab137787091cbfc93	Task for comment E2E	ToDo	Medium	179	192	\N	2026-07-12 18:22:06.701748+00	\N	\N
126	E2E Playwright Task	Created from Playwright E2E test	ToDo	Medium	180	193	\N	2026-07-12 18:22:09.972861+00	\N	\N
128	Board backlog task	Task on secondary board	ToDo	Medium	187	199	\N	2026-07-12 18:22:11.644917+00	\N	\N
129	E2E Subtask Parent fb634f972a09474ebae98548d220dd00	Parent task for subtask E2E	ToDo	Medium	188	200	\N	2026-07-12 18:22:12.24106+00	\N	\N
130	E2E Delete Comment Task 9951f904965f441e96de91c6f4b997d7	Task for delete comment	ToDo	Medium	189	201	\N	2026-07-12 18:22:12.491213+00	\N	\N
131	E2E Update Task 53fc0b77f5b34e809d305e14725ce571 Updated	After update	ToDo	Medium	190	202	\N	2026-07-12 18:22:14.536309+00	2026-07-12 18:22:16.760136+00	\N
133	E2E View Task 2c9707bab18a4159a3013c0b5589ed64	Task prepared for view E2E	ToDo	Medium	192	204	\N	2026-07-12 18:22:17.53816+00	\N	\N
137	E2E Subtask Parent be26737d3067478e8a9418695739f5a8	Parent task for subtask E2E	ToDo	Medium	196	210	\N	2026-07-13 15:59:58.607976+00	\N	\N
138	E2E Comment Task b5c30f7442744b4bb31b4890fd9d00db	Task for comment E2E	ToDo	Medium	200	214	\N	2026-07-13 15:59:58.724936+00	\N	\N
139	E2E Playwright Task	Created from Playwright E2E test	ToDo	Medium	198	213	\N	2026-07-13 16:00:05.742789+00	\N	\N
140	Board backlog task	Task on secondary board	ToDo	Medium	204	216	\N	2026-07-13 16:00:06.215404+00	\N	\N
141	E2E Delete Comment Task 88e38444bd0f44cd8687c4dd129fddb9	Task for delete comment	ToDo	Medium	205	218	\N	2026-07-13 16:00:06.288509+00	\N	\N
2	dasd	odkasod	ToDo	Medium	1	1	3	2026-07-03 13:40:28.36008+00	2026-07-13 15:13:45.936327+00	1
136	Playwright Task	Created by Playwright API test	ToDo	Medium	195	209	\N	2026-07-13 15:59:51.390399+00	\N	\N
143	E2E Subtask Parent 2569656d961a49a3ba4e881a3a4ea5ef	Parent task for subtask E2E	ToDo	Medium	208	221	\N	2026-07-13 16:00:09.226951+00	\N	\N
144	E2E Edit Comment Task 657fee6c5e2544c49aefe06d011660e4	Task for edit comment	ToDo	Medium	209	222	\N	2026-07-13 16:00:11.435413+00	\N	\N
145	E2E Update Task d7bdac9355894418b35d4d76a7094f9b Updated	After update	ToDo	Medium	210	223	\N	2026-07-13 16:00:12.597691+00	2026-07-13 16:00:16.317126+00	\N
146	E2E View Task 390ad6d073d24e588249af1316edfec4	Task prepared for view E2E	ToDo	Medium	211	224	\N	2026-07-13 16:00:17.362102+00	\N	\N
148	Playwright Task	Created by Playwright API test	ToDo	Medium	214	228	\N	2026-07-13 18:03:16.179243+00	\N	\N
150	E2E Comment Task 9f02239361094802be72ab16507007b9	Task for comment E2E	ToDo	Medium	217	236	\N	2026-07-13 18:03:41.189692+00	\N	\N
151	E2E Subtask Parent 05bc1a685d86463d94b854c499ab1bc6	Parent task for subtask E2E	ToDo	Medium	221	237	\N	2026-07-13 18:03:41.198239+00	\N	\N
152	E2E Playwright Task	Created from Playwright E2E test	ToDo	Medium	218	232	\N	2026-07-13 18:03:43.962244+00	\N	\N
154	Board backlog task	Task on secondary board	ToDo	Medium	227	240	\N	2026-07-13 18:03:44.831471+00	\N	\N
155	E2E Delete Comment Task c2332bdb6e9d4be598bf7e99bdce728c	Task for delete comment	ToDo	Medium	228	242	\N	2026-07-13 18:03:44.89134+00	\N	\N
156	E2E Subtask Parent a87d884295e54f4793e4dc3a60fd8868	Parent task for subtask E2E	ToDo	Medium	229	243	\N	2026-07-13 18:03:45.337075+00	\N	\N
158	E2E Edit Comment Task 7085247ca737442da9c533d78c812af1	Task for edit comment	ToDo	Medium	231	245	\N	2026-07-13 18:03:48.51626+00	\N	\N
157	E2E Update Task 6af490ab033642e6bc733d2fbf6df5a1 Updated	After update	ToDo	Medium	230	244	\N	2026-07-13 18:03:47.721971+00	2026-07-13 18:03:50.109323+00	\N
159	E2E View Task 7d1d4f6f82404aa499be5d4a613a22d1	Task prepared for view E2E	ToDo	Medium	232	246	\N	2026-07-13 18:03:50.738479+00	\N	\N
160	E2E Playwright Task	Created from Playwright E2E test	ToDo	Medium	233	247	\N	2026-07-13 18:05:33.913093+00	\N	\N
161	Playwright Task	Created by Playwright API test	ToDo	Medium	234	249	\N	2026-07-13 21:55:11.72582+00	\N	\N
162	Playwright Task	Created by Playwright API test	ToDo	Medium	235	250	\N	2026-07-13 21:58:18.45512+00	\N	\N
163	E2E Comment Task 762c5ce467a044d4ba88dc7063c2179b	Task for comment E2E	ToDo	Medium	237	252	\N	2026-07-13 21:58:30.380909+00	\N	\N
164	E2E Subtask Parent cbfa750a94f644e8a4276407a27d6dfb	Parent task for subtask E2E	ToDo	Medium	240	254	\N	2026-07-13 21:58:30.966827+00	\N	\N
165	E2E Playwright Task	Created from Playwright E2E test	ToDo	Medium	238	253	\N	2026-07-13 21:58:41.281461+00	\N	\N
167	Board backlog task	Task on secondary board	ToDo	Medium	246	260	\N	2026-07-13 21:58:45.750388+00	\N	\N
168	E2E Delete Comment Task 053f135b067a4dcfb263b47dc26cd4d0	Task for delete comment	ToDo	Medium	247	261	\N	2026-07-13 21:58:49.014231+00	\N	\N
169	E2E Subtask Parent 5fa64f9db9604807bf332a410ec22bc2	Parent task for subtask E2E	ToDo	Medium	248	262	\N	2026-07-13 21:58:49.504219+00	\N	\N
171	E2E Edit Comment Task bb9e0ed6af774514906b1bdc45531788	Task for edit comment	ToDo	Medium	250	264	\N	2026-07-13 21:58:57.252584+00	\N	\N
170	E2E Update Task 0d0ff6884ff74b97b349977b3ba90d20 Updated	After update	ToDo	Medium	249	263	\N	2026-07-13 21:58:55.593569+00	2026-07-13 21:59:00.026549+00	\N
172	E2E View Task db2ab0fc723841308d82d0c946623930	Task prepared for view E2E	ToDo	Medium	251	265	\N	2026-07-13 21:59:01.798408+00	\N	\N
135	Neki task	dasodmaosdmasodk	PR	Medium	2	1	2	2026-07-13 15:02:26.874572+00	2026-07-14 18:25:32.654817+00	38
\.


--
-- Data for Name: workspace_members; Type: TABLE DATA; Schema: public; Owner: -
--

COPY public.workspace_members ("Id", "WorkspaceId", "UserId", "Role", "CreatedAt", "UpdatedAt") FROM stdin;
1	1	1	Owner	2026-07-01 13:36:34.828384+00	\N
2	1	2	Guest	2026-07-01 13:50:44.906912+00	\N
3	1	3	Guest	2026-07-01 13:53:37.567884+00	\N
4	1	4	Member	2026-07-02 19:05:04.480325+00	\N
5	1	5	Member	2026-07-03 12:35:06.417542+00	\N
6	2	6	Owner	2026-07-09 17:06:41.898137+00	\N
7	3	7	Owner	2026-07-09 17:06:42.546267+00	\N
8	4	8	Owner	2026-07-09 17:06:42.855326+00	\N
9	5	9	Owner	2026-07-09 17:06:43.075593+00	\N
10	6	10	Owner	2026-07-09 17:09:11.336466+00	\N
11	7	11	Owner	2026-07-09 17:09:13.145916+00	\N
12	8	12	Owner	2026-07-09 17:09:13.586965+00	\N
13	9	13	Owner	2026-07-09 17:09:14.127778+00	\N
14	12	16	Owner	2026-07-09 17:09:45.249258+00	\N
15	10	15	Owner	2026-07-09 17:09:45.250937+00	\N
16	11	14	Owner	2026-07-09 17:09:45.251305+00	\N
17	13	17	Owner	2026-07-09 17:09:45.268927+00	\N
18	16	21	Owner	2026-07-09 17:10:46.390985+00	\N
19	15	19	Owner	2026-07-09 17:10:46.392978+00	\N
20	14	20	Owner	2026-07-09 17:10:46.392778+00	\N
21	17	18	Owner	2026-07-09 17:10:46.394349+00	\N
22	18	22	Owner	2026-07-09 17:11:33.111738+00	\N
23	19	23	Owner	2026-07-09 17:11:35.31993+00	\N
24	20	24	Owner	2026-07-09 17:11:35.330196+00	\N
25	21	25	Owner	2026-07-09 17:11:35.358635+00	\N
26	22	26	Owner	2026-07-09 17:11:35.382395+00	\N
27	23	27	Owner	2026-07-09 17:11:38.794802+00	\N
28	24	28	Owner	2026-07-09 17:11:39.111225+00	\N
29	25	29	Owner	2026-07-09 17:11:39.444666+00	\N
30	26	30	Owner	2026-07-09 17:23:08.668875+00	\N
31	27	31	Owner	2026-07-09 17:23:40.326221+00	\N
32	28	33	Owner	2026-07-09 17:23:42.257915+00	\N
33	29	32	Owner	2026-07-09 17:23:42.263343+00	\N
34	30	34	Owner	2026-07-09 17:23:42.266422+00	\N
35	31	35	Owner	2026-07-09 17:23:42.328086+00	\N
36	32	36	Owner	2026-07-09 17:23:45.133825+00	\N
37	33	37	Owner	2026-07-09 17:23:45.3964+00	\N
38	34	38	Owner	2026-07-09 17:23:45.671139+00	\N
39	35	39	Owner	2026-07-09 17:32:58.329555+00	\N
40	36	40	Owner	2026-07-09 17:33:00.525295+00	\N
41	37	41	Owner	2026-07-09 17:33:00.562828+00	\N
42	38	42	Owner	2026-07-09 17:33:00.585445+00	\N
43	39	43	Owner	2026-07-09 17:33:00.678047+00	\N
44	40	44	Owner	2026-07-09 17:33:03.757876+00	\N
45	41	45	Owner	2026-07-09 17:33:03.975547+00	\N
46	42	46	Owner	2026-07-09 17:33:04.275526+00	\N
47	43	47	Owner	2026-07-11 21:25:08.620661+00	\N
48	44	48	Owner	2026-07-11 21:25:20.347045+00	\N
49	45	49	Owner	2026-07-11 21:27:28.656335+00	\N
50	46	50	Owner	2026-07-11 21:27:33.165007+00	\N
51	47	51	Owner	2026-07-11 21:27:33.166702+00	\N
52	48	53	Owner	2026-07-11 21:27:33.307223+00	\N
53	49	52	Owner	2026-07-11 21:27:35.426702+00	\N
54	50	54	Owner	2026-07-11 21:27:40.8006+00	\N
55	51	55	Owner	2026-07-11 21:27:41.180267+00	\N
57	53	57	Owner	2026-07-11 21:27:58.721965+00	\N
58	54	58	Owner	2026-07-11 21:28:02.033716+00	\N
59	55	59	Owner	2026-07-11 21:28:02.04308+00	\N
60	56	60	Owner	2026-07-11 21:28:02.07965+00	\N
61	57	61	Owner	2026-07-11 21:28:04.119635+00	\N
62	58	62	Owner	2026-07-11 21:28:09.525645+00	\N
63	59	63	Owner	2026-07-11 21:28:09.746855+00	\N
65	61	65	Owner	2026-07-11 21:29:27.819638+00	\N
66	63	67	Owner	2026-07-11 21:29:30.732088+00	\N
67	62	66	Owner	2026-07-11 21:29:30.732084+00	\N
68	64	69	Owner	2026-07-11 21:29:30.860875+00	\N
69	65	68	Owner	2026-07-11 21:29:32.888603+00	\N
70	66	70	Owner	2026-07-11 21:29:33.964076+00	\N
71	67	71	Owner	2026-07-11 21:29:34.239707+00	\N
74	70	74	Owner	2026-07-11 21:30:16.24856+00	\N
75	71	75	Owner	2026-07-11 21:41:03.585329+00	\N
76	72	76	Owner	2026-07-11 21:41:06.424837+00	\N
77	73	79	Owner	2026-07-11 21:41:06.454275+00	\N
78	74	78	Owner	2026-07-11 21:41:06.457367+00	\N
79	75	77	Owner	2026-07-11 21:41:08.790429+00	\N
80	76	80	Owner	2026-07-11 21:41:10.177202+00	\N
81	77	81	Owner	2026-07-11 21:41:10.601412+00	\N
83	79	84	Owner	2026-07-12 17:33:47.593493+00	\N
84	80	87	Owner	2026-07-12 17:34:05.187493+00	\N
85	82	85	Owner	2026-07-12 17:34:05.187493+00	\N
86	81	86	Owner	2026-07-12 17:34:05.188742+00	\N
87	83	88	Owner	2026-07-12 17:34:05.207811+00	\N
88	84	90	Owner	2026-07-12 17:34:05.266022+00	\N
89	85	89	Owner	2026-07-12 17:34:07.416083+00	\N
90	86	91	Owner	2026-07-12 17:34:08.136061+00	\N
91	87	92	Owner	2026-07-12 17:34:08.499313+00	\N
92	88	93	Owner	2026-07-12 17:34:08.77121+00	\N
93	89	94	Owner	2026-07-12 17:34:09.619131+00	\N
94	90	95	Owner	2026-07-12 17:34:11.035696+00	\N
95	91	96	Owner	2026-07-12 17:34:23.37641+00	\N
96	92	97	Owner	2026-07-12 17:34:25.812303+00	\N
97	93	98	Owner	2026-07-12 17:34:37.910721+00	\N
98	94	99	Owner	2026-07-12 17:34:42.671492+00	\N
99	95	100	Owner	2026-07-12 17:35:49.195922+00	\N
100	96	101	Owner	2026-07-12 17:35:49.823503+00	\N
101	97	102	Owner	2026-07-12 17:35:49.834733+00	\N
102	98	104	Owner	2026-07-12 17:35:49.863064+00	\N
103	99	105	Owner	2026-07-12 17:35:49.883201+00	\N
104	100	103	Owner	2026-07-12 17:35:52.025158+00	\N
105	101	106	Owner	2026-07-12 17:35:53.161115+00	\N
106	102	107	Owner	2026-07-12 17:35:53.208185+00	\N
107	103	108	Owner	2026-07-12 17:35:53.35249+00	\N
108	104	109	Owner	2026-07-12 17:35:53.389771+00	\N
109	105	110	Owner	2026-07-12 17:35:53.414011+00	\N
110	106	111	Owner	2026-07-12 17:35:53.813765+00	\N
111	107	112	Owner	2026-07-12 17:35:55.905596+00	\N
112	108	113	Owner	2026-07-12 17:35:55.985957+00	\N
113	109	114	Owner	2026-07-12 17:35:58.179431+00	\N
114	110	115	Owner	2026-07-12 17:37:00.088402+00	\N
115	111	116	Owner	2026-07-12 17:37:00.08926+00	\N
117	112	117	Owner	2026-07-12 17:37:59.456999+00	\N
116	113	118	Owner	2026-07-12 17:37:59.456999+00	\N
118	116	121	Owner	2026-07-12 17:38:56.729267+00	\N
119	114	122	Owner	2026-07-12 17:38:56.727352+00	\N
120	117	123	Owner	2026-07-12 17:38:56.730269+00	\N
121	115	119	Owner	2026-07-12 17:38:56.730272+00	\N
122	118	124	Owner	2026-07-12 17:38:56.734062+00	\N
123	119	120	Owner	2026-07-12 17:38:59.180441+00	\N
124	120	126	Owner	2026-07-12 17:39:00.330539+00	\N
125	121	125	Owner	2026-07-12 17:39:00.336522+00	\N
126	122	127	Owner	2026-07-12 17:39:00.469155+00	\N
127	124	128	Owner	2026-07-12 17:39:00.783602+00	\N
128	123	129	Owner	2026-07-12 17:39:00.783615+00	\N
129	125	130	Owner	2026-07-12 17:39:01.408486+00	\N
130	126	131	Owner	2026-07-12 17:39:03.028119+00	\N
131	127	132	Owner	2026-07-12 17:39:03.625334+00	\N
132	128	133	Owner	2026-07-12 17:39:10.41287+00	\N
133	129	134	Owner	2026-07-12 17:39:56.726929+00	\N
134	130	135	Owner	2026-07-12 17:39:56.72867+00	\N
135	131	136	Owner	2026-07-12 17:41:08.672484+00	\N
136	132	137	Owner	2026-07-12 17:42:01.099889+00	\N
137	133	143	Owner	2026-07-12 17:42:23.799584+00	\N
138	135	140	Owner	2026-07-12 17:42:23.803846+00	\N
139	134	138	Owner	2026-07-12 17:42:23.803846+00	\N
141	137	142	Owner	2026-07-12 17:42:23.805659+00	\N
140	136	141	Owner	2026-07-12 17:42:23.805659+00	\N
142	138	139	Owner	2026-07-12 17:42:25.735693+00	\N
143	139	144	Owner	2026-07-12 17:42:26.38969+00	\N
144	140	145	Owner	2026-07-12 17:42:26.805192+00	\N
146	142	147	Owner	2026-07-12 17:42:26.939553+00	\N
147	143	148	Owner	2026-07-12 17:42:27.052713+00	\N
148	144	149	Owner	2026-07-12 17:42:27.249472+00	\N
151	147	152	Owner	2026-07-12 17:42:31.232238+00	\N
145	141	146	Owner	2026-07-12 17:42:26.89601+00	\N
150	146	151	Owner	2026-07-12 17:42:29.501479+00	\N
149	145	150	Owner	2026-07-12 17:42:29.062264+00	\N
152	148	154	Owner	2026-07-12 18:09:24.092418+00	\N
153	149	153	Owner	2026-07-12 18:09:24.148271+00	\N
154	150	156	Owner	2026-07-12 18:09:24.176193+00	\N
155	151	158	Owner	2026-07-12 18:09:24.204307+00	\N
156	152	157	Owner	2026-07-12 18:09:24.209499+00	\N
157	153	155	Owner	2026-07-12 18:09:26.954655+00	\N
158	154	159	Owner	2026-07-12 18:09:27.923443+00	\N
159	155	160	Owner	2026-07-12 18:09:28.182337+00	\N
160	156	161	Owner	2026-07-12 18:09:28.36564+00	\N
161	157	162	Owner	2026-07-12 18:09:28.477994+00	\N
162	158	163	Owner	2026-07-12 18:09:29.005755+00	\N
163	159	164	Owner	2026-07-12 18:09:29.853905+00	\N
164	160	165	Owner	2026-07-12 18:09:31.978344+00	\N
165	161	166	Owner	2026-07-12 18:09:33.296424+00	\N
166	162	167	Owner	2026-07-12 18:09:35.986859+00	\N
167	163	168	Owner	2026-07-12 18:18:52.8745+00	\N
168	163	169	Member	2026-07-12 18:18:52.8745+00	\N
169	165	173	Owner	2026-07-12 18:19:29.844553+00	\N
170	166	171	Owner	2026-07-12 18:19:29.844553+00	\N
171	168	170	Owner	2026-07-12 18:19:29.844704+00	\N
172	167	174	Owner	2026-07-12 18:19:29.845736+00	\N
173	164	172	Owner	2026-07-12 18:19:29.843175+00	\N
174	169	175	Owner	2026-07-12 18:19:31.639065+00	\N
175	170	176	Owner	2026-07-12 18:19:33.028324+00	\N
176	171	177	Owner	2026-07-12 18:19:35.089366+00	\N
177	172	178	Owner	2026-07-12 18:19:35.182205+00	\N
178	173	179	Owner	2026-07-12 18:19:35.25003+00	\N
179	174	180	Owner	2026-07-12 18:19:35.291401+00	\N
180	175	181	Owner	2026-07-12 18:19:35.55744+00	\N
181	176	182	Owner	2026-07-12 18:19:39.572447+00	\N
182	177	183	Owner	2026-07-12 18:19:39.901818+00	\N
183	178	184	Owner	2026-07-12 18:19:43.087791+00	\N
184	179	185	Owner	2026-07-12 18:20:56.108668+00	\N
185	180	186	Owner	2026-07-12 18:20:58.127688+00	\N
186	181	187	Owner	2026-07-12 18:20:59.744217+00	\N
188	183	189	Owner	2026-07-12 18:22:03.070161+00	\N
189	184	190	Owner	2026-07-12 18:22:06.303384+00	\N
190	185	191	Owner	2026-07-12 18:22:06.502822+00	\N
191	186	192	Owner	2026-07-12 18:22:06.502864+00	\N
192	187	193	Owner	2026-07-12 18:22:06.526192+00	\N
193	188	194	Owner	2026-07-12 18:22:06.531666+00	\N
194	189	195	Owner	2026-07-12 18:22:09.789203+00	\N
195	190	196	Owner	2026-07-12 18:22:10.833685+00	\N
196	191	197	Owner	2026-07-12 18:22:10.887253+00	\N
197	192	198	Owner	2026-07-12 18:22:11.35648+00	\N
198	193	199	Owner	2026-07-12 18:22:11.430601+00	\N
199	194	200	Owner	2026-07-12 18:22:12.163972+00	\N
200	195	201	Owner	2026-07-12 18:22:12.324552+00	\N
201	196	202	Owner	2026-07-12 18:22:14.482577+00	\N
202	197	203	Owner	2026-07-12 18:22:15.627592+00	\N
203	198	204	Owner	2026-07-12 18:22:17.480334+00	\N
204	199	205	Owner	2026-07-12 18:22:20.513952+00	\N
205	200	206	Owner	2026-07-12 18:22:22.322286+00	\N
207	202	208	Owner	2026-07-13 14:53:29.590051+00	\N
208	1	208	Member	2026-07-13 14:53:40.490226+00	\N
209	203	209	Owner	2026-07-13 15:59:51.148002+00	\N
210	205	211	Owner	2026-07-13 15:59:58.268766+00	\N
211	204	210	Owner	2026-07-13 15:59:58.314043+00	\N
212	206	213	Owner	2026-07-13 15:59:58.378753+00	\N
213	207	214	Owner	2026-07-13 15:59:58.40777+00	\N
214	208	215	Owner	2026-07-13 15:59:58.416308+00	\N
215	209	212	Owner	2026-07-13 16:00:04.147799+00	\N
216	210	216	Owner	2026-07-13 16:00:05.844743+00	\N
217	211	217	Owner	2026-07-13 16:00:05.934427+00	\N
218	212	218	Owner	2026-07-13 16:00:06.083805+00	\N
219	213	219	Owner	2026-07-13 16:00:06.957097+00	\N
220	214	220	Owner	2026-07-13 16:00:07.422294+00	\N
221	215	221	Owner	2026-07-13 16:00:08.69195+00	\N
222	216	222	Owner	2026-07-13 16:00:11.366198+00	\N
223	217	223	Owner	2026-07-13 16:00:12.332915+00	\N
224	218	224	Owner	2026-07-13 16:00:17.249309+00	\N
225	219	225	Owner	2026-07-13 16:00:22.551446+00	\N
226	220	226	Owner	2026-07-13 16:00:25.098349+00	\N
228	222	228	Owner	2026-07-13 18:03:16.062586+00	\N
229	223	229	Owner	2026-07-13 18:03:17.881018+00	\N
230	224	230	Owner	2026-07-13 18:03:19.149123+00	\N
232	226	235	Owner	2026-07-13 18:03:41.054838+00	\N
233	227	233	Owner	2026-07-13 18:03:41.057092+00	\N
234	228	232	Owner	2026-07-13 18:03:41.063332+00	\N
235	229	236	Owner	2026-07-13 18:03:41.086639+00	\N
236	230	237	Owner	2026-07-13 18:03:41.114089+00	\N
237	231	234	Owner	2026-07-13 18:03:43.685716+00	\N
238	232	238	Owner	2026-07-13 18:03:44.446023+00	\N
239	233	239	Owner	2026-07-13 18:03:44.643144+00	\N
240	234	241	Owner	2026-07-13 18:03:44.692301+00	\N
241	235	240	Owner	2026-07-13 18:03:44.698771+00	\N
242	236	242	Owner	2026-07-13 18:03:44.795829+00	\N
243	237	243	Owner	2026-07-13 18:03:45.28058+00	\N
244	238	244	Owner	2026-07-13 18:03:47.64567+00	\N
245	239	245	Owner	2026-07-13 18:03:48.446751+00	\N
246	240	246	Owner	2026-07-13 18:03:50.691507+00	\N
247	241	247	Owner	2026-07-13 18:05:31.676214+00	\N
248	242	248	Owner	2026-07-13 21:15:26.599975+00	\N
249	243	249	Owner	2026-07-13 21:55:11.551741+00	\N
250	244	250	Owner	2026-07-13 21:58:18.219976+00	\N
251	245	251	Owner	2026-07-13 21:58:28.282304+00	\N
252	246	252	Owner	2026-07-13 21:58:28.440157+00	\N
253	247	254	Owner	2026-07-13 21:58:29.003293+00	\N
254	249	255	Owner	2026-07-13 21:58:29.00342+00	\N
255	248	253	Owner	2026-07-13 21:58:29.003293+00	\N
256	250	256	Owner	2026-07-13 21:58:39.37626+00	\N
257	251	257	Owner	2026-07-13 21:58:42.069357+00	\N
258	252	258	Owner	2026-07-13 21:58:43.296345+00	\N
259	253	259	Owner	2026-07-13 21:58:45.226649+00	\N
260	254	260	Owner	2026-07-13 21:58:45.377803+00	\N
261	255	261	Owner	2026-07-13 21:58:47.978499+00	\N
262	256	262	Owner	2026-07-13 21:58:48.888667+00	\N
263	257	263	Owner	2026-07-13 21:58:55.506681+00	\N
264	258	264	Owner	2026-07-13 21:58:57.06845+00	\N
265	259	265	Owner	2026-07-13 21:59:01.72097+00	\N
266	260	266	Owner	2026-07-13 21:59:07.471894+00	\N
267	261	267	Owner	2026-07-13 21:59:09.314053+00	\N
\.


--
-- Data for Name: workspaces; Type: TABLE DATA; Schema: public; Owner: -
--

COPY public.workspaces ("Id", "Name", "OwnerId", "CreatedAt") FROM stdin;
1	Verta	1	2026-07-01 13:36:34.774421+00
2	Playwright Workspace	6	2026-07-09 17:06:41.871931+00
3	Playwright Workspace	7	2026-07-09 17:06:42.540773+00
4	Playwright Workspace	8	2026-07-09 17:06:42.850343+00
5	Playwright Workspace	9	2026-07-09 17:06:43.071353+00
6	Playwright Workspace	10	2026-07-09 17:09:11.278203+00
7	Playwright Workspace	11	2026-07-09 17:09:13.138549+00
8	Playwright Workspace	12	2026-07-09 17:09:13.581185+00
9	Playwright Workspace	13	2026-07-09 17:09:14.122352+00
10	Playwright Workspace	15	2026-07-09 17:09:45.24013+00
11	Playwright Workspace	14	2026-07-09 17:09:45.240448+00
12	Playwright Workspace	16	2026-07-09 17:09:45.239769+00
13	Playwright Workspace	17	2026-07-09 17:09:45.241068+00
14	Playwright Workspace	20	2026-07-09 17:10:46.383473+00
16	Playwright Workspace	21	2026-07-09 17:10:46.383753+00
15	Playwright Workspace	19	2026-07-09 17:10:46.383509+00
17	Playwright Workspace	18	2026-07-09 17:10:46.383472+00
18	Playwright Workspace	22	2026-07-09 17:11:33.105328+00
19	Playwright Workspace	23	2026-07-09 17:11:35.310865+00
20	Playwright Workspace	24	2026-07-09 17:11:35.3206+00
21	Playwright Workspace	25	2026-07-09 17:11:35.351544+00
22	Playwright Workspace	26	2026-07-09 17:11:35.372906+00
23	Playwright Workspace	27	2026-07-09 17:11:38.779538+00
24	Playwright Workspace	28	2026-07-09 17:11:39.107235+00
25	Playwright Workspace	29	2026-07-09 17:11:39.440167+00
26	Demo Workspace	30	2026-07-09 17:23:08.662303+00
27	Playwright Workspace	31	2026-07-09 17:23:40.321486+00
28	Playwright Workspace	33	2026-07-09 17:23:42.244976+00
29	Playwright Workspace	32	2026-07-09 17:23:42.251111+00
30	Playwright Workspace	34	2026-07-09 17:23:42.25417+00
31	Playwright Workspace	35	2026-07-09 17:23:42.319071+00
32	Playwright Workspace	36	2026-07-09 17:23:45.129483+00
33	Playwright Workspace	37	2026-07-09 17:23:45.391009+00
34	Playwright Workspace	38	2026-07-09 17:23:45.664758+00
35	Playwright Workspace	39	2026-07-09 17:32:58.322666+00
36	Playwright Workspace	40	2026-07-09 17:33:00.521098+00
37	Playwright Workspace	41	2026-07-09 17:33:00.556519+00
38	Playwright Workspace	42	2026-07-09 17:33:00.58057+00
39	Playwright Workspace	43	2026-07-09 17:33:00.672055+00
40	Playwright Workspace	44	2026-07-09 17:33:03.752807+00
41	Playwright Workspace	45	2026-07-09 17:33:03.971052+00
42	Playwright Workspace	46	2026-07-09 17:33:04.271767+00
43	Playwright Workspace	47	2026-07-11 21:25:08.596048+00
44	Design Team	48	2026-07-11 21:25:20.341348+00
45	Playwright Workspace	49	2026-07-11 21:27:28.542077+00
46	Playwright Workspace	50	2026-07-11 21:27:33.157471+00
47	Playwright Workspace	51	2026-07-11 21:27:33.157459+00
48	Playwright Workspace	53	2026-07-11 21:27:33.2963+00
49	Design Team	52	2026-07-11 21:27:35.413316+00
50	Playwright Workspace	54	2026-07-11 21:27:40.792839+00
51	Playwright Workspace	55	2026-07-11 21:27:41.173074+00
106	Playwright Workspace	111	2026-07-12 17:35:53.789945+00
53	Playwright Workspace	57	2026-07-11 21:27:58.711045+00
54	Playwright Workspace	58	2026-07-11 21:28:02.025228+00
55	Playwright Workspace	59	2026-07-11 21:28:02.035288+00
56	Playwright Workspace	60	2026-07-11 21:28:02.05914+00
57	Design Team	61	2026-07-11 21:28:04.082447+00
58	Playwright Workspace	62	2026-07-11 21:28:09.52097+00
59	Playwright Workspace	63	2026-07-11 21:28:09.742582+00
107	Playwright Workspace	112	2026-07-12 17:35:55.900424+00
61	Playwright Workspace	65	2026-07-11 21:29:27.809395+00
62	Playwright Workspace	66	2026-07-11 21:29:30.723828+00
63	Playwright Workspace	67	2026-07-11 21:29:30.724157+00
64	Playwright Workspace	69	2026-07-11 21:29:30.84974+00
65	Design Team	68	2026-07-11 21:29:32.843891+00
66	Playwright Workspace	70	2026-07-11 21:29:33.958142+00
67	Playwright Workspace	71	2026-07-11 21:29:34.231338+00
108	Playwright Workspace	113	2026-07-12 17:35:55.978089+00
109	Playwright Workspace	114	2026-07-12 17:35:58.174517+00
70	Design Team	74	2026-07-11 21:30:16.24202+00
71	Playwright Workspace	75	2026-07-11 21:41:03.577765+00
72	Playwright Workspace	76	2026-07-11 21:41:06.410795+00
73	Playwright Workspace	79	2026-07-11 21:41:06.448586+00
74	Playwright Workspace	78	2026-07-11 21:41:06.44978+00
75	Design Team	77	2026-07-11 21:41:08.754117+00
76	Playwright Workspace	80	2026-07-11 21:41:10.16584+00
77	Playwright Workspace	81	2026-07-11 21:41:10.596755+00
110	Playwright Workspace	115	2026-07-12 17:37:00.004976+00
79	Playwright Workspace	84	2026-07-12 17:33:47.579484+00
80	Playwright Workspace	87	2026-07-12 17:34:05.178312+00
81	Playwright Workspace	86	2026-07-12 17:34:05.178312+00
82	Playwright Workspace	85	2026-07-12 17:34:05.179193+00
83	Playwright Workspace	88	2026-07-12 17:34:05.200316+00
84	Playwright Workspace	90	2026-07-12 17:34:05.255264+00
85	Design Team	89	2026-07-12 17:34:07.39156+00
86	Playwright Workspace	91	2026-07-12 17:34:08.12946+00
87	Playwright Workspace	92	2026-07-12 17:34:08.494057+00
88	Playwright Workspace	93	2026-07-12 17:34:08.760176+00
89	Playwright Workspace	94	2026-07-12 17:34:09.611255+00
90	Playwright Workspace	95	2026-07-12 17:34:11.030864+00
91	Playwright Workspace	96	2026-07-12 17:34:23.3689+00
92	Playwright Workspace	97	2026-07-12 17:34:25.808554+00
93	Playwright Workspace	98	2026-07-12 17:34:37.906185+00
94	Playwright Workspace	99	2026-07-12 17:34:42.668195+00
95	Playwright Workspace	100	2026-07-12 17:35:49.191234+00
96	Playwright Workspace	101	2026-07-12 17:35:49.815945+00
97	Playwright Workspace	102	2026-07-12 17:35:49.82345+00
98	Playwright Workspace	104	2026-07-12 17:35:49.854795+00
99	Playwright Workspace	105	2026-07-12 17:35:49.869119+00
100	Design Team	103	2026-07-12 17:35:52.002147+00
101	Playwright Workspace	106	2026-07-12 17:35:53.15014+00
102	Playwright Workspace	107	2026-07-12 17:35:53.201428+00
103	Playwright Workspace	108	2026-07-12 17:35:53.34067+00
104	Playwright Workspace	109	2026-07-12 17:35:53.385902+00
105	Playwright Workspace	110	2026-07-12 17:35:53.407378+00
111	Playwright Workspace	116	2026-07-12 17:37:00.029899+00
112	Playwright Workspace	117	2026-07-12 17:37:59.450364+00
113	Playwright Workspace	118	2026-07-12 17:37:59.450366+00
114	Playwright Workspace	122	2026-07-12 17:38:56.720422+00
115	Playwright Workspace	119	2026-07-12 17:38:56.720422+00
116	Playwright Workspace	121	2026-07-12 17:38:56.721354+00
117	Playwright Workspace	123	2026-07-12 17:38:56.72303+00
118	Playwright Workspace	124	2026-07-12 17:38:56.726573+00
119	Design Team	120	2026-07-12 17:38:59.142105+00
120	Playwright Workspace	126	2026-07-12 17:39:00.319521+00
121	Playwright Workspace	125	2026-07-12 17:39:00.321888+00
122	Playwright Workspace	127	2026-07-12 17:39:00.396408+00
123	Playwright Workspace	129	2026-07-12 17:39:00.733651+00
124	Playwright Workspace	128	2026-07-12 17:39:00.74398+00
125	Playwright Workspace	130	2026-07-12 17:39:01.372431+00
126	Playwright Workspace	131	2026-07-12 17:39:03.021089+00
127	Playwright Workspace	132	2026-07-12 17:39:03.61865+00
128	Playwright Workspace	133	2026-07-12 17:39:10.406771+00
129	Playwright Workspace	134	2026-07-12 17:39:56.72217+00
130	Playwright Workspace	135	2026-07-12 17:39:56.722755+00
131	Playwright Workspace	136	2026-07-12 17:41:08.667373+00
132	Playwright Workspace	137	2026-07-12 17:42:01.093271+00
133	Playwright Workspace	143	2026-07-12 17:42:23.794694+00
134	Playwright Workspace	138	2026-07-12 17:42:23.795713+00
135	Playwright Workspace	140	2026-07-12 17:42:23.797403+00
136	Playwright Workspace	141	2026-07-12 17:42:23.798868+00
137	Playwright Workspace	142	2026-07-12 17:42:23.800129+00
138	Design Team	139	2026-07-12 17:42:25.726848+00
139	Playwright Workspace	144	2026-07-12 17:42:26.374076+00
140	Playwright Workspace	145	2026-07-12 17:42:26.80086+00
141	Playwright Workspace	146	2026-07-12 17:42:26.88598+00
142	Playwright Workspace	147	2026-07-12 17:42:26.931992+00
143	Playwright Workspace	148	2026-07-12 17:42:27.045585+00
144	Playwright Workspace	149	2026-07-12 17:42:27.243345+00
145	Playwright Workspace	150	2026-07-12 17:42:29.057242+00
146	Playwright Workspace	151	2026-07-12 17:42:29.497134+00
147	Playwright Workspace	152	2026-07-12 17:42:31.227797+00
148	Playwright Workspace	154	2026-07-12 18:09:24.080973+00
149	Playwright Workspace	153	2026-07-12 18:09:24.12173+00
150	Playwright Workspace	156	2026-07-12 18:09:24.162134+00
151	Playwright Workspace	158	2026-07-12 18:09:24.18836+00
152	Playwright Workspace	157	2026-07-12 18:09:24.192305+00
153	Design Team	155	2026-07-12 18:09:26.917415+00
154	Playwright Workspace	159	2026-07-12 18:09:27.879233+00
155	Playwright Workspace	160	2026-07-12 18:09:28.174361+00
156	Playwright Workspace	161	2026-07-12 18:09:28.3339+00
157	Playwright Workspace	162	2026-07-12 18:09:28.469916+00
158	Playwright Workspace	163	2026-07-12 18:09:28.99612+00
159	Playwright Workspace	164	2026-07-12 18:09:29.842076+00
160	Playwright Workspace	165	2026-07-12 18:09:31.963671+00
161	Playwright Workspace	166	2026-07-12 18:09:33.290739+00
162	Playwright Workspace	167	2026-07-12 18:09:35.981672+00
163	Demo Workspace	168	2026-07-12 18:18:52.8745+00
164	Playwright Workspace	172	2026-07-12 18:19:29.833852+00
166	Playwright Workspace	171	2026-07-12 18:19:29.833613+00
165	Playwright Workspace	173	2026-07-12 18:19:29.833515+00
167	Playwright Workspace	174	2026-07-12 18:19:29.833719+00
168	Playwright Workspace	170	2026-07-12 18:19:29.833812+00
169	Design Team	175	2026-07-12 18:19:31.628094+00
170	Playwright Workspace	176	2026-07-12 18:19:32.968061+00
171	Playwright Workspace	177	2026-07-12 18:19:35.078351+00
172	Playwright Workspace	178	2026-07-12 18:19:35.169901+00
173	Playwright Workspace	179	2026-07-12 18:19:35.230837+00
174	Playwright Workspace	180	2026-07-12 18:19:35.284704+00
175	Playwright Workspace	181	2026-07-12 18:19:35.535108+00
176	Playwright Workspace	182	2026-07-12 18:19:39.563013+00
177	Playwright Workspace	183	2026-07-12 18:19:39.890765+00
178	Playwright Workspace	184	2026-07-12 18:19:43.081037+00
179	Playwright Workspace	185	2026-07-12 18:20:56.102035+00
180	Playwright Workspace	186	2026-07-12 18:20:58.120023+00
181	Playwright Workspace	187	2026-07-12 18:20:59.737804+00
233	Playwright Workspace	239	2026-07-13 18:03:44.635324+00
183	Playwright Workspace	189	2026-07-12 18:22:03.064912+00
184	Playwright Workspace	190	2026-07-12 18:22:06.297404+00
185	Playwright Workspace	191	2026-07-12 18:22:06.472108+00
186	Playwright Workspace	192	2026-07-12 18:22:06.476282+00
187	Playwright Workspace	193	2026-07-12 18:22:06.504945+00
188	Playwright Workspace	194	2026-07-12 18:22:06.514037+00
189	Design Team	195	2026-07-12 18:22:09.737634+00
190	Playwright Workspace	196	2026-07-12 18:22:10.816456+00
191	Playwright Workspace	197	2026-07-12 18:22:10.86848+00
192	Playwright Workspace	198	2026-07-12 18:22:11.292626+00
193	Playwright Workspace	199	2026-07-12 18:22:11.412422+00
194	Playwright Workspace	200	2026-07-12 18:22:12.158566+00
195	Playwright Workspace	201	2026-07-12 18:22:12.315327+00
196	Playwright Workspace	202	2026-07-12 18:22:14.476916+00
197	Playwright Workspace	203	2026-07-12 18:22:15.621727+00
198	Playwright Workspace	204	2026-07-12 18:22:17.472577+00
199	Playwright Workspace	205	2026-07-12 18:22:20.508268+00
200	Playwright Workspace	206	2026-07-12 18:22:22.317038+00
234	Playwright Workspace	241	2026-07-13 18:03:44.681547+00
202	Aquatic	208	2026-07-13 14:53:29.544163+00
203	Playwright Workspace	209	2026-07-13 15:59:51.109256+00
204	Playwright Workspace	210	2026-07-13 15:59:58.216314+00
205	Playwright Workspace	211	2026-07-13 15:59:58.225943+00
206	Playwright Workspace	213	2026-07-13 15:59:58.356884+00
207	Playwright Workspace	214	2026-07-13 15:59:58.387698+00
208	Playwright Workspace	215	2026-07-13 15:59:58.399225+00
209	Design Team	212	2026-07-13 16:00:04.140663+00
210	Playwright Workspace	216	2026-07-13 16:00:05.76358+00
211	Playwright Workspace	217	2026-07-13 16:00:05.893081+00
212	Playwright Workspace	218	2026-07-13 16:00:06.011491+00
213	Playwright Workspace	219	2026-07-13 16:00:06.876275+00
214	Playwright Workspace	220	2026-07-13 16:00:07.366381+00
215	Playwright Workspace	221	2026-07-13 16:00:08.651448+00
216	Playwright Workspace	222	2026-07-13 16:00:11.358158+00
217	Playwright Workspace	223	2026-07-13 16:00:12.318479+00
218	Playwright Workspace	224	2026-07-13 16:00:17.241781+00
219	Playwright Workspace	225	2026-07-13 16:00:22.535252+00
220	Playwright Workspace	226	2026-07-13 16:00:25.090269+00
235	Playwright Workspace	240	2026-07-13 18:03:44.681572+00
222	Playwright Workspace	228	2026-07-13 18:03:16.048818+00
223	Playwright Workspace	229	2026-07-13 18:03:17.875109+00
224	Playwright Workspace	230	2026-07-13 18:03:19.13261+00
236	Playwright Workspace	242	2026-07-13 18:03:44.788653+00
226	Playwright Workspace	235	2026-07-13 18:03:41.047834+00
227	Playwright Workspace	233	2026-07-13 18:03:41.047834+00
228	Playwright Workspace	232	2026-07-13 18:03:41.054725+00
229	Playwright Workspace	236	2026-07-13 18:03:41.077458+00
230	Playwright Workspace	237	2026-07-13 18:03:41.107623+00
231	Design Team	234	2026-07-13 18:03:43.679286+00
232	Playwright Workspace	238	2026-07-13 18:03:44.439522+00
237	Playwright Workspace	243	2026-07-13 18:03:45.273+00
238	Playwright Workspace	244	2026-07-13 18:03:47.639108+00
239	Playwright Workspace	245	2026-07-13 18:03:48.438919+00
240	Playwright Workspace	246	2026-07-13 18:03:50.684914+00
241	Playwright Workspace	247	2026-07-13 18:05:31.669418+00
242	Test Workspace	248	2026-07-13 21:15:26.586789+00
243	Playwright Workspace	249	2026-07-13 21:55:11.53309+00
244	Playwright Workspace	250	2026-07-13 21:58:18.205472+00
245	Playwright Workspace	251	2026-07-13 21:58:28.167091+00
246	Playwright Workspace	252	2026-07-13 21:58:28.198063+00
247	Playwright Workspace	254	2026-07-13 21:58:28.734459+00
248	Playwright Workspace	253	2026-07-13 21:58:28.735999+00
249	Playwright Workspace	255	2026-07-13 21:58:28.814974+00
250	Design Team	256	2026-07-13 21:58:39.244691+00
251	Playwright Workspace	257	2026-07-13 21:58:42.018904+00
252	Playwright Workspace	258	2026-07-13 21:58:43.214045+00
253	Playwright Workspace	259	2026-07-13 21:58:45.12615+00
254	Playwright Workspace	260	2026-07-13 21:58:45.32786+00
255	Playwright Workspace	261	2026-07-13 21:58:47.851947+00
258	Playwright Workspace	264	2026-07-13 21:58:57.062634+00
259	Playwright Workspace	265	2026-07-13 21:59:01.713247+00
260	Playwright Workspace	266	2026-07-13 21:59:07.464733+00
256	Playwright Workspace	262	2026-07-13 21:58:48.383197+00
261	Playwright Workspace	267	2026-07-13 21:59:09.307179+00
257	Playwright Workspace	263	2026-07-13 21:58:55.457491+00
\.


--
-- Name: DomainEventLogs_Id_seq; Type: SEQUENCE SET; Schema: public; Owner: -
--

SELECT pg_catalog.setval('public."DomainEventLogs_Id_seq"', 1265, true);


--
-- Name: Workspace_Id_seq; Type: SEQUENCE SET; Schema: public; Owner: -
--

SELECT pg_catalog.setval('public."Workspace_Id_seq"', 262, true);


--
-- Name: board_lock_queue_Id_seq; Type: SEQUENCE SET; Schema: public; Owner: -
--

SELECT pg_catalog.setval('public."board_lock_queue_Id_seq"', 1, false);


--
-- Name: board_locks_Id_seq; Type: SEQUENCE SET; Schema: public; Owner: -
--

SELECT pg_catalog.setval('public."board_locks_Id_seq"', 1, false);


--
-- Name: board_members_Id_seq; Type: SEQUENCE SET; Schema: public; Owner: -
--

SELECT pg_catalog.setval('public."board_members_Id_seq"', 263, true);


--
-- Name: boards_Id_seq; Type: SEQUENCE SET; Schema: public; Owner: -
--

SELECT pg_catalog.setval('public."boards_Id_seq"', 253, true);


--
-- Name: comments_Id_seq; Type: SEQUENCE SET; Schema: public; Owner: -
--

SELECT pg_catalog.setval('public."comments_Id_seq"', 68, true);


--
-- Name: conversation_participants_Id_seq; Type: SEQUENCE SET; Schema: public; Owner: -
--

SELECT pg_catalog.setval('public."conversation_participants_Id_seq"', 17, true);


--
-- Name: conversations_Id_seq; Type: SEQUENCE SET; Schema: public; Owner: -
--

SELECT pg_catalog.setval('public."conversations_Id_seq"', 21, true);


--
-- Name: invitations_Id_seq; Type: SEQUENCE SET; Schema: public; Owner: -
--

SELECT pg_catalog.setval('public."invitations_Id_seq"', 3, true);


--
-- Name: messages_Id_seq; Type: SEQUENCE SET; Schema: public; Owner: -
--

SELECT pg_catalog.setval('public."messages_Id_seq"', 22, true);


--
-- Name: sprints_Id_seq; Type: SEQUENCE SET; Schema: public; Owner: -
--

SELECT pg_catalog.setval('public."sprints_Id_seq"', 47, true);


--
-- Name: sub_work_items_Id_seq; Type: SEQUENCE SET; Schema: public; Owner: -
--

SELECT pg_catalog.setval('public."sub_work_items_Id_seq"', 33, true);


--
-- Name: users_Id_seq; Type: SEQUENCE SET; Schema: public; Owner: -
--

SELECT pg_catalog.setval('public."users_Id_seq"', 268, true);


--
-- Name: work_item_files_Id_seq; Type: SEQUENCE SET; Schema: public; Owner: -
--

SELECT pg_catalog.setval('public."work_item_files_Id_seq"', 6, true);


--
-- Name: work_item_lock_interests_Id_seq; Type: SEQUENCE SET; Schema: public; Owner: -
--

SELECT pg_catalog.setval('public."work_item_lock_interests_Id_seq"', 11, true);


--
-- Name: work_item_locks_Id_seq; Type: SEQUENCE SET; Schema: public; Owner: -
--

SELECT pg_catalog.setval('public."work_item_locks_Id_seq"', 177, true);


--
-- Name: work_items_Id_seq; Type: SEQUENCE SET; Schema: public; Owner: -
--

SELECT pg_catalog.setval('public."work_items_Id_seq"', 173, true);


--
-- Name: workspace_members_Id_seq; Type: SEQUENCE SET; Schema: public; Owner: -
--

SELECT pg_catalog.setval('public."workspace_members_Id_seq"', 268, true);


--
-- Name: __EFMigrationsHistory PK___EFMigrationsHistory; Type: CONSTRAINT; Schema: public; Owner: -
--

ALTER TABLE ONLY public."__EFMigrationsHistory"
    ADD CONSTRAINT "PK___EFMigrationsHistory" PRIMARY KEY ("MigrationId");


--
-- Name: board_lock_queue PK_board_lock_queue; Type: CONSTRAINT; Schema: public; Owner: -
--

ALTER TABLE ONLY public.board_lock_queue
    ADD CONSTRAINT "PK_board_lock_queue" PRIMARY KEY ("Id");


--
-- Name: board_locks PK_board_locks; Type: CONSTRAINT; Schema: public; Owner: -
--

ALTER TABLE ONLY public.board_locks
    ADD CONSTRAINT "PK_board_locks" PRIMARY KEY ("Id");


--
-- Name: board_members PK_board_members; Type: CONSTRAINT; Schema: public; Owner: -
--

ALTER TABLE ONLY public.board_members
    ADD CONSTRAINT "PK_board_members" PRIMARY KEY ("Id");


--
-- Name: boards PK_boards; Type: CONSTRAINT; Schema: public; Owner: -
--

ALTER TABLE ONLY public.boards
    ADD CONSTRAINT "PK_boards" PRIMARY KEY ("Id");


--
-- Name: comments PK_comments; Type: CONSTRAINT; Schema: public; Owner: -
--

ALTER TABLE ONLY public.comments
    ADD CONSTRAINT "PK_comments" PRIMARY KEY ("Id");


--
-- Name: conversation_participants PK_conversation_participants; Type: CONSTRAINT; Schema: public; Owner: -
--

ALTER TABLE ONLY public.conversation_participants
    ADD CONSTRAINT "PK_conversation_participants" PRIMARY KEY ("Id");


--
-- Name: conversations PK_conversations; Type: CONSTRAINT; Schema: public; Owner: -
--

ALTER TABLE ONLY public.conversations
    ADD CONSTRAINT "PK_conversations" PRIMARY KEY ("Id");


--
-- Name: domain_event_logs PK_domain_event_logs; Type: CONSTRAINT; Schema: public; Owner: -
--

ALTER TABLE ONLY public.domain_event_logs
    ADD CONSTRAINT "PK_domain_event_logs" PRIMARY KEY ("Id");


--
-- Name: invitations PK_invitations; Type: CONSTRAINT; Schema: public; Owner: -
--

ALTER TABLE ONLY public.invitations
    ADD CONSTRAINT "PK_invitations" PRIMARY KEY ("Id");


--
-- Name: messages PK_messages; Type: CONSTRAINT; Schema: public; Owner: -
--

ALTER TABLE ONLY public.messages
    ADD CONSTRAINT "PK_messages" PRIMARY KEY ("Id");


--
-- Name: sprints PK_sprints; Type: CONSTRAINT; Schema: public; Owner: -
--

ALTER TABLE ONLY public.sprints
    ADD CONSTRAINT "PK_sprints" PRIMARY KEY ("Id");


--
-- Name: sub_work_items PK_sub_work_items; Type: CONSTRAINT; Schema: public; Owner: -
--

ALTER TABLE ONLY public.sub_work_items
    ADD CONSTRAINT "PK_sub_work_items" PRIMARY KEY ("Id");


--
-- Name: users PK_users; Type: CONSTRAINT; Schema: public; Owner: -
--

ALTER TABLE ONLY public.users
    ADD CONSTRAINT "PK_users" PRIMARY KEY ("Id");


--
-- Name: work_item_files PK_work_item_files; Type: CONSTRAINT; Schema: public; Owner: -
--

ALTER TABLE ONLY public.work_item_files
    ADD CONSTRAINT "PK_work_item_files" PRIMARY KEY ("Id");


--
-- Name: work_item_lock_interests PK_work_item_lock_interests; Type: CONSTRAINT; Schema: public; Owner: -
--

ALTER TABLE ONLY public.work_item_lock_interests
    ADD CONSTRAINT "PK_work_item_lock_interests" PRIMARY KEY ("Id");


--
-- Name: work_item_locks PK_work_item_locks; Type: CONSTRAINT; Schema: public; Owner: -
--

ALTER TABLE ONLY public.work_item_locks
    ADD CONSTRAINT "PK_work_item_locks" PRIMARY KEY ("Id");


--
-- Name: work_items PK_work_items; Type: CONSTRAINT; Schema: public; Owner: -
--

ALTER TABLE ONLY public.work_items
    ADD CONSTRAINT "PK_work_items" PRIMARY KEY ("Id");


--
-- Name: workspace_members PK_workspace_members; Type: CONSTRAINT; Schema: public; Owner: -
--

ALTER TABLE ONLY public.workspace_members
    ADD CONSTRAINT "PK_workspace_members" PRIMARY KEY ("Id");


--
-- Name: workspaces PK_workspaces; Type: CONSTRAINT; Schema: public; Owner: -
--

ALTER TABLE ONLY public.workspaces
    ADD CONSTRAINT "PK_workspaces" PRIMARY KEY ("Id");


--
-- Name: IX_board_lock_queue_BoardId_JoinedAt; Type: INDEX; Schema: public; Owner: -
--

CREATE INDEX "IX_board_lock_queue_BoardId_JoinedAt" ON public.board_lock_queue USING btree ("BoardId", "JoinedAt");


--
-- Name: IX_board_lock_queue_BoardId_UserId; Type: INDEX; Schema: public; Owner: -
--

CREATE UNIQUE INDEX "IX_board_lock_queue_BoardId_UserId" ON public.board_lock_queue USING btree ("BoardId", "UserId");


--
-- Name: IX_board_lock_queue_UserId; Type: INDEX; Schema: public; Owner: -
--

CREATE INDEX "IX_board_lock_queue_UserId" ON public.board_lock_queue USING btree ("UserId");


--
-- Name: IX_board_locks_BoardId; Type: INDEX; Schema: public; Owner: -
--

CREATE UNIQUE INDEX "IX_board_locks_BoardId" ON public.board_locks USING btree ("BoardId");


--
-- Name: IX_board_locks_LockedByUserId; Type: INDEX; Schema: public; Owner: -
--

CREATE INDEX "IX_board_locks_LockedByUserId" ON public.board_locks USING btree ("LockedByUserId");


--
-- Name: IX_board_members_BoardId_UserId; Type: INDEX; Schema: public; Owner: -
--

CREATE UNIQUE INDEX "IX_board_members_BoardId_UserId" ON public.board_members USING btree ("BoardId", "UserId");


--
-- Name: IX_board_members_UserId; Type: INDEX; Schema: public; Owner: -
--

CREATE INDEX "IX_board_members_UserId" ON public.board_members USING btree ("UserId");


--
-- Name: IX_boards_OwnerId; Type: INDEX; Schema: public; Owner: -
--

CREATE INDEX "IX_boards_OwnerId" ON public.boards USING btree ("OwnerId");


--
-- Name: IX_boards_WorkspaceId; Type: INDEX; Schema: public; Owner: -
--

CREATE INDEX "IX_boards_WorkspaceId" ON public.boards USING btree ("WorkspaceId");


--
-- Name: IX_comments_SubWorkItemId; Type: INDEX; Schema: public; Owner: -
--

CREATE INDEX "IX_comments_SubWorkItemId" ON public.comments USING btree ("SubWorkItemId");


--
-- Name: IX_comments_UserId; Type: INDEX; Schema: public; Owner: -
--

CREATE INDEX "IX_comments_UserId" ON public.comments USING btree ("UserId");


--
-- Name: IX_comments_WorkItemId; Type: INDEX; Schema: public; Owner: -
--

CREATE INDEX "IX_comments_WorkItemId" ON public.comments USING btree ("WorkItemId");


--
-- Name: IX_conversation_participants_ConversationId; Type: INDEX; Schema: public; Owner: -
--

CREATE INDEX "IX_conversation_participants_ConversationId" ON public.conversation_participants USING btree ("ConversationId");


--
-- Name: IX_conversation_participants_UserId; Type: INDEX; Schema: public; Owner: -
--

CREATE INDEX "IX_conversation_participants_UserId" ON public.conversation_participants USING btree ("UserId");


--
-- Name: IX_conversations_CreatedByUserId; Type: INDEX; Schema: public; Owner: -
--

CREATE INDEX "IX_conversations_CreatedByUserId" ON public.conversations USING btree ("CreatedByUserId");


--
-- Name: IX_domain_event_logs_EventName; Type: INDEX; Schema: public; Owner: -
--

CREATE INDEX "IX_domain_event_logs_EventName" ON public.domain_event_logs USING btree ("EventName");


--
-- Name: IX_domain_event_logs_ReceivedAt; Type: INDEX; Schema: public; Owner: -
--

CREATE INDEX "IX_domain_event_logs_ReceivedAt" ON public.domain_event_logs USING btree ("ReceivedAt");


--
-- Name: IX_invitations_UserId; Type: INDEX; Schema: public; Owner: -
--

CREATE INDEX "IX_invitations_UserId" ON public.invitations USING btree ("UserId");


--
-- Name: IX_invitations_WorkspaceId; Type: INDEX; Schema: public; Owner: -
--

CREATE INDEX "IX_invitations_WorkspaceId" ON public.invitations USING btree ("WorkspaceId");


--
-- Name: IX_messages_ConversationId; Type: INDEX; Schema: public; Owner: -
--

CREATE INDEX "IX_messages_ConversationId" ON public.messages USING btree ("ConversationId");


--
-- Name: IX_messages_SenderId; Type: INDEX; Schema: public; Owner: -
--

CREATE INDEX "IX_messages_SenderId" ON public.messages USING btree ("SenderId");


--
-- Name: IX_sprints_BoardId; Type: INDEX; Schema: public; Owner: -
--

CREATE INDEX "IX_sprints_BoardId" ON public.sprints USING btree ("BoardId");


--
-- Name: IX_sub_work_items_AssignedUserId; Type: INDEX; Schema: public; Owner: -
--

CREATE INDEX "IX_sub_work_items_AssignedUserId" ON public.sub_work_items USING btree ("AssignedUserId");


--
-- Name: IX_sub_work_items_UserId; Type: INDEX; Schema: public; Owner: -
--

CREATE INDEX "IX_sub_work_items_UserId" ON public.sub_work_items USING btree ("UserId");


--
-- Name: IX_sub_work_items_WorkItemId; Type: INDEX; Schema: public; Owner: -
--

CREATE INDEX "IX_sub_work_items_WorkItemId" ON public.sub_work_items USING btree ("WorkItemId");


--
-- Name: IX_users_Email; Type: INDEX; Schema: public; Owner: -
--

CREATE UNIQUE INDEX "IX_users_Email" ON public.users USING btree ("Email");


--
-- Name: IX_work_item_files_SubWorkItemId; Type: INDEX; Schema: public; Owner: -
--

CREATE INDEX "IX_work_item_files_SubWorkItemId" ON public.work_item_files USING btree ("SubWorkItemId");


--
-- Name: IX_work_item_files_WorkItemId; Type: INDEX; Schema: public; Owner: -
--

CREATE INDEX "IX_work_item_files_WorkItemId" ON public.work_item_files USING btree ("WorkItemId");


--
-- Name: IX_work_item_lock_interests_UserId; Type: INDEX; Schema: public; Owner: -
--

CREATE INDEX "IX_work_item_lock_interests_UserId" ON public.work_item_lock_interests USING btree ("UserId");


--
-- Name: IX_work_item_lock_interests_WorkItemId_UserId; Type: INDEX; Schema: public; Owner: -
--

CREATE UNIQUE INDEX "IX_work_item_lock_interests_WorkItemId_UserId" ON public.work_item_lock_interests USING btree ("WorkItemId", "UserId");


--
-- Name: IX_work_item_locks_LockedByUserId; Type: INDEX; Schema: public; Owner: -
--

CREATE INDEX "IX_work_item_locks_LockedByUserId" ON public.work_item_locks USING btree ("LockedByUserId");


--
-- Name: IX_work_item_locks_WorkItemId; Type: INDEX; Schema: public; Owner: -
--

CREATE UNIQUE INDEX "IX_work_item_locks_WorkItemId" ON public.work_item_locks USING btree ("WorkItemId");


--
-- Name: IX_work_items_AssignedUserId; Type: INDEX; Schema: public; Owner: -
--

CREATE INDEX "IX_work_items_AssignedUserId" ON public.work_items USING btree ("AssignedUserId");


--
-- Name: IX_work_items_BoardId; Type: INDEX; Schema: public; Owner: -
--

CREATE INDEX "IX_work_items_BoardId" ON public.work_items USING btree ("BoardId");


--
-- Name: IX_work_items_CreatedByUserId; Type: INDEX; Schema: public; Owner: -
--

CREATE INDEX "IX_work_items_CreatedByUserId" ON public.work_items USING btree ("CreatedByUserId");


--
-- Name: IX_work_items_SprintId; Type: INDEX; Schema: public; Owner: -
--

CREATE INDEX "IX_work_items_SprintId" ON public.work_items USING btree ("SprintId");


--
-- Name: IX_workspace_members_UserId; Type: INDEX; Schema: public; Owner: -
--

CREATE INDEX "IX_workspace_members_UserId" ON public.workspace_members USING btree ("UserId");


--
-- Name: IX_workspace_members_WorkspaceId_UserId; Type: INDEX; Schema: public; Owner: -
--

CREATE UNIQUE INDEX "IX_workspace_members_WorkspaceId_UserId" ON public.workspace_members USING btree ("WorkspaceId", "UserId");


--
-- Name: IX_workspaces_OwnerId; Type: INDEX; Schema: public; Owner: -
--

CREATE UNIQUE INDEX "IX_workspaces_OwnerId" ON public.workspaces USING btree ("OwnerId");


--
-- Name: board_lock_queue FK_board_lock_queue_boards_BoardId; Type: FK CONSTRAINT; Schema: public; Owner: -
--

ALTER TABLE ONLY public.board_lock_queue
    ADD CONSTRAINT "FK_board_lock_queue_boards_BoardId" FOREIGN KEY ("BoardId") REFERENCES public.boards("Id") ON DELETE CASCADE;


--
-- Name: board_lock_queue FK_board_lock_queue_users_UserId; Type: FK CONSTRAINT; Schema: public; Owner: -
--

ALTER TABLE ONLY public.board_lock_queue
    ADD CONSTRAINT "FK_board_lock_queue_users_UserId" FOREIGN KEY ("UserId") REFERENCES public.users("Id") ON DELETE CASCADE;


--
-- Name: board_locks FK_board_locks_boards_BoardId; Type: FK CONSTRAINT; Schema: public; Owner: -
--

ALTER TABLE ONLY public.board_locks
    ADD CONSTRAINT "FK_board_locks_boards_BoardId" FOREIGN KEY ("BoardId") REFERENCES public.boards("Id") ON DELETE CASCADE;


--
-- Name: board_locks FK_board_locks_users_LockedByUserId; Type: FK CONSTRAINT; Schema: public; Owner: -
--

ALTER TABLE ONLY public.board_locks
    ADD CONSTRAINT "FK_board_locks_users_LockedByUserId" FOREIGN KEY ("LockedByUserId") REFERENCES public.users("Id") ON DELETE RESTRICT;


--
-- Name: board_members FK_board_members_boards_BoardId; Type: FK CONSTRAINT; Schema: public; Owner: -
--

ALTER TABLE ONLY public.board_members
    ADD CONSTRAINT "FK_board_members_boards_BoardId" FOREIGN KEY ("BoardId") REFERENCES public.boards("Id") ON DELETE CASCADE;


--
-- Name: board_members FK_board_members_users_UserId; Type: FK CONSTRAINT; Schema: public; Owner: -
--

ALTER TABLE ONLY public.board_members
    ADD CONSTRAINT "FK_board_members_users_UserId" FOREIGN KEY ("UserId") REFERENCES public.users("Id") ON DELETE CASCADE;


--
-- Name: boards FK_boards_users_OwnerId; Type: FK CONSTRAINT; Schema: public; Owner: -
--

ALTER TABLE ONLY public.boards
    ADD CONSTRAINT "FK_boards_users_OwnerId" FOREIGN KEY ("OwnerId") REFERENCES public.users("Id") ON DELETE RESTRICT;


--
-- Name: boards FK_boards_workspaces_WorkspaceId; Type: FK CONSTRAINT; Schema: public; Owner: -
--

ALTER TABLE ONLY public.boards
    ADD CONSTRAINT "FK_boards_workspaces_WorkspaceId" FOREIGN KEY ("WorkspaceId") REFERENCES public.workspaces("Id") ON DELETE CASCADE;


--
-- Name: comments FK_comments_sub_work_items_SubWorkItemId; Type: FK CONSTRAINT; Schema: public; Owner: -
--

ALTER TABLE ONLY public.comments
    ADD CONSTRAINT "FK_comments_sub_work_items_SubWorkItemId" FOREIGN KEY ("SubWorkItemId") REFERENCES public.sub_work_items("Id") ON DELETE CASCADE;


--
-- Name: comments FK_comments_users_UserId; Type: FK CONSTRAINT; Schema: public; Owner: -
--

ALTER TABLE ONLY public.comments
    ADD CONSTRAINT "FK_comments_users_UserId" FOREIGN KEY ("UserId") REFERENCES public.users("Id") ON DELETE RESTRICT;


--
-- Name: comments FK_comments_work_items_WorkItemId; Type: FK CONSTRAINT; Schema: public; Owner: -
--

ALTER TABLE ONLY public.comments
    ADD CONSTRAINT "FK_comments_work_items_WorkItemId" FOREIGN KEY ("WorkItemId") REFERENCES public.work_items("Id") ON DELETE CASCADE;


--
-- Name: conversation_participants FK_conversation_participants_conversations_ConversationId; Type: FK CONSTRAINT; Schema: public; Owner: -
--

ALTER TABLE ONLY public.conversation_participants
    ADD CONSTRAINT "FK_conversation_participants_conversations_ConversationId" FOREIGN KEY ("ConversationId") REFERENCES public.conversations("Id") ON DELETE CASCADE;


--
-- Name: conversation_participants FK_conversation_participants_users_UserId; Type: FK CONSTRAINT; Schema: public; Owner: -
--

ALTER TABLE ONLY public.conversation_participants
    ADD CONSTRAINT "FK_conversation_participants_users_UserId" FOREIGN KEY ("UserId") REFERENCES public.users("Id") ON DELETE CASCADE;


--
-- Name: conversations FK_conversations_users_CreatedByUserId; Type: FK CONSTRAINT; Schema: public; Owner: -
--

ALTER TABLE ONLY public.conversations
    ADD CONSTRAINT "FK_conversations_users_CreatedByUserId" FOREIGN KEY ("CreatedByUserId") REFERENCES public.users("Id") ON DELETE RESTRICT;


--
-- Name: invitations FK_invitations_users_UserId; Type: FK CONSTRAINT; Schema: public; Owner: -
--

ALTER TABLE ONLY public.invitations
    ADD CONSTRAINT "FK_invitations_users_UserId" FOREIGN KEY ("UserId") REFERENCES public.users("Id") ON DELETE CASCADE;


--
-- Name: invitations FK_invitations_workspaces_WorkspaceId; Type: FK CONSTRAINT; Schema: public; Owner: -
--

ALTER TABLE ONLY public.invitations
    ADD CONSTRAINT "FK_invitations_workspaces_WorkspaceId" FOREIGN KEY ("WorkspaceId") REFERENCES public.workspaces("Id") ON DELETE CASCADE;


--
-- Name: messages FK_messages_conversations_ConversationId; Type: FK CONSTRAINT; Schema: public; Owner: -
--

ALTER TABLE ONLY public.messages
    ADD CONSTRAINT "FK_messages_conversations_ConversationId" FOREIGN KEY ("ConversationId") REFERENCES public.conversations("Id") ON DELETE CASCADE;


--
-- Name: messages FK_messages_users_SenderId; Type: FK CONSTRAINT; Schema: public; Owner: -
--

ALTER TABLE ONLY public.messages
    ADD CONSTRAINT "FK_messages_users_SenderId" FOREIGN KEY ("SenderId") REFERENCES public.users("Id") ON DELETE CASCADE;


--
-- Name: sprints FK_sprints_boards_BoardId; Type: FK CONSTRAINT; Schema: public; Owner: -
--

ALTER TABLE ONLY public.sprints
    ADD CONSTRAINT "FK_sprints_boards_BoardId" FOREIGN KEY ("BoardId") REFERENCES public.boards("Id") ON DELETE CASCADE;


--
-- Name: sub_work_items FK_sub_work_items_users_AssignedUserId; Type: FK CONSTRAINT; Schema: public; Owner: -
--

ALTER TABLE ONLY public.sub_work_items
    ADD CONSTRAINT "FK_sub_work_items_users_AssignedUserId" FOREIGN KEY ("AssignedUserId") REFERENCES public.users("Id") ON DELETE SET NULL;


--
-- Name: sub_work_items FK_sub_work_items_users_UserId; Type: FK CONSTRAINT; Schema: public; Owner: -
--

ALTER TABLE ONLY public.sub_work_items
    ADD CONSTRAINT "FK_sub_work_items_users_UserId" FOREIGN KEY ("UserId") REFERENCES public.users("Id") ON DELETE RESTRICT;


--
-- Name: sub_work_items FK_sub_work_items_work_items_WorkItemId; Type: FK CONSTRAINT; Schema: public; Owner: -
--

ALTER TABLE ONLY public.sub_work_items
    ADD CONSTRAINT "FK_sub_work_items_work_items_WorkItemId" FOREIGN KEY ("WorkItemId") REFERENCES public.work_items("Id") ON DELETE CASCADE;


--
-- Name: work_item_files FK_work_item_files_sub_work_items_SubWorkItemId; Type: FK CONSTRAINT; Schema: public; Owner: -
--

ALTER TABLE ONLY public.work_item_files
    ADD CONSTRAINT "FK_work_item_files_sub_work_items_SubWorkItemId" FOREIGN KEY ("SubWorkItemId") REFERENCES public.sub_work_items("Id") ON DELETE CASCADE;


--
-- Name: work_item_files FK_work_item_files_work_items_WorkItemId; Type: FK CONSTRAINT; Schema: public; Owner: -
--

ALTER TABLE ONLY public.work_item_files
    ADD CONSTRAINT "FK_work_item_files_work_items_WorkItemId" FOREIGN KEY ("WorkItemId") REFERENCES public.work_items("Id") ON DELETE CASCADE;


--
-- Name: work_item_lock_interests FK_work_item_lock_interests_users_UserId; Type: FK CONSTRAINT; Schema: public; Owner: -
--

ALTER TABLE ONLY public.work_item_lock_interests
    ADD CONSTRAINT "FK_work_item_lock_interests_users_UserId" FOREIGN KEY ("UserId") REFERENCES public.users("Id") ON DELETE CASCADE;


--
-- Name: work_item_lock_interests FK_work_item_lock_interests_work_items_WorkItemId; Type: FK CONSTRAINT; Schema: public; Owner: -
--

ALTER TABLE ONLY public.work_item_lock_interests
    ADD CONSTRAINT "FK_work_item_lock_interests_work_items_WorkItemId" FOREIGN KEY ("WorkItemId") REFERENCES public.work_items("Id") ON DELETE CASCADE;


--
-- Name: work_item_locks FK_work_item_locks_users_LockedByUserId; Type: FK CONSTRAINT; Schema: public; Owner: -
--

ALTER TABLE ONLY public.work_item_locks
    ADD CONSTRAINT "FK_work_item_locks_users_LockedByUserId" FOREIGN KEY ("LockedByUserId") REFERENCES public.users("Id") ON DELETE RESTRICT;


--
-- Name: work_item_locks FK_work_item_locks_work_items_WorkItemId; Type: FK CONSTRAINT; Schema: public; Owner: -
--

ALTER TABLE ONLY public.work_item_locks
    ADD CONSTRAINT "FK_work_item_locks_work_items_WorkItemId" FOREIGN KEY ("WorkItemId") REFERENCES public.work_items("Id") ON DELETE CASCADE;


--
-- Name: work_items FK_work_items_boards_BoardId; Type: FK CONSTRAINT; Schema: public; Owner: -
--

ALTER TABLE ONLY public.work_items
    ADD CONSTRAINT "FK_work_items_boards_BoardId" FOREIGN KEY ("BoardId") REFERENCES public.boards("Id") ON DELETE CASCADE;


--
-- Name: work_items FK_work_items_sprints_SprintId; Type: FK CONSTRAINT; Schema: public; Owner: -
--

ALTER TABLE ONLY public.work_items
    ADD CONSTRAINT "FK_work_items_sprints_SprintId" FOREIGN KEY ("SprintId") REFERENCES public.sprints("Id") ON DELETE SET NULL;


--
-- Name: work_items FK_work_items_users_AssignedUserId; Type: FK CONSTRAINT; Schema: public; Owner: -
--

ALTER TABLE ONLY public.work_items
    ADD CONSTRAINT "FK_work_items_users_AssignedUserId" FOREIGN KEY ("AssignedUserId") REFERENCES public.users("Id") ON DELETE SET NULL;


--
-- Name: work_items FK_work_items_users_CreatedByUserId; Type: FK CONSTRAINT; Schema: public; Owner: -
--

ALTER TABLE ONLY public.work_items
    ADD CONSTRAINT "FK_work_items_users_CreatedByUserId" FOREIGN KEY ("CreatedByUserId") REFERENCES public.users("Id") ON DELETE RESTRICT;


--
-- Name: workspace_members FK_workspace_members_users_UserId; Type: FK CONSTRAINT; Schema: public; Owner: -
--

ALTER TABLE ONLY public.workspace_members
    ADD CONSTRAINT "FK_workspace_members_users_UserId" FOREIGN KEY ("UserId") REFERENCES public.users("Id") ON DELETE CASCADE;


--
-- Name: workspace_members FK_workspace_members_workspaces_WorkspaceId; Type: FK CONSTRAINT; Schema: public; Owner: -
--

ALTER TABLE ONLY public.workspace_members
    ADD CONSTRAINT "FK_workspace_members_workspaces_WorkspaceId" FOREIGN KEY ("WorkspaceId") REFERENCES public.workspaces("Id") ON DELETE CASCADE;


--
-- Name: workspaces FK_workspaces_users_OwnerId; Type: FK CONSTRAINT; Schema: public; Owner: -
--

ALTER TABLE ONLY public.workspaces
    ADD CONSTRAINT "FK_workspaces_users_OwnerId" FOREIGN KEY ("OwnerId") REFERENCES public.users("Id") ON DELETE RESTRICT;


--
-- PostgreSQL database dump complete
--


